 
Cadence Innovus(TM) Implementation System.
Copyright 2021 Cadence Design Systems, Inc. All rights reserved worldwide.

Version:	v21.15-s110_1, built Fri Sep 23 13:08:12 PDT 2022
Options:	
Date:		Fri Jul 10 17:56:33 2026
Host:		ece.nitw.ac.in (x86_64 w/Linux 4.18.0-425.3.1.el8.x86_64) (12cores*20cpus*12th Gen Intel(R) Core(TM) i7-12700 25600KB)
OS:		Red Hat Enterprise Linux release 8.7 (Ootpa)

License:
		[17:56:33.095689] Configured Lic search path (21.01-s002): 5280@cadence

		invs	Innovus Implementation System	21.1	checkout succeeded
		8 CPU jobs allowed with the current license(s). Use setMultiCpuUsage to set your required CPU count.
Change the soft stacksize limit to 0.2%RAM (63 mbytes). Set global soft_stack_size_limit to change the value.

**INFO:  MMMC transition support version v31-84 

<CMD> set_global _enable_mmmc_by_default_flow      $CTE::mmmc_default
<CMD> suppressMessage ENCEXT-2799
<CMD> getVersion
[INFO] Loading PVS 22.20 fill procedures
<CMD> win
<CMD> encMessage warning 0
Suppress "**WARN ..." messages.
<CMD> encMessage debug 0
<CMD> is_common_ui_mode
<CMD> restoreDesign /home/msdlab/Desktop/Intern_Vignesh/09_UART_Placement/uart_top_Placement.enc.dat uart_top_pad
#% Begin load design ... (date=07/10 17:56:54, mem=1008.9M)
Set Default Input Pin Transition as 0.1 ps.
Loading design 'uart_top_pad' saved by 'Innovus' '21.15-s110_1' on 'Fri Jul 10 16:10:08 2026'.
% Begin Load MMMC data ... (date=07/10 17:56:55, mem=1011.4M)
% End Load MMMC data ... (date=07/10 17:56:55, total cpu=0:00:00.0, real=0:00:00.0, peak res=1012.1M, current mem=1012.1M)
default_rc_corner

Loading LEF file /home/msdlab/Desktop/Intern_Vignesh/09_UART_Placement/uart_top_Placement.enc.dat/libs/lef/scl18fs120_tech.lef ...

Loading LEF file /home/msdlab/Desktop/Intern_Vignesh/09_UART_Placement/uart_top_Placement.enc.dat/libs/lef/scl18fs120_std.lef ...
Set DBUPerIGU to M2 pitch 560.

Loading LEF file /home/msdlab/Desktop/Intern_Vignesh/09_UART_Placement/uart_top_Placement.enc.dat/libs/lef/tsl18cio150_4lm.lef ...

Loading LEF file /home/msdlab/Desktop/Intern_Vignesh/09_UART_Placement/uart_top_Placement.enc.dat/libs/lef/tsl180l4.lef ...
**WARN: (IMPLF-119):	LAYER 'GC' has been found in the database. Its content except ANTENNA* data will be ignored.
Review the LEF files specified in the init_lef_file variable and remove redundant definitions.
Type 'man IMPLF-119' for more detail.
**WARN: (IMPLF-119):	LAYER 'M1' has been found in the database. Its content except ANTENNA* data will be ignored.
Review the LEF files specified in the init_lef_file variable and remove redundant definitions.
Type 'man IMPLF-119' for more detail.
**WARN: (IMPLF-119):	LAYER 'V2' has been found in the database. Its content except ANTENNA* data will be ignored.
Review the LEF files specified in the init_lef_file variable and remove redundant definitions.
Type 'man IMPLF-119' for more detail.
**WARN: (IMPLF-119):	LAYER 'M2' has been found in the database. Its content except ANTENNA* data will be ignored.
Review the LEF files specified in the init_lef_file variable and remove redundant definitions.
Type 'man IMPLF-119' for more detail.
**WARN: (IMPLF-119):	LAYER 'V3' has been found in the database. Its content except ANTENNA* data will be ignored.
Review the LEF files specified in the init_lef_file variable and remove redundant definitions.
Type 'man IMPLF-119' for more detail.
**WARN: (IMPLF-119):	LAYER 'M3' has been found in the database. Its content except ANTENNA* data will be ignored.
Review the LEF files specified in the init_lef_file variable and remove redundant definitions.
Type 'man IMPLF-119' for more detail.
**WARN: (IMPLF-119):	LAYER 'TOP_V' has been found in the database. Its content except ANTENNA* data will be ignored.
Review the LEF files specified in the init_lef_file variable and remove redundant definitions.
Type 'man IMPLF-119' for more detail.
**WARN: (IMPLF-119):	LAYER 'TOP_M' has been found in the database. Its content except ANTENNA* data will be ignored.
Review the LEF files specified in the init_lef_file variable and remove redundant definitions.
Type 'man IMPLF-119' for more detail.
**WARN: (IMPLF-119):	LAYER 'OverlapCheck' has been found in the database. Its content except ANTENNA* data will be ignored.
Review the LEF files specified in the init_lef_file variable and remove redundant definitions.
Type 'man IMPLF-119' for more detail.
**ERROR: (IMPLF-223):	The LEF via 'V2' definition already exists in the database. The current definition will be ignored. Ensure that you have not specified duplicate LEF files or LEF files with duplicate via definition.
Type 'man IMPLF-223' for more detail.
**ERROR: (IMPLF-223):	The LEF via 'V3' definition already exists in the database. The current definition will be ignored. Ensure that you have not specified duplicate LEF files or LEF files with duplicate via definition.
Type 'man IMPLF-223' for more detail.
**ERROR: (IMPLF-223):	The LEF via 'VL' definition already exists in the database. The current definition will be ignored. Ensure that you have not specified duplicate LEF files or LEF files with duplicate via definition.
Type 'man IMPLF-223' for more detail.
**ERROR: (IMPLF-223):	The LEF via 'V2_cross' definition already exists in the database. The current definition will be ignored. Ensure that you have not specified duplicate LEF files or LEF files with duplicate via definition.
Type 'man IMPLF-223' for more detail.
**ERROR: (IMPLF-223):	The LEF via 'V3_cross' definition already exists in the database. The current definition will be ignored. Ensure that you have not specified duplicate LEF files or LEF files with duplicate via definition.
Type 'man IMPLF-223' for more detail.
**ERROR: (IMPLF-223):	The LEF via 'V3_TOS_N' definition already exists in the database. The current definition will be ignored. Ensure that you have not specified duplicate LEF files or LEF files with duplicate via definition.
Type 'man IMPLF-223' for more detail.
**ERROR: (IMPLF-223):	The LEF via 'V3_TOS_S' definition already exists in the database. The current definition will be ignored. Ensure that you have not specified duplicate LEF files or LEF files with duplicate via definition.
Type 'man IMPLF-223' for more detail.
**ERROR: (IMPLF-223):	The LEF via 'VL_TOS_E' definition already exists in the database. The current definition will be ignored. Ensure that you have not specified duplicate LEF files or LEF files with duplicate via definition.
Type 'man IMPLF-223' for more detail.
**ERROR: (IMPLF-223):	The LEF via 'VL_TOS_W' definition already exists in the database. The current definition will be ignored. Ensure that you have not specified duplicate LEF files or LEF files with duplicate via definition.
Type 'man IMPLF-223' for more detail.
**WARN: (IMPLF-151):	The viaRule 'V2' has been defined, the content will be skipped.
**WARN: (IMPLF-151):	The viaRule 'V3' has been defined, the content will be skipped.
**WARN: (IMPLF-151):	The viaRule 'VL' has been defined, the content will be skipped.
**WARN: (IMPLF-200):	Pin 'PAD' in macro 'apc3d01' has no ANTENNAGATEAREA value defined. The library data is incomplete and some process antenna rules will not be checked correctly.
Type 'man IMPLF-200' for more detail.
**WARN: (IMPLF-200):	Pin 'PAD' in macro 'pc3b01' has no ANTENNAGATEAREA value defined. The library data is incomplete and some process antenna rules will not be checked correctly.
Type 'man IMPLF-200' for more detail.
**WARN: (IMPLF-200):	Pin 'PAD' in macro 'pc3b01d' has no ANTENNAGATEAREA value defined. The library data is incomplete and some process antenna rules will not be checked correctly.
Type 'man IMPLF-200' for more detail.
**WARN: (IMPLF-200):	Pin 'PAD' in macro 'pc3b01u' has no ANTENNAGATEAREA value defined. The library data is incomplete and some process antenna rules will not be checked correctly.
Type 'man IMPLF-200' for more detail.
**WARN: (IMPLF-200):	Pin 'PAD' in macro 'pc3b02' has no ANTENNAGATEAREA value defined. The library data is incomplete and some process antenna rules will not be checked correctly.
Type 'man IMPLF-200' for more detail.
**WARN: (IMPLF-200):	Pin 'PAD' in macro 'pc3b02d' has no ANTENNAGATEAREA value defined. The library data is incomplete and some process antenna rules will not be checked correctly.
Type 'man IMPLF-200' for more detail.
**WARN: (IMPLF-200):	Pin 'PAD' in macro 'pc3b02u' has no ANTENNAGATEAREA value defined. The library data is incomplete and some process antenna rules will not be checked correctly.
Type 'man IMPLF-200' for more detail.
**WARN: (IMPLF-200):	Pin 'PAD' in macro 'pc3b03' has no ANTENNAGATEAREA value defined. The library data is incomplete and some process antenna rules will not be checked correctly.
Type 'man IMPLF-200' for more detail.
**WARN: (IMPLF-200):	Pin 'PAD' in macro 'pc3b03d' has no ANTENNAGATEAREA value defined. The library data is incomplete and some process antenna rules will not be checked correctly.
Type 'man IMPLF-200' for more detail.
**WARN: (IMPLF-200):	Pin 'PAD' in macro 'pc3b03ed' has no ANTENNAGATEAREA value defined. The library data is incomplete and some process antenna rules will not be checked correctly.
Type 'man IMPLF-200' for more detail.
**WARN: (IMPLF-200):	Pin 'PAD' in macro 'pc3b03u' has no ANTENNAGATEAREA value defined. The library data is incomplete and some process antenna rules will not be checked correctly.
Type 'man IMPLF-200' for more detail.
**WARN: (IMPLF-200):	Pin 'PAD' in macro 'pc3b04' has no ANTENNAGATEAREA value defined. The library data is incomplete and some process antenna rules will not be checked correctly.
Type 'man IMPLF-200' for more detail.
**WARN: (IMPLF-200):	Pin 'PAD' in macro 'pc3b04d' has no ANTENNAGATEAREA value defined. The library data is incomplete and some process antenna rules will not be checked correctly.
Type 'man IMPLF-200' for more detail.
**WARN: (IMPLF-200):	Pin 'PAD' in macro 'pc3b04u' has no ANTENNAGATEAREA value defined. The library data is incomplete and some process antenna rules will not be checked correctly.
Type 'man IMPLF-200' for more detail.
**WARN: (IMPLF-200):	Pin 'PAD' in macro 'pc3b05' has no ANTENNAGATEAREA value defined. The library data is incomplete and some process antenna rules will not be checked correctly.
Type 'man IMPLF-200' for more detail.
**WARN: (IMPLF-200):	Pin 'PAD' in macro 'pc3b05d' has no ANTENNAGATEAREA value defined. The library data is incomplete and some process antenna rules will not be checked correctly.
Type 'man IMPLF-200' for more detail.
**WARN: (IMPLF-200):	Pin 'PAD' in macro 'pc3b05u' has no ANTENNAGATEAREA value defined. The library data is incomplete and some process antenna rules will not be checked correctly.
Type 'man IMPLF-200' for more detail.
**WARN: (IMPLF-200):	Pin 'PAD' in macro 'pc3b21eu' has no ANTENNAGATEAREA value defined. The library data is incomplete and some process antenna rules will not be checked correctly.
Type 'man IMPLF-200' for more detail.
**WARN: (IMPLF-200):	Pin 'PAD' in macro 'pc3b25eu' has no ANTENNAGATEAREA value defined. The library data is incomplete and some process antenna rules will not be checked correctly.
Type 'man IMPLF-200' for more detail.
**WARN: (IMPLF-200):	Pin 'PAD' in macro 'pc3d00' has no ANTENNAGATEAREA value defined. The library data is incomplete and some process antenna rules will not be checked correctly.
Type 'man IMPLF-200' for more detail.
**WARN: (EMS-27):	Message (IMPLF-200) has exceeded the current message display limit of 20.
To increase the message display limit, refer to the product command reference manual.

##  Check design process and node:  
##  Both design process and tech node are not set.

Loading view definition file from /home/msdlab/Desktop/Intern_Vignesh/09_UART_Placement/uart_top_Placement.enc.dat/viewDefinition.tcl
Reading max_timing timing library '/home/msdlab/Desktop/Intern_Vignesh/07_UART_Floorplanning/liberty/tsl18fs120_scl_ss.lib' ...
Both ff/latch and statetable are present in cell 'lanht4'. Only ff/latch will be used to model sequential cell behavior and statetable will be ignored (File /home/msdlab/Desktop/Intern_Vignesh/07_UART_Floorplanning/liberty/tsl18fs120_scl_ss.lib, Line 104953)
Both ff/latch and statetable are present in cell 'lanht2'. Only ff/latch will be used to model sequential cell behavior and statetable will be ignored (File /home/msdlab/Desktop/Intern_Vignesh/07_UART_Floorplanning/liberty/tsl18fs120_scl_ss.lib, Line 157476)
Both ff/latch and statetable are present in cell 'lanht1'. Only ff/latch will be used to model sequential cell behavior and statetable will be ignored (File /home/msdlab/Desktop/Intern_Vignesh/07_UART_Floorplanning/liberty/tsl18fs120_scl_ss.lib, Line 288762)
Read 534 cells in library 'tsl18fs120_scl_ss' 
Reading max_timing timing library '/home/msdlab/Desktop/Intern_Vignesh/07_UART_Floorplanning/iolib/tsl18cio150_max.lib' ...
Read 93 cells in library 'tsl18cio150_max' 
Reading min_timing timing library '/home/msdlab/Desktop/Intern_Vignesh/07_UART_Floorplanning/liberty/tsl18fs120_scl_ff.lib' ...
Both ff/latch and statetable are present in cell 'lanht4'. Only ff/latch will be used to model sequential cell behavior and statetable will be ignored (File /home/msdlab/Desktop/Intern_Vignesh/07_UART_Floorplanning/liberty/tsl18fs120_scl_ff.lib, Line 104965)
Both ff/latch and statetable are present in cell 'lanht2'. Only ff/latch will be used to model sequential cell behavior and statetable will be ignored (File /home/msdlab/Desktop/Intern_Vignesh/07_UART_Floorplanning/liberty/tsl18fs120_scl_ff.lib, Line 157496)
Both ff/latch and statetable are present in cell 'lanht1'. Only ff/latch will be used to model sequential cell behavior and statetable will be ignored (File /home/msdlab/Desktop/Intern_Vignesh/07_UART_Floorplanning/liberty/tsl18fs120_scl_ff.lib, Line 288805)
Read 534 cells in library 'tsl18fs120_scl_ff' 
Reading min_timing timing library '/home/msdlab/Desktop/Intern_Vignesh/07_UART_Floorplanning/iolib/tsl18cio150_min.lib' ...
Read 93 cells in library 'tsl18cio150_min' 
Starting consistency checks on late and early library sets of delay corner 'max_delay'
late library set: max_timing
early library set: min_timing
Completed consistency checks. Status: Successful
Starting consistency checks on late and early library sets of delay corner 'min_delay'
late library set: max_timing
early library set: min_timing
Completed consistency checks. Status: Successful
*** End library_loading (cpu=0.01min, real=0.00min, mem=36.9M, fe_cpu=0.19min, fe_real=0.37min, fe_mem=1058.1M) ***
% Begin Load netlist data ... (date=07/10 17:56:55, mem=1037.0M)
*** Begin netlist parsing (mem=1058.1M) ***
**WARN: (IMPVL-159):	Pin 'VDD' of cell 'aoim22d1' is defined in LEF but not in the timing library.
Type 'man IMPVL-159' for more detail.
**WARN: (IMPVL-159):	Pin 'VSS' of cell 'aoim22d1' is defined in LEF but not in the timing library.
Type 'man IMPVL-159' for more detail.
**WARN: (IMPVL-159):	Pin 'VDD' of cell 'or04d2' is defined in LEF but not in the timing library.
Type 'man IMPVL-159' for more detail.
**WARN: (IMPVL-159):	Pin 'VSS' of cell 'or04d2' is defined in LEF but not in the timing library.
Type 'man IMPVL-159' for more detail.
**WARN: (IMPVL-159):	Pin 'VDD' of cell 'an02d1' is defined in LEF but not in the timing library.
Type 'man IMPVL-159' for more detail.
**WARN: (IMPVL-159):	Pin 'VSS' of cell 'an02d1' is defined in LEF but not in the timing library.
Type 'man IMPVL-159' for more detail.
**WARN: (IMPVL-159):	Pin 'VDD' of cell 'nd02da' is defined in LEF but not in the timing library.
Type 'man IMPVL-159' for more detail.
**WARN: (IMPVL-159):	Pin 'VSS' of cell 'nd02da' is defined in LEF but not in the timing library.
Type 'man IMPVL-159' for more detail.
**WARN: (IMPVL-159):	Pin 'VDD' of cell 'dl03d2' is defined in LEF but not in the timing library.
Type 'man IMPVL-159' for more detail.
**WARN: (IMPVL-159):	Pin 'VSS' of cell 'dl03d2' is defined in LEF but not in the timing library.
Type 'man IMPVL-159' for more detail.
**WARN: (IMPVL-159):	Pin 'VDD' of cell 'invtd7' is defined in LEF but not in the timing library.
Type 'man IMPVL-159' for more detail.
**WARN: (IMPVL-159):	Pin 'VSS' of cell 'invtd7' is defined in LEF but not in the timing library.
Type 'man IMPVL-159' for more detail.
**WARN: (IMPVL-159):	Pin 'VDD' of cell 'slnht2' is defined in LEF but not in the timing library.
Type 'man IMPVL-159' for more detail.
**WARN: (IMPVL-159):	Pin 'VSS' of cell 'slnht2' is defined in LEF but not in the timing library.
Type 'man IMPVL-159' for more detail.
**WARN: (IMPVL-159):	Pin 'VDD' of cell 'aoim22d2' is defined in LEF but not in the timing library.
Type 'man IMPVL-159' for more detail.
**WARN: (IMPVL-159):	Pin 'VSS' of cell 'aoim22d2' is defined in LEF but not in the timing library.
Type 'man IMPVL-159' for more detail.
**WARN: (IMPVL-159):	Pin 'VDD' of cell 'mffnrb2' is defined in LEF but not in the timing library.
Type 'man IMPVL-159' for more detail.
**WARN: (IMPVL-159):	Pin 'VSS' of cell 'mffnrb2' is defined in LEF but not in the timing library.
Type 'man IMPVL-159' for more detail.
**WARN: (IMPVL-159):	Pin 'VDD' of cell 'nr03d7' is defined in LEF but not in the timing library.
Type 'man IMPVL-159' for more detail.
**WARN: (IMPVL-159):	Pin 'VSS' of cell 'nr03d7' is defined in LEF but not in the timing library.
Type 'man IMPVL-159' for more detail.
**WARN: (EMS-27):	Message (IMPVL-159) has exceeded the current message display limit of 20.
To increase the message display limit, refer to the product command reference manual.
Pin 'VDD' of cell 'pvdi' is declared as power/ground in LEF but as signal in timing library.  Treat it as power/ground.
Pin 'VDDC' of cell 'pvdc' is declared as power/ground in LEF but as signal in timing library.  Treat it as power/ground.
Pin 'VDDO' of cell 'pvda' is declared as power/ground in LEF but as signal in timing library.  Treat it as power/ground.
Pin 'VSS' of cell 'pv0i' is declared as power/ground in LEF but as signal in timing library.  Treat it as power/ground.
Pin 'VSS' of cell 'pv0f' is declared as power/ground in LEF but as signal in timing library.  Treat it as power/ground.
Pin 'VSSC' of cell 'pv0c' is declared as power/ground in LEF but as signal in timing library.  Treat it as power/ground.
Pin 'VSSO' of cell 'pv0a' is declared as power/ground in LEF but as signal in timing library.  Treat it as power/ground.
Pin 'AVDD' of cell 'apvdi' is declared as power/ground in LEF but as signal in timing library.  Treat it as power/ground.
Pin 'AVDDO' of cell 'apvda' is declared as power/ground in LEF but as signal in timing library.  Treat it as power/ground.
Pin 'AVSS' of cell 'apv0i' is declared as power/ground in LEF but as signal in timing library.  Treat it as power/ground.
Pin 'AVSSO' of cell 'apv0a' is declared as power/ground in LEF but as signal in timing library.  Treat it as power/ground.
Created 627 new cells from 4 timing libraries.
Reading netlist ...
Backslashed names will retain backslash and a trailing blank character.
Reading verilogBinary netlist '/home/msdlab/Desktop/Intern_Vignesh/09_UART_Placement/uart_top_Placement.enc.dat/uart_top_pad.v.bin'

*** Memory Usage v#1 (Current mem = 1065.152M, initial mem = 483.863M) ***
*** End netlist parsing (cpu=0:00:00.0, real=0:00:00.0, mem=1065.2M) ***
% End Load netlist data ... (date=07/10 17:56:55, total cpu=0:00:00.0, real=0:00:00.0, peak res=1055.8M, current mem=1055.8M)
Top level cell is uart_top_pad.
Starting consistency checks on late and early library sets of delay corner 'max_delay'
late library set: max_timing
early library set: min_timing
Completed consistency checks. Status: Successful
Starting consistency checks on late and early library sets of delay corner 'min_delay'
late library set: max_timing
early library set: min_timing
Completed consistency checks. Status: Successful
Hooked 1254 DB cells to tlib cells.
Starting recursive module instantiation check.
No recursion found.
Building hierarchical netlist for Cell uart_top_pad ...
*** Netlist is unique.
** info: there are 1289 modules.
** info: there are 292 stdCell insts.
** info: there are 34 Pad insts.

*** Memory Usage v#1 (Current mem = 1110.566M, initial mem = 483.863M) ***
*info: set bottom ioPad orient R0
Reading IO assignment file "/home/msdlab/Desktop/Intern_Vignesh/09_UART_Placement/uart_top_Placement.enc.dat/libs/iofile/uart.io" ...
Adjusting Core to Left to: 50.1600. Core to Bottom to: 50.1600.
**WARN: (IMPFP-3961):	The techSite 'CO_MSTR_c' has no related standard cells in the LEF/OA library. The calculations for this site type cannot be made unless standard cell models of this type exist in the LEF/OA library. Ignore this warning if the SITE is not used by the library. Alternatively, remove the SITE definition for the LEF/OA library to avoid this message.
Type 'man IMPFP-3961' for more detail.
**WARN: (IMPFP-3961):	The techSite 'IOSite_c' has no related standard cells in the LEF/OA library. The calculations for this site type cannot be made unless standard cell models of this type exist in the LEF/OA library. Ignore this warning if the SITE is not used by the library. Alternatively, remove the SITE definition for the LEF/OA library to avoid this message.
Type 'man IMPFP-3961' for more detail.
Horizontal Layer M1 offset = 0 (derived)
Vertical Layer M2 offset = 280 (derived)
Start create_tracks
Generated pitch 0.56 in M3 is different from 0.84 defined in technology file in preferred direction.
Pre-connect netlist-defined P/G connections...
  Updated 8 instances.
Loading preference file /home/msdlab/Desktop/Intern_Vignesh/09_UART_Placement/uart_top_Placement.enc.dat/gui.pref.tcl ...
**WARN: (IMPOPT-3602):	The specified path group name reg2reg is not defined.
Type 'man IMPOPT-3602' for more detail.
Effort level <high> specified for reg2reg path_group
addRing command will ignore shorts while creating rings.
addRing command will disallow rings to go over rows.
addRing command will consider rows while creating rings.
The ring targets are set to core/block ring wires.
addStripe will allow jog to connect padcore ring and block ring.

Stripes will not extend to closest target.
When breaking rings, the power planner will consider the existence of blocks.
addStripe will break automatically at non-default domains when generating global stripes over the core area or default domain.
The entire stripe set will break at the domain if one of the nets is not in the domain.
Stripes will not be created over regions without power planning wires.
Offset for stripe breaking is set to 0.
Stripes will stop at the boundary of the specified area.
The power planner will set stripe antenna targets to none (no trimming allowed).
Change floorplan default-technical-site to 'CoreSite'.
*Info: initialize multi-corner CTS.
Total number of combinational cells: 321
Total number of sequential cells: 203
Total number of tristate cells: 10
Total number of level shifter cells: 0
Total number of power gating cells: 0
Total number of isolation cells: 0
Total number of power switch cells: 0
Total number of pulse generator cells: 0
Total number of always on buffers: 0
Total number of retention cells: 0
List of usable buffers: bufbd7 buffd2 bufbdf buffda buffd3 bufbda buffd4 bufbd4 bufbd1 bufbd3 buffd7 buffd1 bufbd2
Total number of usable buffers: 13
List of unusable buffers:
Total number of unusable buffers: 0
List of usable inverters: inv0d2 inv0da invbda invbdk inv0d1 inv0d7 invbd4 inv0d0 invbd2 inv0d4 invbd7 invbdf
Total number of usable inverters: 12
List of unusable inverters:
Total number of unusable inverters: 0
List of identified usable delay cells: dl04d1 dl03d1 dl02d2 dl03d4 dl04d2 dl02d1 dl01d4 bufbdk dl04d4 dl02d4 dl01d2 dl01d1 dl03d2
Total number of identified usable delay cells: 13
List of identified unusable delay cells:
Total number of identified unusable delay cells: 0
**ERROR: (TCLCMD-1097):	The -early_opcond_library 'tsl18fs120_scl_ff.lib' specified in create_delay_corner -name 'max_delay' not found
Reading floorplan file - /home/msdlab/Desktop/Intern_Vignesh/09_UART_Placement/uart_top_Placement.enc.dat/uart_top_pad.fp.gz (mem = 1359.7M).
% Begin Load floorplan data ... (date=07/10 17:56:56, mem=1344.2M)
*info: reset 352 existing net BottomPreferredLayer and AvoidDetour
Pre-connect netlist-defined P/G connections...
  Updated 8 instances.
Deleting old partition specification.
Set FPlanBox to (0 0 1265000 1265000)
**WARN: (IMPFP-3961):	The techSite 'CO_MSTR_c' has no related standard cells in the LEF/OA library. The calculations for this site type cannot be made unless standard cell models of this type exist in the LEF/OA library. Ignore this warning if the SITE is not used by the library. Alternatively, remove the SITE definition for the LEF/OA library to avoid this message.
Type 'man IMPFP-3961' for more detail.
**WARN: (IMPFP-3961):	The techSite 'IOSite_c' has no related standard cells in the LEF/OA library. The calculations for this site type cannot be made unless standard cell models of this type exist in the LEF/OA library. Ignore this warning if the SITE is not used by the library. Alternatively, remove the SITE definition for the LEF/OA library to avoid this message.
Type 'man IMPFP-3961' for more detail.
Horizontal Layer M1 offset = 0 (derived)
Vertical Layer M2 offset = 280 (derived)
Start create_tracks
Generated pitch 0.56 in M3 is different from 0.84 defined in technology file in preferred direction.
 ... processed partition successfully.
Reading binary special route file /home/msdlab/Desktop/Intern_Vignesh/09_UART_Placement/uart_top_Placement.enc.dat/uart_top_pad.fp.spr.gz (Created by Innovus v21.15-s110_1 on Fri Jul 10 16:10:08 2026, version: 1)
Ending "Read special route file" (total cpu=0:00:00.0, real=0:00:00.0, peak res=1344.2M, current mem=1344.2M)
There are 120 io inst loaded
Extracting standard cell pins and blockage ...... 
Pin and blockage extraction finished
% End Load floorplan data ... (date=07/10 17:56:56, total cpu=0:00:00.0, real=0:00:00.0, peak res=1347.0M, current mem=1346.9M)
Reading congestion map file /home/msdlab/Desktop/Intern_Vignesh/09_UART_Placement/uart_top_Placement.enc.dat/uart_top_pad.route.congmap.gz ...
% Begin Load SymbolTable ... (date=07/10 17:56:56, mem=1346.9M)
Un-suppress "**WARN ..." messages.
% End Load SymbolTable ... (date=07/10 17:56:56, total cpu=0:00:00.0, real=0:00:00.0, peak res=1349.4M, current mem=1349.4M)
Loading place ...
% Begin Load placement data ... (date=07/10 17:56:56, mem=1349.4M)
Reading placement file - /home/msdlab/Desktop/Intern_Vignesh/09_UART_Placement/uart_top_Placement.enc.dat/uart_top_pad.place.gz.
** Reading stdCellPlacement_binary (Created by Innovus v21.15-s110_1 on Fri Jul 10 16:10:08 2026, version# 2) ...
Read Views for adaptive view pruning ...
Read 0 views from Binary DB for adaptive view pruning
*** Completed restorePlace (cpu=0:00:00.0 real=0:00:00.0 mem=1364.7M) ***
Total net length = 1.655e+04 (8.006e+03 8.540e+03) (ext = 0.000e+00)
% End Load placement data ... (date=07/10 17:56:56, total cpu=0:00:00.0, real=0:00:00.0, peak res=1350.1M, current mem=1350.1M)
Reading PG file /home/msdlab/Desktop/Intern_Vignesh/09_UART_Placement/uart_top_Placement.enc.dat/uart_top_pad.pg.gz, version#2, (Created by Innovus v21.15-s110_1 on       Fri Jul 10 16:10:08 2026)
*** Completed restorePGFile (cpu=0:00:00.0 real=0:00:00.0 mem=1360.7M) ***
% Begin Load routing data ... (date=07/10 17:56:56, mem=1350.4M)
Reading routing file - /home/msdlab/Desktop/Intern_Vignesh/09_UART_Placement/uart_top_Placement.enc.dat/uart_top_pad.route.gz.
Reading Innovus routing data (Created by Innovus v21.15-s110_1 on Fri Jul 10 16:10:08 2026 Format: 20.1) ...
*** Total 352 nets are successfully restored.
*** Completed restoreRoute (cpu=0:00:00.0 real=0:00:00.0 mem=1361.7M) ***
% End Load routing data ... (date=07/10 17:56:56, total cpu=0:00:00.0, real=0:00:00.0, peak res=1351.9M, current mem=1351.1M)
TAT_INFO: restoreCongMap REAL = 0 : CPU = 0 : MEM = 0.
Reading property file /home/msdlab/Desktop/Intern_Vignesh/09_UART_Placement/uart_top_Placement.enc.dat/uart_top_pad.prop
*** Completed restoreProperty (cpu=0:00:00.0 real=0:00:00.0 mem=1364.7M) ***
Set Default Input Pin Transition as 0.1 ps.
Extraction setup Started 
Initializing multi-corner RC extraction with 1 active RC Corners ...
**WARN: (IMPEXT-2773):	The via resistance between layers M0 and M1 could not be determined from the LEF technology file because the via resistance specification is missing. A default of 4 Ohms will be used as via resistance between these layers.
Type 'man IMPEXT-2773' for more detail.
**WARN: (IMPEXT-2776):	The via resistance between layers M1 and M2 is not defined in the capacitance table file. The via resistance of 6 Ohms defined in the LEF technology file will be used as via resistance between these layers.
Type 'man IMPEXT-2776' for more detail.
**WARN: (IMPEXT-2776):	The via resistance between layers M2 and M3 is not defined in the capacitance table file. The via resistance of 6 Ohms defined in the LEF technology file will be used as via resistance between these layers.
Type 'man IMPEXT-2776' for more detail.
**WARN: (IMPEXT-2776):	The via resistance between layers M3 and M4 is not defined in the capacitance table file. The via resistance of 2.5 Ohms defined in the LEF technology file will be used as via resistance between these layers.
Type 'man IMPEXT-2776' for more detail.
**WARN: (IMPEXT-2766):	The sheet resistance for layer M1 is not defined in the cap table. Therefore, the LEF value 0.08 will be used instead. To avoid this message, update the relevant cap table to include the sheet resistance for the specified layer and read it back in.
**WARN: (IMPEXT-2766):	The sheet resistance for layer M2 is not defined in the cap table. Therefore, the LEF value 0.08 will be used instead. To avoid this message, update the relevant cap table to include the sheet resistance for the specified layer and read it back in.
**WARN: (IMPEXT-2766):	The sheet resistance for layer M3 is not defined in the cap table. Therefore, the LEF value 0.08 will be used instead. To avoid this message, update the relevant cap table to include the sheet resistance for the specified layer and read it back in.
**WARN: (IMPEXT-2766):	The sheet resistance for layer M4 is not defined in the cap table. Therefore, the LEF value 0.04 will be used instead. To avoid this message, update the relevant cap table to include the sheet resistance for the specified layer and read it back in.
Summary of Active RC-Corners : 
 
 Analysis View: worst
    RC-Corner Name        : default_rc_corner
    RC-Corner Index       : 0
    RC-Corner Temperature : 25 Celsius
    RC-Corner Cap Table   : ''
    RC-Corner PreRoute Res Factor         : 1
    RC-Corner PreRoute Cap Factor         : 1
    RC-Corner PostRoute Res Factor        : 1 {1 1 1}
    RC-Corner PostRoute Cap Factor        : 1 {1 1 1}
    RC-Corner PostRoute XCap Factor       : 1 {1 1 1}
    RC-Corner PreRoute Clock Res Factor   : 1	[Derived from Cap Table]
    RC-Corner PreRoute Clock Cap Factor   : 1	[Derived from Cap Table]
    RC-Corner PostRoute Clock Cap Factor  : 1 {1 1 1} 	[Derived from postRoute_cap (effortLevel low)]
    RC-Corner PostRoute Clock Res Factor  : 1 {1 1 1} 	[Derived from postRoute_res (effortLevel low)]
    RC-Corner PostRoute Clock coupling capacitance Factor : 1 {1 1 1} 
 
 Analysis View: best
    RC-Corner Name        : default_rc_corner
    RC-Corner Index       : 0
    RC-Corner Temperature : 25 Celsius
    RC-Corner Cap Table   : ''
    RC-Corner PreRoute Res Factor         : 1
    RC-Corner PreRoute Cap Factor         : 1
    RC-Corner PostRoute Res Factor        : 1 {1 1 1}
    RC-Corner PostRoute Cap Factor        : 1 {1 1 1}
    RC-Corner PostRoute XCap Factor       : 1 {1 1 1}
    RC-Corner PreRoute Clock Res Factor   : 1	[Derived from Cap Table]
    RC-Corner PreRoute Clock Cap Factor   : 1	[Derived from Cap Table]
    RC-Corner PostRoute Clock Cap Factor  : 1 {1 1 1} 	[Derived from postRoute_cap (effortLevel low)]
    RC-Corner PostRoute Clock Res Factor  : 1 {1 1 1} 	[Derived from postRoute_res (effortLevel low)]
    RC-Corner PostRoute Clock coupling capacitance Factor : 1 {1 1 1} 
Updating RC grid for preRoute extraction ...
Initializing multi-corner resistance tables ...
Loading rc congestion map /home/msdlab/Desktop/Intern_Vignesh/09_UART_Placement/uart_top_Placement.enc.dat/uart_top_pad.congmap.gz ...
Start generating vias ..
#Skip building auto via since it is not turned on.
Extracting standard cell pins and blockage ...... 
Pin and blockage extraction finished
Via generation completed.
% Begin Load power constraints ... (date=07/10 17:56:56, mem=1360.1M)
'set_default_switching_activity' finished successfully.
% End Load power constraints ... (date=07/10 17:56:56, total cpu=0:00:00.0, real=0:00:00.0, peak res=1367.2M, current mem=1367.2M)
max_delay min_delay
% Begin load AAE data ... (date=07/10 17:56:56, mem=1373.7M)
AAE DB initialization (MEM=1407.68 CPU=0:00:00.0 REAL=0:00:00.0) 
% End load AAE data ... (date=07/10 17:56:57, total cpu=0:00:00.4, real=0:00:01.0, peak res=1380.3M, current mem=1380.3M)
Total number of combinational cells: 321
Total number of sequential cells: 203
Total number of tristate cells: 10
Total number of level shifter cells: 0
Total number of power gating cells: 0
Total number of isolation cells: 0
Total number of power switch cells: 0
Total number of pulse generator cells: 0
Total number of always on buffers: 0
Total number of retention cells: 0
List of usable buffers: bufbd7 buffd2 bufbdf buffda buffd3 bufbda buffd4 bufbd4 bufbd1 bufbd3 buffd7 buffd1 bufbd2
Total number of usable buffers: 13
List of unusable buffers:
Total number of unusable buffers: 0
List of usable inverters: inv0d2 inv0da invbda invbdk inv0d1 inv0d7 invbd4 inv0d0 invbd2 inv0d4 invbd7 invbdf
Total number of usable inverters: 12
List of unusable inverters:
Total number of unusable inverters: 0
List of identified usable delay cells: dl04d1 dl03d1 dl02d2 dl03d4 dl04d2 dl02d1 dl01d4 bufbdk dl04d4 dl02d4 dl01d2 dl01d1 dl03d2
Total number of identified usable delay cells: 13
List of identified unusable delay cells:
Total number of identified unusable delay cells: 0
**WARN: (IMPCTE-107):	The following globals have been obsoleted since version . They will be removed in the next release. 
timing_enable_separate_device_slew_effect_sensitivities
#% End load design ... (date=07/10 17:56:57, total cpu=0:00:02.2, real=0:00:03.0, peak res=1404.2M, current mem=1380.8M)

*** Summary of all messages that are not suppressed in this session:
Severity  ID               Count  Summary                                  
WARNING   IMPLF-151            3  The viaRule '%s' has been defined, the c...
WARNING   IMPLF-200           49  Pin '%s' in macro '%s' has no ANTENNAGAT...
ERROR     IMPLF-223            9  The LEF via '%s' definition already exis...
WARNING   IMPLF-119            9  LAYER '%s' has been found in the databas...
WARNING   IMPFP-3961           4  The techSite '%s' has no related standar...
WARNING   IMPEXT-2766          4  The sheet resistance for layer %s is not...
WARNING   IMPEXT-2773          1  The via resistance between layers %s and...
WARNING   IMPEXT-2776          3  The via resistance between layers %s and...
WARNING   IMPVL-159         1435  Pin '%s' of cell '%s' is defined in LEF ...
WARNING   IMPOPT-3602          1  The specified path group name %s is not ...
WARNING   IMPCTE-107           1  The following globals have been obsolete...
ERROR     TCLCMD-1097          1  The %s '%s' specified in create_delay_co...
*** Message Summary: 1510 warning(s), 10 error(s)

<CMD> setDrawView fplan
<CMD> encMessage warning 1
<CMD> encMessage debug 0
<CMD> setNanoRouteMode -quiet -routeInsertAntennaDiode 1
<CMD> setNanoRouteMode -quiet -routeAntennaCellName ADIODE
<CMD> setNanoRouteMode -quiet -routeTopRoutingLayer 4
#WARNING (NRIF-91) Option setNanoRouteMode -routeTopRoutingLayer is obsolete. It will continue to work for the current release. To ensure compatibility with future releases, use option setDesignMode -topRoutingLayer instead.
<CMD> setNanoRouteMode -quiet -routeBottomRoutingLayer 1
#WARNING (NRIF-90) Option setNanoRouteMode -routeBottomRoutingLayer is obsolete. It will continue to work for the current release. To ensure compatibility with future releases, use option setDesignMode -bottomRoutingLayer instead.
<CMD> setNanoRouteMode -quiet -drouteEndIteration default
<CMD> setNanoRouteMode -quiet -routeWithTimingDriven false
<CMD> setNanoRouteMode -quiet -routeWithSiDriven false
<CMD> routeDesign -globalDetail
#routeDesign: cpu time = 00:00:00, elapsed time = 00:00:00, memory = 1437.21 (MB), peak = 1441.38 (MB)
AAE_INFO: Pre Route call back at the beginning of routeDesign
#**INFO: setDesignMode -flowEffort standard
#**INFO: setDesignMode -powerEffort none
#WARNING (NRIG-96) Selected single pass global detail route "-globalDetail". Clock eco and post optimizations will not be run. See "man NRIG-96" for more details.
**INFO: User settings:
setNanoRouteMode -droutePostRouteSpreadWire    1
setNanoRouteMode -extractThirdPartyCompatible  false
setNanoRouteMode -grouteExpTdStdDelay          50.6
setNanoRouteMode -routeAntennaCellName         ADIODE
setNanoRouteMode -routeBottomRoutingLayer      1
setNanoRouteMode -routeInsertAntennaDiode      true
setNanoRouteMode -routeTopRoutingLayer         4
setNanoRouteMode -routeWithSiDriven            false
setNanoRouteMode -routeWithTimingDriven        false
setNanoRouteMode -timingEngine                 {}
setExtractRCMode -engine                       preRoute
setDelayCalMode -enable_high_fanout            true
setDelayCalMode -engine                        aae
setDelayCalMode -ignoreNetLoad                 false
setDelayCalMode -socv_accuracy_mode            low
setSIMode -separate_delta_delay_on_data        true

#**INFO: multi-cut via swapping will not be performed after routing.
#**INFO: All auto set options tuned by routeDesign will be restored to their original settings on command completion.
Begin checking placement ... (start mem=1462.8M, init mem=1469.6M)
*info: Placed = 292           
*info: Unplaced = 0           
Placement Density:2.24%(9856/439617)
Placement Density (including fixed std cells):2.24%(9856/439617)
Finished checkPlace (total: cpu=0:00:00.0, real=0:00:00.0; vio checks: cpu=0:00:00.0, real=0:00:00.0; mem=1469.6M)
Turning off fast DC mode.

changeUseClockNetStatus Option :  -noFixedNetWires 
*** Changed status on (0) nets in Clock.
*** End changeUseClockNetStatus (cpu=0:00:00.0, real=0:00:00.0, mem=1469.6M) ***

globalDetailRoute

#Start globalDetailRoute on Fri Jul 10 17:57:53 2026
#
#create default rule from bind_ndr_rule rule=0x7f6d78645c90 0x7f6d50b0a018
#WARNING (NRIG-1303) The congestion map does not match the GCELL grid. Clearing the map.
#Invoke dbWirePreImport deleteTR=1 convert_unrouted=0 selected_only=0 (nr_selected_net=0)
#num needed restored net=0
#need_extraction net=0 (total=352)
#NanoRoute Version 21.15-s110_1 NR220912-2004/21_15-UB
#Total number of trivial nets (e.g. < 2 pins) = 31 (skipped).
#Total number of routable nets = 321.
#Total number of nets in the design = 352.
#321 routable nets do not have any wires.
#321 nets will be global routed.
#Start routing data preparation on Fri Jul 10 17:57:53 2026
#
#Minimum voltage of a net in the design = 0.000.
#Maximum voltage of a net in the design = 1.980.
#Voltage range [0.000 - 1.620] has 348 nets.
#Voltage range [1.620 - 1.980] has 2 nets.
#Voltage range [0.000 - 0.000] has 2 nets.
#Build and mark too close pins for the same net.
#Rebuild pin access data for design.
#Initial pin access analysis.
#Detail pin access analysis.
# M1           H   Track-Pitch = 0.5600    Line-2-Via Pitch = 0.4850
# M2           V   Track-Pitch = 0.5600    Line-2-Via Pitch = 0.5600
# M3           H   Track-Pitch = 0.5600    Line-2-Via Pitch = 0.5600
# TOP_M        V   Track-Pitch = 1.1200    Line-2-Via Pitch = 0.9500
#cpu time = 00:00:00, elapsed time = 00:00:00, memory = 1483.33 (MB), peak = 1516.27 (MB)
#Regenerating Ggrids automatically.
#Auto generating G-grids with size=15 tracks, using layer M2's pitch = 0.5600.
#Using automatically generated G-grids.
#(check_and_prepare_match_target_file) no match_target_file in constraint. quit
#Done routing data preparation.
#cpu time = 00:00:00, elapsed time = 00:00:00, memory = 1485.88 (MB), peak = 1516.27 (MB)
#
#Finished routing data preparation on Fri Jul 10 17:57:54 2026
#
#Cpu time = 00:00:00
#Elapsed time = 00:00:00
#Increased memory = 11.44 (MB)
#Total memory = 1485.88 (MB)
#Peak memory = 1516.27 (MB)
#
#
#Start global routing on Fri Jul 10 17:57:54 2026
#
#
#Start global routing initialization on Fri Jul 10 17:57:54 2026
#
#Number of eco nets is 0
#
#Start global routing data preparation on Fri Jul 10 17:57:54 2026
#
#Start routing resource analysis on Fri Jul 10 17:57:54 2026
#
#Routing resource analysis is done on Fri Jul 10 17:57:54 2026
#
#  Resource Analysis:
#
#               Routing  #Avail      #Track     #Total     %Gcell
#  Layer      Direction   Track     Blocked      Gcell    Blocked
#  --------------------------------------------------------------
#  M1             H         593        1665       22801    64.36%
#  M2             V         783        1475       22801    63.28%
#  M3             H         761        1497       22801    63.43%
#  TOP_M          V         348         780       22801    64.10%
#  --------------------------------------------------------------
#  Total                   2486      68.61%       91204    63.79%
#
#
#
#
#Global routing data preparation is done on Fri Jul 10 17:57:54 2026
#
#cpu time = 00:00:00, elapsed time = 00:00:00, memory = 1487.52 (MB), peak = 1516.27 (MB)
#
#
#Global routing initialization is done on Fri Jul 10 17:57:54 2026
#
#cpu time = 00:00:00, elapsed time = 00:00:00, memory = 1487.52 (MB), peak = 1516.27 (MB)
#
#start global routing iteration 1...
#cpu time = 00:00:00, elapsed time = 00:00:00, memory = 1491.55 (MB), peak = 1516.27 (MB)
#
#start global routing iteration 2...
#cpu time = 00:00:00, elapsed time = 00:00:00, memory = 1491.55 (MB), peak = 1516.27 (MB)
#
#start global routing iteration 3...
#cpu time = 00:00:00, elapsed time = 00:00:00, memory = 1491.55 (MB), peak = 1516.27 (MB)
#
#
#Total number of trivial nets (e.g. < 2 pins) = 31 (skipped).
#Total number of routable nets = 321.
#Total number of nets in the design = 352.
#
#321 routable nets have routed wires.
#
#Routed nets constraints summary:
#-----------------------------
#        Rules   Unconstrained  
#-----------------------------
#      Default             321  
#-----------------------------
#        Total             321  
#-----------------------------
#
#Routing constraints summary of the whole design:
#-----------------------------
#        Rules   Unconstrained  
#-----------------------------
#      Default             321  
#-----------------------------
#        Total             321  
#-----------------------------
#
#
#  Congestion Analysis: (blocked Gcells are excluded)
#
#                 OverCon          
#                  #Gcell    %Gcell
#     Layer           (1)   OverCon
#  --------------------------------
#  M1            0(0.00%)   (0.00%)
#  M2            0(0.00%)   (0.00%)
#  M3            0(0.00%)   (0.00%)
#  TOP_M        10(0.12%)   (0.12%)
#  --------------------------------
#     Total     10(0.03%)   (0.03%)
#
#  The worst congested Gcell overcon (routing demand over resource in number of tracks) = 1
#  Overflow after GR: 0.00% H + 0.03% V
#
#Hotspot report including placement blocked areas
[hotspot] +----------------+-------------------+-------------------+-------------------------------------+
[hotspot] |      layer     |    max hotspot    |   total hotspot   |            hotspot bbox             |
[hotspot] +----------------+-------------------+-------------------+-------------------------------------+
[hotspot] |       M1(H)    |              0.00 |              0.00 |   (none)                            |
[hotspot] |       M2(V)    |              0.00 |              0.00 |   (none)                            |
[hotspot] |       M3(H)    |              0.00 |              0.00 |   (none)                            |
[hotspot] |    TOP_M(V)    |              0.00 |              0.00 |   (none)                            |
[hotspot] +----------------+-------------------+-------------------+-------------------------------------+
[hotspot] |      worst     |              0.00 |              0.00 |                                     |
[hotspot] +----------------+-------------------+-------------------+-------------------------------------+
[hotspot] |   all layers   |              0.44 |              0.44 |                                     |
[hotspot] +----------------+-------------------+-------------------+-------------------------------------+
Local HotSpot Analysis (blockage included) (3d): normalized congestion max/total hotspot area = 0.44/0.44 (area is in unit of 4 std-cell row bins)
[hotspot] top 1 congestion hotspot bounding boxes and scores of all layers hotspot
[hotspot] +-----+-------------------------------------+---------------+
[hotspot] | top |            hotspot bbox             | hotspot score |
[hotspot] +-----+-------------------------------------+---------------+
[hotspot] |  1  |   246.40   694.39   291.19   739.20 |        0.44   |
[hotspot] +-----+-------------------------------------+---------------+
#Complete Global Routing.
#Total wire length = 17430 um.
#Total half perimeter of net bounding box = 17246 um.
#Total wire length on LAYER M1 = 1176 um.
#Total wire length on LAYER M2 = 8324 um.
#Total wire length on LAYER M3 = 7560 um.
#Total wire length on LAYER TOP_M = 370 um.
#Total number of vias = 1563
#Up-Via Summary (total 1563):
#           
#-----------------------
# M1               1001
# M2                542
# M3                 20
#-----------------------
#                  1563 
#
#Max overcon = 1 tracks.
#Total overcon = 0.03%.
#Worst layer Gcell overcon rate = 0.12%.
#
#Global routing statistics:
#Cpu time = 00:00:00
#Elapsed time = 00:00:00
#Increased memory = 6.37 (MB)
#Total memory = 1492.25 (MB)
#Peak memory = 1516.27 (MB)
#
#Finished global routing on Fri Jul 10 17:57:54 2026
#
#
#cpu time = 00:00:00, elapsed time = 00:00:00, memory = 1491.29 (MB), peak = 1516.27 (MB)
#Start Track Assignment.
#Done with 395 horizontal wires in 5 hboxes and 414 vertical wires in 5 hboxes.
#Done with 62 horizontal wires in 5 hboxes and 73 vertical wires in 5 hboxes.
#Done with 5 horizontal wires in 5 hboxes and 5 vertical wires in 5 hboxes.
#
#Track assignment summary:
# layer   (wire length)   (overlap)     (long ovlp)	(with obs/pg/clk)  
#------------------------------------------------------------------------
# M1          1181.56 	  0.00%  	  0.00% 	  0.00%
# M2          8349.32 	  0.02%  	  0.00% 	  0.02%
# M3          7513.52 	  0.04%  	  0.00% 	  0.02%
# TOP_M        366.16 	  0.00%  	  0.00% 	  0.00%
#------------------------------------------------------------------------
# All       17410.56  	  0.02% 	  0.00% 	  0.00%
#Complete Track Assignment.
#Total wire length = 17306 um.
#Total half perimeter of net bounding box = 17246 um.
#Total wire length on LAYER M1 = 1179 um.
#Total wire length on LAYER M2 = 8287 um.
#Total wire length on LAYER M3 = 7478 um.
#Total wire length on LAYER TOP_M = 362 um.
#Total number of vias = 1563
#Up-Via Summary (total 1563):
#           
#-----------------------
# M1               1001
# M2                542
# M3                 20
#-----------------------
#                  1563 
#
#cpu time = 00:00:00, elapsed time = 00:00:00, memory = 1491.44 (MB), peak = 1516.27 (MB)
#
#Routing data preparation, pin analysis, global routing and track assignment statistics:
#Cpu time = 00:00:00
#Elapsed time = 00:00:00
#Increased memory = 17.00 (MB)
#Total memory = 1491.44 (MB)
#Peak memory = 1516.27 (MB)
#
#Start Detail Routing..
#start initial detail routing ...
#   number of violations = 0
#cpu time = 00:00:01, elapsed time = 00:00:01, memory = 1498.66 (MB), peak = 1523.91 (MB)
#Complete Detail Routing.
#Total wire length = 18358 um.
#Total half perimeter of net bounding box = 17246 um.
#Total wire length on LAYER M1 = 2065 um.
#Total wire length on LAYER M2 = 9230 um.
#Total wire length on LAYER M3 = 6725 um.
#Total wire length on LAYER TOP_M = 337 um.
#Total number of vias = 1551
#Up-Via Summary (total 1551):
#           
#-----------------------
# M1               1048
# M2                487
# M3                 16
#-----------------------
#                  1551 
#
#Total number of DRC violations = 0
#Cpu time = 00:00:01
#Elapsed time = 00:00:01
#Increased memory = 7.22 (MB)
#Total memory = 1498.66 (MB)
#Peak memory = 1523.91 (MB)
#
#start routing for process antenna violation fix ...
#WARNING (NRDB-104) Cannot find antenna cell. Please set option 'route_antenna_cell_name', or change your LEF file.
#cpu time = 00:00:00, elapsed time = 00:00:00, memory = 1497.19 (MB), peak = 1523.91 (MB)
#
#Total wire length = 18363 um.
#Total half perimeter of net bounding box = 17246 um.
#Total wire length on LAYER M1 = 2065 um.
#Total wire length on LAYER M2 = 9198 um.
#Total wire length on LAYER M3 = 6728 um.
#Total wire length on LAYER TOP_M = 372 um.
#Total number of vias = 1567
#Up-Via Summary (total 1567):
#           
#-----------------------
# M1               1048
# M2                495
# M3                 24
#-----------------------
#                  1567 
#
#Total number of DRC violations = 0
#Total number of process antenna violations = 0
#Total number of net violated process antenna rule = 0
#
#WARNING (NRDB-104) Cannot find antenna cell. Please set option 'route_antenna_cell_name', or change your LEF file.
#WARNING (NRDB-104) Cannot find antenna cell. Please set option 'route_antenna_cell_name', or change your LEF file.
#
#Total wire length = 18363 um.
#Total half perimeter of net bounding box = 17246 um.
#Total wire length on LAYER M1 = 2065 um.
#Total wire length on LAYER M2 = 9198 um.
#Total wire length on LAYER M3 = 6728 um.
#Total wire length on LAYER TOP_M = 372 um.
#Total number of vias = 1567
#Up-Via Summary (total 1567):
#           
#-----------------------
# M1               1048
# M2                495
# M3                 24
#-----------------------
#                  1567 
#
#Total number of DRC violations = 0
#Total number of process antenna violations = 0
#Total number of net violated process antenna rule = 0
#
#
#Start Post Route wire spreading..
#
#Start DRC checking..
#   number of violations = 0
#cpu time = 00:00:00, elapsed time = 00:00:00, memory = 1498.12 (MB), peak = 1523.91 (MB)
#CELL_VIEW uart_top_pad,init has no DRC violation.
#Total number of DRC violations = 0
#Total number of process antenna violations = 0
#Total number of net violated process antenna rule = 0
#
#Start data preparation for wire spreading...
#
#Data preparation is done on Fri Jul 10 17:57:55 2026
#
#
#Start Post Route Wire Spread.
#Done with 72 horizontal wires in 10 hboxes and 56 vertical wires in 10 hboxes.
#Complete Post Route Wire Spread.
#
#Total wire length = 18494 um.
#Total half perimeter of net bounding box = 17246 um.
#Total wire length on LAYER M1 = 2073 um.
#Total wire length on LAYER M2 = 9248 um.
#Total wire length on LAYER M3 = 6799 um.
#Total wire length on LAYER TOP_M = 374 um.
#Total number of vias = 1567
#Up-Via Summary (total 1567):
#           
#-----------------------
# M1               1048
# M2                495
# M3                 24
#-----------------------
#                  1567 
#
#
#Start DRC checking..
#   number of violations = 0
#cpu time = 00:00:00, elapsed time = 00:00:00, memory = 1498.41 (MB), peak = 1523.91 (MB)
#CELL_VIEW uart_top_pad,init has no DRC violation.
#Total number of DRC violations = 0
#Total number of process antenna violations = 0
#Total number of net violated process antenna rule = 0
#WARNING (NRDB-104) Cannot find antenna cell. Please set option 'route_antenna_cell_name', or change your LEF file.
#   number of violations = 0
#cpu time = 00:00:00, elapsed time = 00:00:00, memory = 1498.41 (MB), peak = 1523.91 (MB)
#CELL_VIEW uart_top_pad,init has no DRC violation.
#Total number of DRC violations = 0
#Total number of process antenna violations = 0
#Total number of net violated process antenna rule = 0
#Post Route wire spread is done.
#Total wire length = 18494 um.
#Total half perimeter of net bounding box = 17246 um.
#Total wire length on LAYER M1 = 2073 um.
#Total wire length on LAYER M2 = 9248 um.
#Total wire length on LAYER M3 = 6799 um.
#Total wire length on LAYER TOP_M = 374 um.
#Total number of vias = 1567
#Up-Via Summary (total 1567):
#           
#-----------------------
# M1               1048
# M2                495
# M3                 24
#-----------------------
#                  1567 
#
#detailRoute Statistics:
#Cpu time = 00:00:01
#Elapsed time = 00:00:01
#Increased memory = 6.97 (MB)
#Total memory = 1498.41 (MB)
#Peak memory = 1523.91 (MB)
#	no debugging net set
#
#globalDetailRoute statistics:
#Cpu time = 00:00:02
#Elapsed time = 00:00:02
#Increased memory = 57.36 (MB)
#Total memory = 1506.37 (MB)
#Peak memory = 1523.91 (MB)
#Number of warnings = 5
#Total number of warnings = 8
#Number of fails = 0
#Total number of fails = 0
#Complete globalDetailRoute on Fri Jul 10 17:57:55 2026
#
#Default setup view is reset to worst.
#Default setup view is reset to worst.
AAE_INFO: Post Route call back at the end of routeDesign
#routeDesign: cpu time = 00:00:02, elapsed time = 00:00:02, memory = 1505.46 (MB), peak = 1523.91 (MB)
*** Message Summary: 0 warning(s), 0 error(s)

<CMD> zoomBox -49.77400 109.54900 1332.93200 1114.90800 designview.win
<CMD> zoomBox 56.75900 178.28000 1232.05900 1032.83500 designview.win
<CMD> zoomBox 330.87000 394.77100 944.38500 840.85500 designview.win
<CMD> zoomBox 375.00000 433.42900 896.48800 812.60100 designview.win
<CMD> zoomBox 444.95700 494.64300 821.73300 768.59500 designview.win
<CMD> zoomBox 472.27900 518.55000 792.53800 751.40900 designview.win
<CMD> zoomBox 515.24100 556.14200 746.63000 724.38400 designview.win
<CMD> panPage 0 1 designview.win
<CMD> panPage 0 1 designview.win
<CMD> panPage 0 -1 designview.win
<CMD> panPage 0 -1 designview.win
<CMD> panPage 0 -1 designview.win
<CMD> panPage 0 -1 designview.win
<CMD> panPage 0 -1 designview.win
<CMD> zoomBox 493.74900 391.23100 765.97200 589.16300 designview.win
<CMD> zoomBox 468.46500 375.35800 788.72800 608.22000 designview.win
<CMD> zoomBox 362.55200 308.86900 884.04900 688.04700 designview.win
<CMD> zoomBox 257.13200 242.68800 978.92800 767.50300 designview.win
<CMD> zoomBox 111.22000 151.08700 1110.24800 877.47600 designview.win
<CMD> zoomBox 18.43100 92.83600 1193.75800 947.41100 designview.win
<CMD> zoomBox -219.16000 -56.31900 1407.59000 1126.48400 designview.win
<CMD> redirect -quiet {set honorDomain [getAnalysisMode -honorClockDomains]} > /dev/null
<CMD> timeDesign -postRoute -pathReports -drvReports -slackReports -numPaths 500 -prefix uart_top_pad_postRoute -outDir timingReports
Switching SI Aware to true by default in postroute mode   
AAE_INFO: switching -siAware from false to true ...
AAE_INFO: The setting is changed from false to true in setDelayCalMode -SIAware

**ERROR: (IMPOPT-7027):	The analysis mode needs to be set to 'OCV' in post route stage for post route timing & optimization. To avoid this message & allow post route steps to proceed set 'setAnalysisMode -analysisType onChipVariation'. It is also recommended to set '-cppr both' alongside this to remove clock re-convergence pessimism for both setup and hold modes.

<CMD> redirect -quiet {set honorDomain [getAnalysisMode -honorClockDomains]} > /dev/null
<CMD> timeDesign -postRoute -hold -pathReports -slackReports -numPaths 500 -prefix uart_top_pad_postRoute -outDir timingReports_hold

**ERROR: (IMPOPT-7027):	The analysis mode needs to be set to 'OCV' in post route stage for post route timing & optimization. To avoid this message & allow post route steps to proceed set 'setAnalysisMode -analysisType onChipVariation'. It is also recommended to set '-cppr both' alongside this to remove clock re-convergence pessimism for both setup and hold modes.

<CMD> zoomBox 121.69900 1066.77600 137.27000 1073.74900 designview.win
<CMD> zoomBox 127.23700 1069.32600 134.14600 1072.42000 designview.win
<CMD> zoomBox 129.34500 1070.29700 132.95400 1071.91300 designview.win
<CMD> deselectAll
<CMD> selectInst corner_3
<CMD> ::highlight inst:uart_top_pad/corner_3 -index 1
<CMD> ::highlight inst:uart_top_pad/corner_3 -index 1
<CMD> ::highlight inst:uart_top_pad/corner_3 -index 1
<CMD> deselectAll
<CMD> selectInst corner_4
<CMD> ::highlight inst:uart_top_pad/corner_4 -index 1
<CMD> deselectAll
<CMD> selectInst corner_2
<CMD> ::highlight inst:uart_top_pad/corner_2 -index 1
<CMD> deselectAll
<CMD> selectInst corner_1
<CMD> ::highlight inst:uart_top_pad/corner_1 -index 1
<CMD> gui_select -rect {991.43500 -61.23900 297.69500 155.93100}
<CMD> deselectAll
<CMD> gui_select -rect {985.40200 -25.04400 295.68500 174.02900}
<CMD> gui_select -rect {265.52200 -14.99000 1005.51000 121.74700}
<CMD> selectInst pv0a_VSSO_CORE_1
<CMD> selectInst pvda_VDDO_CORE_1
<CMD> selectInst pv0i_VSS_CORE_1
<CMD> selectInst pvdi_VDD_CORE_1
<CMD> ::highlight inst:uart_top_pad/pvdi_VDD_CORE_1 -index 8
<CMD> deselectAll
<CMD> selectInst pv0i_VSS_CORE_1
<CMD> ::highlight inst:uart_top_pad/pv0i_VSS_CORE_1 -index 8
<CMD> deselectAll
<CMD> selectInst pvda_VDDO_CORE_1
<CMD> zoomBox 904.96900 31.26000 900.94700 73.48700
<CMD> fit
<CMD> deselectAll
<CMD> selectInst pvda_VDDO_CORE_1
<CMD> ::highlight inst:uart_top_pad/pvda_VDDO_CORE_1 -index 8
<CMD> deselectAll
<CMD> selectInst pv0a_VSSO_CORE_1
<CMD> ::highlight inst:uart_top_pad/pv0a_VSSO_CORE_1 -index 8
<CMD> deselectAll
<CMD> selectInst pv0a_VSSO_CORE_2
<CMD> ::highlight inst:uart_top_pad/pv0a_VSSO_CORE_2 -index 8
<CMD> deselectAll
<CMD> selectInst pvda_VDDO_CORE_2
<CMD> ::highlight inst:uart_top_pad/pvda_VDDO_CORE_2 -index 8
<CMD> deselectAll
<CMD> selectInst pv0i_VSS_CORE_2
<CMD> ::highlight inst:uart_top_pad/pv0i_VSS_CORE_2 -index 8
<CMD> deselectAll
<CMD> selectInst pvdi_VDD_CORE_2
<CMD> ::highlight inst:uart_top_pad/pvdi_VDD_CORE_2 -index 8
<CMD> deselectAll
<CMD> selectInst {g_tx_data_pads[7].u_pad_tx_data}
<CMD> ::highlight {{inst:uart_top_pad/g_tx_data_pads\[7\].u_pad_tx_data}} -index 57
<CMD> ::dehighlight {{inst:uart_top_pad/g_tx_data_pads\[7\].u_pad_tx_data}}
<CMD> deselectAll
<CMD> gui_select -rect {1316.89700 249.75600 1146.60800 919.55800} -win designview.win
<CMD> gui_select -rect {1302.30100 932.53200 1125.52500 275.70500} -win designview.win
<CMD> deselectAll
<CMD> gui_select -rect {1696.39700 6.48700 -439.50700 1386.63500} -win designview.win
<CMD> ui_view_box
<CMD> ui_view_box
<CMD> dbquery -area {-806.595 -63.25 2071.595 1328.25} -objType inst
<CMD> dbquery -area {-806.595 -63.25 2071.595 1328.25} -objType regular
<CMD> dbquery -area {-806.595 -63.25 2071.595 1328.25} -objType special
<CMD> selectInst u_pad_framing_error
<CMD> selectObject Pin u_pad_framing_error/PAD
<CMD> selectObject Pin u_pad_framing_error/I
<CMD> selectInst {g_tx_data_pads[4].u_pad_tx_data}
<CMD> selectObject Pin {g_tx_data_pads[4].u_pad_tx_data/CIN}
<CMD> selectObject Pin {g_tx_data_pads[4].u_pad_tx_data/PAD}
<CMD> selectObject Pin u_pad_rx_serial/CIN
<CMD> selectObject Pin u_pad_rx_serial/PAD
<CMD> selectInst u_uart_top/u_uart_tx/FE_OFC52_baud_tick_16x
<CMD> selectObject Pin u_uart_top/u_uart_tx/FE_OFC52_baud_tick_16x/Z
<CMD> selectObject Pin u_uart_top/u_uart_tx/FE_OFC52_baud_tick_16x/I
<CMD> selectInst u_uart_top/u_baud_gen/g351__7482
<CMD> selectObject Pin u_uart_top/u_baud_gen/g351__7482/Z
<CMD> selectObject Pin u_uart_top/u_baud_gen/g351__7482/A2
<CMD> selectObject Pin u_uart_top/u_baud_gen/g351__7482/A1
<CMD> selectInst u_uart_top/u_baud_gen/g344__5122
<CMD> selectObject Pin u_uart_top/u_baud_gen/g344__5122/S
<CMD> selectObject Pin u_uart_top/u_baud_gen/g344__5122/CO
<CMD> selectObject Pin u_uart_top/u_baud_gen/g344__5122/B
<CMD> selectObject Pin u_uart_top/u_baud_gen/g344__5122/A
<CMD> selectInst {u_uart_top/u_baud_gen/count_reg[0]}
<CMD> selectObject Pin {u_uart_top/u_baud_gen/count_reg[0]/Q}
<CMD> selectObject Pin {u_uart_top/u_baud_gen/count_reg[0]/D}
<CMD> selectObject Pin {u_uart_top/u_baud_gen/count_reg[0]/CP}
<CMD> selectObject Pin {u_uart_top/u_baud_gen/count_reg[0]/CDN}
<CMD> selectInst {u_uart_top/u_baud_gen/count_reg[3]}
<CMD> selectObject Pin {u_uart_top/u_baud_gen/count_reg[3]/Q}
<CMD> selectObject Pin {u_uart_top/u_baud_gen/count_reg[3]/D}
<CMD> selectObject Pin {u_uart_top/u_baud_gen/count_reg[3]/CP}
<CMD> selectObject Pin {u_uart_top/u_baud_gen/count_reg[3]/CDN}
<CMD> selectInst u_pad_tx_busy
<CMD> selectObject Pin u_pad_tx_busy/PAD
<CMD> selectObject Pin u_pad_tx_busy/I
<CMD> selectInst FE_FILLER_W_0
<CMD> selectInst FE_FILLER_W_1
<CMD> selectObject Pin u_pad_tx_start/CIN
<CMD> selectObject Pin u_pad_tx_start/PAD
<CMD> selectObject Pin u_pad_rst_n/CIN
<CMD> selectObject Pin u_pad_rst_n/PAD
<CMD> selectObject Pin u_pad_clk/CIN
<CMD> selectObject Pin u_pad_clk/PAD
<CMD> selectObject Pin u_clkbuf/CP
<CMD> selectObject Pin u_clkbuf/CCLK
<CMD> selectInst u_uart_top/u_uart_tx/FE_OFC33_tx_start_core
<CMD> selectObject Pin u_uart_top/u_uart_tx/FE_OFC33_tx_start_core/Z
<CMD> selectObject Pin u_uart_top/u_uart_tx/FE_OFC33_tx_start_core/I
<CMD> selectInst u_uart_top/u_uart_tx/FE_OFC51_tx_start_core
<CMD> selectObject Pin u_uart_top/u_uart_tx/FE_OFC51_tx_start_core/Z
<CMD> selectObject Pin u_uart_top/u_uart_tx/FE_OFC51_tx_start_core/I
<CMD> selectInst u_uart_top/FE_OFC22_rst_n_core
<CMD> selectObject Pin u_uart_top/FE_OFC22_rst_n_core/ZN
<CMD> selectObject Pin u_uart_top/FE_OFC22_rst_n_core/I
<CMD> selectInst u_uart_top/FE_OFC49_rst_n_core
<CMD> selectObject Pin u_uart_top/FE_OFC49_rst_n_core/Z
<CMD> selectObject Pin u_uart_top/FE_OFC49_rst_n_core/I
<CMD> selectInst FE_OFC17_clk_pad_to_buf
<CMD> selectObject Pin FE_OFC17_clk_pad_to_buf/Z
<CMD> selectObject Pin FE_OFC17_clk_pad_to_buf/I
<CMD> selectInst FE_OFC46_clk_pad_to_buf
<CMD> selectObject Pin FE_OFC46_clk_pad_to_buf/Z
<CMD> selectObject Pin FE_OFC46_clk_pad_to_buf/I
<CMD> selectInst FE_FILLER_W_2
<CMD> selectInst FE_FILLER_W_3
<CMD> selectInst FE_FILLER_W_4
<CMD> selectInst FE_FILLER_W_5
<CMD> selectInst FE_FILLER_W_6
<CMD> selectInst FE_FILLER_W_7
<CMD> selectInst FE_FILLER_W_8
<CMD> selectInst FE_FILLER_W_9
<CMD> selectInst u_pad_tx_serial
<CMD> selectObject Pin u_pad_tx_serial/PAD
<CMD> selectObject Pin u_pad_tx_serial/I
<CMD> selectInst u_pad_rx_done
<CMD> selectObject Pin u_pad_rx_done/PAD
<CMD> selectObject Pin u_pad_rx_done/I
<CMD> selectInst u_pad_parity_error
<CMD> selectObject Pin u_pad_parity_error/PAD
<CMD> selectObject Pin u_pad_parity_error/I
<CMD> selectInst u_uart_top/u_uart_rx/rx_sync_ff1_reg
<CMD> selectObject Pin u_uart_top/u_uart_rx/rx_sync_ff1_reg/SDN
<CMD> selectObject Pin u_uart_top/u_uart_rx/rx_sync_ff1_reg/QN
<CMD> selectObject Pin u_uart_top/u_uart_rx/rx_sync_ff1_reg/Q
<CMD> selectObject Pin u_uart_top/u_uart_rx/rx_sync_ff1_reg/D
<CMD> selectObject Pin u_uart_top/u_uart_rx/rx_sync_ff1_reg/CP
<CMD> selectInst u_uart_top/u_uart_rx/rx_done_reg
<CMD> selectObject Pin u_uart_top/u_uart_rx/rx_done_reg/Q
<CMD> selectObject Pin u_uart_top/u_uart_rx/rx_done_reg/D
<CMD> selectObject Pin u_uart_top/u_uart_rx/rx_done_reg/CP
<CMD> selectObject Pin u_uart_top/u_uart_rx/rx_done_reg/CDN
<CMD> selectInst u_uart_top/u_uart_rx/FE_OFC38_rx_sync_ff1
<CMD> selectObject Pin u_uart_top/u_uart_rx/FE_OFC38_rx_sync_ff1/Z
<CMD> selectObject Pin u_uart_top/u_uart_rx/FE_OFC38_rx_sync_ff1/I
<CMD> selectInst u_uart_top/u_baud_gen/g2__4733
<CMD> selectObject Pin u_uart_top/u_baud_gen/g2__4733/Z
<CMD> selectObject Pin u_uart_top/u_baud_gen/g2__4733/A2
<CMD> selectObject Pin u_uart_top/u_baud_gen/g2__4733/A1
<CMD> selectInst {u_uart_top/u_baud_gen/count_reg[1]}
<CMD> selectObject Pin {u_uart_top/u_baud_gen/count_reg[1]/Q}
<CMD> selectObject Pin {u_uart_top/u_baud_gen/count_reg[1]/D}
<CMD> selectObject Pin {u_uart_top/u_baud_gen/count_reg[1]/CP}
<CMD> selectObject Pin {u_uart_top/u_baud_gen/count_reg[1]/CDN}
<CMD> selectInst u_uart_top/u_baud_gen/baud_tick_16x_reg
<CMD> selectObject Pin u_uart_top/u_baud_gen/baud_tick_16x_reg/Q
<CMD> selectObject Pin u_uart_top/u_baud_gen/baud_tick_16x_reg/D
<CMD> selectObject Pin u_uart_top/u_baud_gen/baud_tick_16x_reg/CP
<CMD> selectObject Pin u_uart_top/u_baud_gen/baud_tick_16x_reg/CDN
<CMD> selectInst {u_uart_top/u_baud_gen/count_reg[2]}
<CMD> selectObject Pin {u_uart_top/u_baud_gen/count_reg[2]/Q}
<CMD> selectObject Pin {u_uart_top/u_baud_gen/count_reg[2]/D}
<CMD> selectObject Pin {u_uart_top/u_baud_gen/count_reg[2]/CP}
<CMD> selectObject Pin {u_uart_top/u_baud_gen/count_reg[2]/CDN}
<CMD> selectInst u_uart_top/FE_OFC23_rst_n_core
<CMD> selectObject Pin u_uart_top/FE_OFC23_rst_n_core/ZN
<CMD> selectObject Pin u_uart_top/FE_OFC23_rst_n_core/I
<CMD> selectInst u_uart_top/FE_OFC40_clk_core
<CMD> selectObject Pin u_uart_top/FE_OFC40_clk_core/Z
<CMD> selectObject Pin u_uart_top/FE_OFC40_clk_core/I
<CMD> selectInst FE_OFC21_parity_error_core
<CMD> selectObject Pin FE_OFC21_parity_error_core/ZN
<CMD> selectObject Pin FE_OFC21_parity_error_core/I
<CMD> selectInst FE_OFC27_rx_done_core
<CMD> selectObject Pin FE_OFC27_rx_done_core/ZN
<CMD> selectObject Pin FE_OFC27_rx_done_core/I
<CMD> selectInst FE_OFC28_rx_done_core
<CMD> selectObject Pin FE_OFC28_rx_done_core/ZN
<CMD> selectObject Pin FE_OFC28_rx_done_core/I
<CMD> selectInst FE_OFC31_tx_busy_core
<CMD> selectObject Pin FE_OFC31_tx_busy_core/Z
<CMD> selectObject Pin FE_OFC31_tx_busy_core/I
<CMD> selectInst FE_OFC50_rx_done_core
<CMD> selectObject Pin FE_OFC50_rx_done_core/Z
<CMD> selectObject Pin FE_OFC50_rx_done_core/I
<CMD> selectInst {g_tx_data_pads[0].u_pad_tx_data}
<CMD> selectObject Pin {g_tx_data_pads[0].u_pad_tx_data/CIN}
<CMD> selectObject Pin {g_tx_data_pads[0].u_pad_tx_data/PAD}
<CMD> selectInst FE_FILLER_E_2
<CMD> selectInst FE_FILLER_E_3
<CMD> selectInst u_uart_top/u_uart_tx/FE_OFC16_tx_data_core_0
<CMD> selectObject Pin u_uart_top/u_uart_tx/FE_OFC16_tx_data_core_0/Z
<CMD> selectObject Pin u_uart_top/u_uart_tx/FE_OFC16_tx_data_core_0/I
<CMD> selectInst u_uart_top/u_uart_rx/FE_OFC29_rx_serial_core
<CMD> selectObject Pin u_uart_top/u_uart_rx/FE_OFC29_rx_serial_core/Z
<CMD> selectObject Pin u_uart_top/u_uart_rx/FE_OFC29_rx_serial_core/I
<CMD> selectInst u_uart_top/u_uart_tx/g2149__2346
<CMD> selectObject Pin u_uart_top/u_uart_tx/g2149__2346/Z
<CMD> selectObject Pin u_uart_top/u_uart_tx/g2149__2346/S1
<CMD> selectObject Pin u_uart_top/u_uart_tx/g2149__2346/S0
<CMD> selectObject Pin u_uart_top/u_uart_tx/g2149__2346/I3
<CMD> selectObject Pin u_uart_top/u_uart_tx/g2149__2346/I2
<CMD> selectObject Pin u_uart_top/u_uart_tx/g2149__2346/I1
<CMD> selectObject Pin u_uart_top/u_uart_tx/g2149__2346/I0
<CMD> selectInst {u_uart_top/u_uart_tx/data_reg_reg[7]}
<CMD> selectObject Pin {u_uart_top/u_uart_tx/data_reg_reg[7]/Q}
<CMD> selectObject Pin {u_uart_top/u_uart_tx/data_reg_reg[7]/ENN}
<CMD> selectObject Pin {u_uart_top/u_uart_tx/data_reg_reg[7]/D}
<CMD> selectObject Pin {u_uart_top/u_uart_tx/data_reg_reg[7]/CP}
<CMD> selectObject Pin {u_uart_top/u_uart_tx/data_reg_reg[7]/CDN}
<CMD> selectInst {u_uart_top/u_uart_tx/data_reg_reg[5]}
<CMD> selectObject Pin {u_uart_top/u_uart_tx/data_reg_reg[5]/Q}
<CMD> selectObject Pin {u_uart_top/u_uart_tx/data_reg_reg[5]/ENN}
<CMD> selectObject Pin {u_uart_top/u_uart_tx/data_reg_reg[5]/D}
<CMD> selectObject Pin {u_uart_top/u_uart_tx/data_reg_reg[5]/CP}
<CMD> selectObject Pin {u_uart_top/u_uart_tx/data_reg_reg[5]/CDN}
<CMD> selectInst {u_uart_top/u_uart_tx/data_reg_reg[4]}
<CMD> selectObject Pin {u_uart_top/u_uart_tx/data_reg_reg[4]/Q}
<CMD> selectObject Pin {u_uart_top/u_uart_tx/data_reg_reg[4]/ENN}
<CMD> selectObject Pin {u_uart_top/u_uart_tx/data_reg_reg[4]/D}
<CMD> selectObject Pin {u_uart_top/u_uart_tx/data_reg_reg[4]/CP}
<CMD> selectObject Pin {u_uart_top/u_uart_tx/data_reg_reg[4]/CDN}
<CMD> selectInst {u_uart_top/u_uart_tx/data_reg_reg[1]}
<CMD> selectObject Pin {u_uart_top/u_uart_tx/data_reg_reg[1]/Q}
<CMD> selectObject Pin {u_uart_top/u_uart_tx/data_reg_reg[1]/ENN}
<CMD> selectObject Pin {u_uart_top/u_uart_tx/data_reg_reg[1]/D}
<CMD> selectObject Pin {u_uart_top/u_uart_tx/data_reg_reg[1]/CP}
<CMD> selectObject Pin {u_uart_top/u_uart_tx/data_reg_reg[1]/CDN}
<CMD> selectInst {u_uart_top/u_uart_tx/data_reg_reg[0]}
<CMD> selectObject Pin {u_uart_top/u_uart_tx/data_reg_reg[0]/Q}
<CMD> selectObject Pin {u_uart_top/u_uart_tx/data_reg_reg[0]/ENN}
<CMD> selectObject Pin {u_uart_top/u_uart_tx/data_reg_reg[0]/D}
<CMD> selectObject Pin {u_uart_top/u_uart_tx/data_reg_reg[0]/CP}
<CMD> selectObject Pin {u_uart_top/u_uart_tx/data_reg_reg[0]/CDN}
<CMD> selectInst u_uart_top/u_baud_gen/g2
<CMD> selectObject Pin u_uart_top/u_baud_gen/g2/ZN
<CMD> selectObject Pin u_uart_top/u_baud_gen/g2/C2
<CMD> selectObject Pin u_uart_top/u_baud_gen/g2/C1
<CMD> selectObject Pin u_uart_top/u_baud_gen/g2/B
<CMD> selectObject Pin u_uart_top/u_baud_gen/g2/A
<CMD> selectInst u_uart_top/u_baud_gen/g353__6161
<CMD> selectObject Pin u_uart_top/u_baud_gen/g353__6161/ZN
<CMD> selectObject Pin u_uart_top/u_baud_gen/g353__6161/A2
<CMD> selectObject Pin u_uart_top/u_baud_gen/g353__6161/A1
<CMD> selectInst u_uart_top/u_baud_gen/g350__5115
<CMD> selectObject Pin u_uart_top/u_baud_gen/g350__5115/ZN
<CMD> selectObject Pin u_uart_top/u_baud_gen/g350__5115/A2
<CMD> selectObject Pin u_uart_top/u_baud_gen/g350__5115/A1
<CMD> selectInst u_uart_top/u_baud_gen/g349__1881
<CMD> selectObject Pin u_uart_top/u_baud_gen/g349__1881/ZN
<CMD> selectObject Pin u_uart_top/u_baud_gen/g349__1881/A2
<CMD> selectObject Pin u_uart_top/u_baud_gen/g349__1881/A1
<CMD> selectInst u_uart_top/u_baud_gen/g348__6131
<CMD> selectObject Pin u_uart_top/u_baud_gen/g348__6131/ZN
<CMD> selectObject Pin u_uart_top/u_baud_gen/g348__6131/A3
<CMD> selectObject Pin u_uart_top/u_baud_gen/g348__6131/A2
<CMD> selectObject Pin u_uart_top/u_baud_gen/g348__6131/A1
<CMD> selectInst u_uart_top/u_baud_gen/g347__7098
<CMD> selectObject Pin u_uart_top/u_baud_gen/g347__7098/ZN
<CMD> selectObject Pin u_uart_top/u_baud_gen/g347__7098/A2
<CMD> selectObject Pin u_uart_top/u_baud_gen/g347__7098/A1
<CMD> selectInst u_uart_top/u_baud_gen/g346__8246
<CMD> selectObject Pin u_uart_top/u_baud_gen/g346__8246/ZN
<CMD> selectObject Pin u_uart_top/u_baud_gen/g346__8246/A2
<CMD> selectObject Pin u_uart_top/u_baud_gen/g346__8246/A1
<CMD> selectInst u_uart_top/u_baud_gen/g342__1705
<CMD> selectObject Pin u_uart_top/u_baud_gen/g342__1705/Z
<CMD> selectObject Pin u_uart_top/u_baud_gen/g342__1705/A4
<CMD> selectObject Pin u_uart_top/u_baud_gen/g342__1705/A3
<CMD> selectObject Pin u_uart_top/u_baud_gen/g342__1705/A2
<CMD> selectObject Pin u_uart_top/u_baud_gen/g342__1705/A1
<CMD> selectInst u_uart_top/u_baud_gen/g340__2802
<CMD> selectObject Pin u_uart_top/u_baud_gen/g340__2802/ZN
<CMD> selectObject Pin u_uart_top/u_baud_gen/g340__2802/A2
<CMD> selectObject Pin u_uart_top/u_baud_gen/g340__2802/A1
<CMD> selectInst u_uart_top/u_baud_gen/g338__1617
<CMD> selectObject Pin u_uart_top/u_baud_gen/g338__1617/S
<CMD> selectObject Pin u_uart_top/u_baud_gen/g338__1617/CO
<CMD> selectObject Pin u_uart_top/u_baud_gen/g338__1617/B
<CMD> selectObject Pin u_uart_top/u_baud_gen/g338__1617/A
<CMD> selectInst u_uart_top/u_baud_gen/g334__3680
<CMD> selectObject Pin u_uart_top/u_baud_gen/g334__3680/S
<CMD> selectObject Pin u_uart_top/u_baud_gen/g334__3680/CO
<CMD> selectObject Pin u_uart_top/u_baud_gen/g334__3680/B
<CMD> selectObject Pin u_uart_top/u_baud_gen/g334__3680/A
<CMD> selectInst {u_uart_top/u_baud_gen/count_reg[4]}
<CMD> selectObject Pin {u_uart_top/u_baud_gen/count_reg[4]/Q}
<CMD> selectObject Pin {u_uart_top/u_baud_gen/count_reg[4]/D}
<CMD> selectObject Pin {u_uart_top/u_baud_gen/count_reg[4]/CP}
<CMD> selectObject Pin {u_uart_top/u_baud_gen/count_reg[4]/CDN}
<CMD> selectInst u_uart_top/u_baud_gen/g332__6783
<CMD> selectObject Pin u_uart_top/u_baud_gen/g332__6783/S
<CMD> selectObject Pin u_uart_top/u_baud_gen/g332__6783/CO
<CMD> selectObject Pin u_uart_top/u_baud_gen/g332__6783/B
<CMD> selectObject Pin u_uart_top/u_baud_gen/g332__6783/A
<CMD> selectInst u_uart_top/u_baud_gen/g331__5526
<CMD> selectObject Pin u_uart_top/u_baud_gen/g331__5526/Z
<CMD> selectObject Pin u_uart_top/u_baud_gen/g331__5526/A2
<CMD> selectObject Pin u_uart_top/u_baud_gen/g331__5526/A1
<CMD> selectInst {u_uart_top/u_baud_gen/count_reg[5]}
<CMD> selectObject Pin {u_uart_top/u_baud_gen/count_reg[5]/Q}
<CMD> selectObject Pin {u_uart_top/u_baud_gen/count_reg[5]/D}
<CMD> selectObject Pin {u_uart_top/u_baud_gen/count_reg[5]/CP}
<CMD> selectObject Pin {u_uart_top/u_baud_gen/count_reg[5]/CDN}
<CMD> selectInst {u_uart_top/u_baud_gen/count_reg[6]}
<CMD> selectObject Pin {u_uart_top/u_baud_gen/count_reg[6]/Q}
<CMD> selectObject Pin {u_uart_top/u_baud_gen/count_reg[6]/D}
<CMD> selectObject Pin {u_uart_top/u_baud_gen/count_reg[6]/CP}
<CMD> selectObject Pin {u_uart_top/u_baud_gen/count_reg[6]/CDN}
<CMD> selectInst u_uart_top/u_baud_gen/g325__5107
<CMD> selectObject Pin u_uart_top/u_baud_gen/g325__5107/S
<CMD> selectObject Pin u_uart_top/u_baud_gen/g325__5107/CO
<CMD> selectObject Pin u_uart_top/u_baud_gen/g325__5107/B
<CMD> selectObject Pin u_uart_top/u_baud_gen/g325__5107/A
<CMD> selectInst {u_uart_top/u_baud_gen/count_reg[7]}
<CMD> selectObject Pin {u_uart_top/u_baud_gen/count_reg[7]/Q}
<CMD> selectObject Pin {u_uart_top/u_baud_gen/count_reg[7]/D}
<CMD> selectObject Pin {u_uart_top/u_baud_gen/count_reg[7]/CP}
<CMD> selectObject Pin {u_uart_top/u_baud_gen/count_reg[7]/CDN}
<CMD> selectInst u_uart_top/u_baud_gen/g322__2398
<CMD> selectObject Pin u_uart_top/u_baud_gen/g322__2398/ZN
<CMD> selectObject Pin u_uart_top/u_baud_gen/g322__2398/A2
<CMD> selectObject Pin u_uart_top/u_baud_gen/g322__2398/A1
<CMD> selectInst {u_uart_top/u_baud_gen/count_reg[8]}
<CMD> selectObject Pin {u_uart_top/u_baud_gen/count_reg[8]/Q}
<CMD> selectObject Pin {u_uart_top/u_baud_gen/count_reg[8]/D}
<CMD> selectObject Pin {u_uart_top/u_baud_gen/count_reg[8]/CP}
<CMD> selectObject Pin {u_uart_top/u_baud_gen/count_reg[8]/CDN}
<CMD> selectInst u_uart_top/FE_OFC42_clk_core
<CMD> selectObject Pin u_uart_top/FE_OFC42_clk_core/Z
<CMD> selectObject Pin u_uart_top/FE_OFC42_clk_core/I
<CMD> selectInst u_uart_top/u_uart_tx/g2148__2883
<CMD> selectObject Pin u_uart_top/u_uart_tx/g2148__2883/ZN
<CMD> selectObject Pin u_uart_top/u_uart_tx/g2148__2883/B2
<CMD> selectObject Pin u_uart_top/u_uart_tx/g2148__2883/B1
<CMD> selectObject Pin u_uart_top/u_uart_tx/g2148__2883/A
<CMD> selectInst u_uart_top/u_uart_tx/g2146__9945
<CMD> selectObject Pin u_uart_top/u_uart_tx/g2146__9945/ZN
<CMD> selectObject Pin u_uart_top/u_uart_tx/g2146__9945/B2
<CMD> selectObject Pin u_uart_top/u_uart_tx/g2146__9945/B1
<CMD> selectObject Pin u_uart_top/u_uart_tx/g2146__9945/A
<CMD> selectInst u_uart_top/u_uart_tx/g2122__5526
<CMD> selectObject Pin u_uart_top/u_uart_tx/g2122__5526/Z
<CMD> selectObject Pin u_uart_top/u_uart_tx/g2122__5526/S
<CMD> selectObject Pin u_uart_top/u_uart_tx/g2122__5526/I1
<CMD> selectObject Pin u_uart_top/u_uart_tx/g2122__5526/I0
<CMD> selectInst {u_uart_top/u_uart_tx/tick_cnt_reg[3]}
<CMD> selectObject Pin {u_uart_top/u_uart_tx/tick_cnt_reg[3]/Q}
<CMD> selectObject Pin {u_uart_top/u_uart_tx/tick_cnt_reg[3]/D}
<CMD> selectObject Pin {u_uart_top/u_uart_tx/tick_cnt_reg[3]/CP}
<CMD> selectObject Pin {u_uart_top/u_uart_tx/tick_cnt_reg[3]/CDN}
<CMD> selectInst {u_uart_top/u_uart_tx/tick_cnt_reg[1]}
<CMD> selectObject Pin {u_uart_top/u_uart_tx/tick_cnt_reg[1]/QN}
<CMD> selectObject Pin {u_uart_top/u_uart_tx/tick_cnt_reg[1]/Q}
<CMD> selectObject Pin {u_uart_top/u_uart_tx/tick_cnt_reg[1]/D}
<CMD> selectObject Pin {u_uart_top/u_uart_tx/tick_cnt_reg[1]/CP}
<CMD> selectObject Pin {u_uart_top/u_uart_tx/tick_cnt_reg[1]/CDN}
<CMD> selectInst u_uart_top/u_uart_tx/g2179
<CMD> selectObject Pin u_uart_top/u_uart_tx/g2179/ZN
<CMD> selectObject Pin u_uart_top/u_uart_tx/g2179/I
<CMD> selectInst u_uart_top/u_uart_tx/g2175__8246
<CMD> selectObject Pin u_uart_top/u_uart_tx/g2175__8246/Z
<CMD> selectObject Pin u_uart_top/u_uart_tx/g2175__8246/A2
<CMD> selectObject Pin u_uart_top/u_uart_tx/g2175__8246/A1
<CMD> selectInst u_uart_top/u_uart_tx/g2173
<CMD> selectObject Pin u_uart_top/u_uart_tx/g2173/ZN
<CMD> selectObject Pin u_uart_top/u_uart_tx/g2173/I
<CMD> selectInst u_uart_top/u_uart_tx/g2165
<CMD> selectObject Pin u_uart_top/u_uart_tx/g2165/ZN
<CMD> selectObject Pin u_uart_top/u_uart_tx/g2165/I
<CMD> selectInst u_uart_top/u_uart_tx/g2163__5526
<CMD> selectObject Pin u_uart_top/u_uart_tx/g2163__5526/ZN
<CMD> selectObject Pin u_uart_top/u_uart_tx/g2163__5526/A2
<CMD> selectObject Pin u_uart_top/u_uart_tx/g2163__5526/A1
<CMD> selectInst u_uart_top/u_uart_tx/g2161__4319
<CMD> selectObject Pin u_uart_top/u_uart_tx/g2161__4319/ZN
<CMD> selectObject Pin u_uart_top/u_uart_tx/g2161__4319/A2
<CMD> selectObject Pin u_uart_top/u_uart_tx/g2161__4319/A1
<CMD> selectInst u_uart_top/u_uart_tx/g2159
<CMD> selectObject Pin u_uart_top/u_uart_tx/g2159/ZN
<CMD> selectObject Pin u_uart_top/u_uart_tx/g2159/I
<CMD> selectInst u_uart_top/u_uart_tx/g2154__5477
<CMD> selectObject Pin u_uart_top/u_uart_tx/g2154__5477/ZN
<CMD> selectObject Pin u_uart_top/u_uart_tx/g2154__5477/A2
<CMD> selectObject Pin u_uart_top/u_uart_tx/g2154__5477/A1
<CMD> selectInst u_uart_top/u_uart_tx/g2153__6417
<CMD> selectObject Pin u_uart_top/u_uart_tx/g2153__6417/ZN
<CMD> selectObject Pin u_uart_top/u_uart_tx/g2153__6417/A2
<CMD> selectObject Pin u_uart_top/u_uart_tx/g2153__6417/A1
<CMD> selectInst u_uart_top/u_uart_tx/g2147
<CMD> selectObject Pin u_uart_top/u_uart_tx/g2147/ZN
<CMD> selectObject Pin u_uart_top/u_uart_tx/g2147/I
<CMD> selectInst u_uart_top/u_uart_tx/g2143__4733
<CMD> selectObject Pin u_uart_top/u_uart_tx/g2143__4733/ZN
<CMD> selectObject Pin u_uart_top/u_uart_tx/g2143__4733/B2
<CMD> selectObject Pin u_uart_top/u_uart_tx/g2143__4733/B1
<CMD> selectObject Pin u_uart_top/u_uart_tx/g2143__4733/A
<CMD> selectInst u_uart_top/u_uart_tx/g2141__5115
<CMD> selectObject Pin u_uart_top/u_uart_tx/g2141__5115/Z
<CMD> selectObject Pin u_uart_top/u_uart_tx/g2141__5115/A2
<CMD> selectObject Pin u_uart_top/u_uart_tx/g2141__5115/A1
<CMD> selectInst u_uart_top/u_uart_tx/g2140__1881
<CMD> selectObject Pin u_uart_top/u_uart_tx/g2140__1881/ZN
<CMD> selectObject Pin u_uart_top/u_uart_tx/g2140__1881/B2
<CMD> selectObject Pin u_uart_top/u_uart_tx/g2140__1881/B1
<CMD> selectObject Pin u_uart_top/u_uart_tx/g2140__1881/A
<CMD> selectInst u_uart_top/u_uart_tx/g2139__6131
<CMD> selectObject Pin u_uart_top/u_uart_tx/g2139__6131/ZN
<CMD> selectObject Pin u_uart_top/u_uart_tx/g2139__6131/B2
<CMD> selectObject Pin u_uart_top/u_uart_tx/g2139__6131/B1
<CMD> selectObject Pin u_uart_top/u_uart_tx/g2139__6131/A
<CMD> selectInst u_uart_top/u_uart_tx/g2134__2802
<CMD> selectObject Pin u_uart_top/u_uart_tx/g2134__2802/ZN
<CMD> selectObject Pin u_uart_top/u_uart_tx/g2134__2802/A2
<CMD> selectObject Pin u_uart_top/u_uart_tx/g2134__2802/A1
<CMD> selectInst u_uart_top/u_uart_tx/g2133__1617
<CMD> selectObject Pin u_uart_top/u_uart_tx/g2133__1617/ZN
<CMD> selectObject Pin u_uart_top/u_uart_tx/g2133__1617/A2
<CMD> selectObject Pin u_uart_top/u_uart_tx/g2133__1617/A1
<CMD> selectInst u_uart_top/u_uart_tx/g2131__6783
<CMD> selectObject Pin u_uart_top/u_uart_tx/g2131__6783/ZN
<CMD> selectObject Pin u_uart_top/u_uart_tx/g2131__6783/A2
<CMD> selectObject Pin u_uart_top/u_uart_tx/g2131__6783/A1
<CMD> selectInst u_uart_top/u_uart_tx/g2118__5107
<CMD> selectObject Pin u_uart_top/u_uart_tx/g2118__5107/ZN
<CMD> selectObject Pin u_uart_top/u_uart_tx/g2118__5107/B2
<CMD> selectObject Pin u_uart_top/u_uart_tx/g2118__5107/B1
<CMD> selectObject Pin u_uart_top/u_uart_tx/g2118__5107/A
<CMD> selectInst u_uart_top/u_uart_tx/g2117__2398
<CMD> selectObject Pin u_uart_top/u_uart_tx/g2117__2398/ZN
<CMD> selectObject Pin u_uart_top/u_uart_tx/g2117__2398/B2
<CMD> selectObject Pin u_uart_top/u_uart_tx/g2117__2398/B1
<CMD> selectObject Pin u_uart_top/u_uart_tx/g2117__2398/A
<CMD> selectInst u_uart_top/u_uart_tx/g2113__6417
<CMD> selectObject Pin u_uart_top/u_uart_tx/g2113__6417/ZN
<CMD> selectObject Pin u_uart_top/u_uart_tx/g2113__6417/B3
<CMD> selectObject Pin u_uart_top/u_uart_tx/g2113__6417/B2
<CMD> selectObject Pin u_uart_top/u_uart_tx/g2113__6417/B1
<CMD> selectObject Pin u_uart_top/u_uart_tx/g2113__6417/A
<CMD> selectInst u_uart_top/u_uart_tx/tx_busy_reg
<CMD> selectObject Pin u_uart_top/u_uart_tx/tx_busy_reg/Q
<CMD> selectObject Pin u_uart_top/u_uart_tx/tx_busy_reg/D
<CMD> selectObject Pin u_uart_top/u_uart_tx/tx_busy_reg/CP
<CMD> selectObject Pin u_uart_top/u_uart_tx/tx_busy_reg/CDN
<CMD> selectInst {u_uart_top/u_uart_tx/tick_cnt_reg[2]}
<CMD> selectObject Pin {u_uart_top/u_uart_tx/tick_cnt_reg[2]/Q}
<CMD> selectObject Pin {u_uart_top/u_uart_tx/tick_cnt_reg[2]/D}
<CMD> selectObject Pin {u_uart_top/u_uart_tx/tick_cnt_reg[2]/CP}
<CMD> selectObject Pin {u_uart_top/u_uart_tx/tick_cnt_reg[2]/CDN}
<CMD> selectInst {u_uart_top/u_uart_tx/tick_cnt_reg[0]}
<CMD> selectObject Pin {u_uart_top/u_uart_tx/tick_cnt_reg[0]/SD}
<CMD> selectObject Pin {u_uart_top/u_uart_tx/tick_cnt_reg[0]/SC}
<CMD> selectObject Pin {u_uart_top/u_uart_tx/tick_cnt_reg[0]/Q}
<CMD> selectObject Pin {u_uart_top/u_uart_tx/tick_cnt_reg[0]/D}
<CMD> selectObject Pin {u_uart_top/u_uart_tx/tick_cnt_reg[0]/CP}
<CMD> selectObject Pin {u_uart_top/u_uart_tx/tick_cnt_reg[0]/CDN}
<CMD> selectInst u_uart_top/u_uart_tx/FE_OFC30_tx_busy_core
<CMD> selectObject Pin u_uart_top/u_uart_tx/FE_OFC30_tx_busy_core/Z
<CMD> selectObject Pin u_uart_top/u_uart_tx/FE_OFC30_tx_busy_core/I
<CMD> selectInst u_uart_top/u_uart_tx/FE_OFC39_n_21
<CMD> selectObject Pin u_uart_top/u_uart_tx/FE_OFC39_n_21/Z
<CMD> selectObject Pin u_uart_top/u_uart_tx/FE_OFC39_n_21/I
<CMD> selectInst {u_uart_top/u_uart_tx/bit_idx_reg[1]}
<CMD> selectObject Pin {u_uart_top/u_uart_tx/bit_idx_reg[1]/QN}
<CMD> selectObject Pin {u_uart_top/u_uart_tx/bit_idx_reg[1]/Q}
<CMD> selectObject Pin {u_uart_top/u_uart_tx/bit_idx_reg[1]/D}
<CMD> selectObject Pin {u_uart_top/u_uart_tx/bit_idx_reg[1]/CP}
<CMD> selectObject Pin {u_uart_top/u_uart_tx/bit_idx_reg[1]/CDN}
<CMD> selectInst u_uart_top/u_uart_tx/g2174
<CMD> selectObject Pin u_uart_top/u_uart_tx/g2174/ZN
<CMD> selectObject Pin u_uart_top/u_uart_tx/g2174/I
<CMD> selectInst u_uart_top/u_uart_tx/g2099__9315
<CMD> selectObject Pin u_uart_top/u_uart_tx/g2099__9315/Z
<CMD> selectObject Pin u_uart_top/u_uart_tx/g2099__9315/C2
<CMD> selectObject Pin u_uart_top/u_uart_tx/g2099__9315/C1
<CMD> selectObject Pin u_uart_top/u_uart_tx/g2099__9315/B2
<CMD> selectObject Pin u_uart_top/u_uart_tx/g2099__9315/B1
<CMD> selectObject Pin u_uart_top/u_uart_tx/g2099__9315/A
<CMD> selectInst {u_uart_top/u_uart_tx/state_reg[1]}
<CMD> selectObject Pin {u_uart_top/u_uart_tx/state_reg[1]/SD}
<CMD> selectObject Pin {u_uart_top/u_uart_tx/state_reg[1]/SC}
<CMD> selectObject Pin {u_uart_top/u_uart_tx/state_reg[1]/Q}
<CMD> selectObject Pin {u_uart_top/u_uart_tx/state_reg[1]/D}
<CMD> selectObject Pin {u_uart_top/u_uart_tx/state_reg[1]/CP}
<CMD> selectObject Pin {u_uart_top/u_uart_tx/state_reg[1]/CDN}
<CMD> selectInst {u_uart_top/u_uart_tx/bit_idx_reg[0]}
<CMD> selectObject Pin {u_uart_top/u_uart_tx/bit_idx_reg[0]/Q}
<CMD> selectObject Pin {u_uart_top/u_uart_tx/bit_idx_reg[0]/D}
<CMD> selectObject Pin {u_uart_top/u_uart_tx/bit_idx_reg[0]/CP}
<CMD> selectObject Pin {u_uart_top/u_uart_tx/bit_idx_reg[0]/CDN}
<CMD> selectInst u_uart_top/u_uart_tx/g2151
<CMD> selectObject Pin u_uart_top/u_uart_tx/g2151/ZN
<CMD> selectObject Pin u_uart_top/u_uart_tx/g2151/I
<CMD> selectInst u_uart_top/u_uart_tx/tx_serial_reg
<CMD> selectObject Pin u_uart_top/u_uart_tx/tx_serial_reg/SDN
<CMD> selectObject Pin u_uart_top/u_uart_tx/tx_serial_reg/QN
<CMD> selectObject Pin u_uart_top/u_uart_tx/tx_serial_reg/Q
<CMD> selectObject Pin u_uart_top/u_uart_tx/tx_serial_reg/D
<CMD> selectObject Pin u_uart_top/u_uart_tx/tx_serial_reg/CP
<CMD> selectInst {u_uart_top/u_uart_tx/data_reg_reg[2]}
<CMD> selectObject Pin {u_uart_top/u_uart_tx/data_reg_reg[2]/Q}
<CMD> selectObject Pin {u_uart_top/u_uart_tx/data_reg_reg[2]/ENN}
<CMD> selectObject Pin {u_uart_top/u_uart_tx/data_reg_reg[2]/D}
<CMD> selectObject Pin {u_uart_top/u_uart_tx/data_reg_reg[2]/CP}
<CMD> selectObject Pin {u_uart_top/u_uart_tx/data_reg_reg[2]/CDN}
<CMD> selectInst u_uart_top/u_uart_tx/FE_OFC32_tx_serial_core
<CMD> selectObject Pin u_uart_top/u_uart_tx/FE_OFC32_tx_serial_core/Z
<CMD> selectObject Pin u_uart_top/u_uart_tx/FE_OFC32_tx_serial_core/I
<CMD> selectInst u_uart_top/u_uart_tx/g2144__6161
<CMD> selectObject Pin u_uart_top/u_uart_tx/g2144__6161/ZN
<CMD> selectObject Pin u_uart_top/u_uart_tx/g2144__6161/A3
<CMD> selectObject Pin u_uart_top/u_uart_tx/g2144__6161/A2
<CMD> selectObject Pin u_uart_top/u_uart_tx/g2144__6161/A1
<CMD> selectInst u_uart_top/u_uart_tx/parity_bit_reg
<CMD> selectObject Pin u_uart_top/u_uart_tx/parity_bit_reg/Q
<CMD> selectObject Pin u_uart_top/u_uart_tx/parity_bit_reg/ENN
<CMD> selectObject Pin u_uart_top/u_uart_tx/parity_bit_reg/D
<CMD> selectObject Pin u_uart_top/u_uart_tx/parity_bit_reg/CP
<CMD> selectObject Pin u_uart_top/u_uart_tx/parity_bit_reg/CDN
<CMD> selectInst {u_uart_top/u_uart_tx/bit_idx_reg[2]}
<CMD> selectObject Pin {u_uart_top/u_uart_tx/bit_idx_reg[2]/Q}
<CMD> selectObject Pin {u_uart_top/u_uart_tx/bit_idx_reg[2]/D}
<CMD> selectObject Pin {u_uart_top/u_uart_tx/bit_idx_reg[2]/CP}
<CMD> selectObject Pin {u_uart_top/u_uart_tx/bit_idx_reg[2]/CDN}
<CMD> selectInst {u_uart_top/u_uart_tx/state_reg[2]}
<CMD> selectObject Pin {u_uart_top/u_uart_tx/state_reg[2]/QN}
<CMD> selectObject Pin {u_uart_top/u_uart_tx/state_reg[2]/Q}
<CMD> selectObject Pin {u_uart_top/u_uart_tx/state_reg[2]/D}
<CMD> selectObject Pin {u_uart_top/u_uart_tx/state_reg[2]/CP}
<CMD> selectObject Pin {u_uart_top/u_uart_tx/state_reg[2]/CDN}
<CMD> selectInst u_uart_top/u_uart_tx/g2__6131
<CMD> selectObject Pin u_uart_top/u_uart_tx/g2__6131/ZN
<CMD> selectObject Pin u_uart_top/u_uart_tx/g2__6131/A2
<CMD> selectObject Pin u_uart_top/u_uart_tx/g2__6131/A1
<CMD> selectInst u_uart_top/u_uart_tx/g2182
<CMD> selectObject Pin u_uart_top/u_uart_tx/g2182/ZN
<CMD> selectObject Pin u_uart_top/u_uart_tx/g2182/I
<CMD> selectInst u_uart_top/u_uart_tx/g2176__7098
<CMD> selectObject Pin u_uart_top/u_uart_tx/g2176__7098/Z
<CMD> selectObject Pin u_uart_top/u_uart_tx/g2176__7098/A2
<CMD> selectObject Pin u_uart_top/u_uart_tx/g2176__7098/A1
<CMD> selectInst u_uart_top/u_uart_tx/g2172__5122
<CMD> selectObject Pin u_uart_top/u_uart_tx/g2172__5122/Z
<CMD> selectObject Pin u_uart_top/u_uart_tx/g2172__5122/A2
<CMD> selectObject Pin u_uart_top/u_uart_tx/g2172__5122/A1
<CMD> selectInst u_uart_top/u_uart_tx/g2171__1705
<CMD> selectObject Pin u_uart_top/u_uart_tx/g2171__1705/Z
<CMD> selectObject Pin u_uart_top/u_uart_tx/g2171__1705/A2
<CMD> selectObject Pin u_uart_top/u_uart_tx/g2171__1705/A1
<CMD> selectInst u_uart_top/u_uart_tx/g2169__2802
<CMD> selectObject Pin u_uart_top/u_uart_tx/g2169__2802/Z
<CMD> selectObject Pin u_uart_top/u_uart_tx/g2169__2802/A2
<CMD> selectObject Pin u_uart_top/u_uart_tx/g2169__2802/A1
<CMD> selectInst u_uart_top/u_uart_tx/g2162__8428
<CMD> selectObject Pin u_uart_top/u_uart_tx/g2162__8428/ZN
<CMD> selectObject Pin u_uart_top/u_uart_tx/g2162__8428/A2
<CMD> selectObject Pin u_uart_top/u_uart_tx/g2162__8428/A1
<CMD> selectInst u_uart_top/u_uart_tx/g2158__6260
<CMD> selectObject Pin u_uart_top/u_uart_tx/g2158__6260/ZN
<CMD> selectObject Pin u_uart_top/u_uart_tx/g2158__6260/A3
<CMD> selectObject Pin u_uart_top/u_uart_tx/g2158__6260/A2
<CMD> selectObject Pin u_uart_top/u_uart_tx/g2158__6260/A1
<CMD> selectInst u_uart_top/u_uart_tx/g2157__5107
<CMD> selectObject Pin u_uart_top/u_uart_tx/g2157__5107/ZN
<CMD> selectObject Pin u_uart_top/u_uart_tx/g2157__5107/B2
<CMD> selectObject Pin u_uart_top/u_uart_tx/g2157__5107/B1
<CMD> selectObject Pin u_uart_top/u_uart_tx/g2157__5107/A
<CMD> selectInst u_uart_top/u_uart_tx/g2155
<CMD> selectObject Pin u_uart_top/u_uart_tx/g2155/ZN
<CMD> selectObject Pin u_uart_top/u_uart_tx/g2155/I
<CMD> selectInst u_uart_top/u_uart_tx/g2142__7482
<CMD> selectObject Pin u_uart_top/u_uart_tx/g2142__7482/ZN
<CMD> selectObject Pin u_uart_top/u_uart_tx/g2142__7482/B2
<CMD> selectObject Pin u_uart_top/u_uart_tx/g2142__7482/B1
<CMD> selectObject Pin u_uart_top/u_uart_tx/g2142__7482/A
<CMD> selectInst u_uart_top/u_uart_tx/g2136__5122
<CMD> selectObject Pin u_uart_top/u_uart_tx/g2136__5122/Z
<CMD> selectObject Pin u_uart_top/u_uart_tx/g2136__5122/A2
<CMD> selectObject Pin u_uart_top/u_uart_tx/g2136__5122/A1
<CMD> selectInst u_uart_top/u_uart_tx/g2108__7410
<CMD> selectObject Pin u_uart_top/u_uart_tx/g2108__7410/ZN
<CMD> selectObject Pin u_uart_top/u_uart_tx/g2108__7410/C2
<CMD> selectObject Pin u_uart_top/u_uart_tx/g2108__7410/C1
<CMD> selectObject Pin u_uart_top/u_uart_tx/g2108__7410/B
<CMD> selectObject Pin u_uart_top/u_uart_tx/g2108__7410/A
<CMD> selectInst u_uart_top/u_uart_tx/g2107__1666
<CMD> selectObject Pin u_uart_top/u_uart_tx/g2107__1666/Z
<CMD> selectObject Pin u_uart_top/u_uart_tx/g2107__1666/B2
<CMD> selectObject Pin u_uart_top/u_uart_tx/g2107__1666/B1
<CMD> selectObject Pin u_uart_top/u_uart_tx/g2107__1666/A2
<CMD> selectObject Pin u_uart_top/u_uart_tx/g2107__1666/A1
<CMD> selectInst u_uart_top/u_uart_tx/g2106
<CMD> selectObject Pin u_uart_top/u_uart_tx/g2106/ZN
<CMD> selectObject Pin u_uart_top/u_uart_tx/g2106/I
<CMD> selectInst u_uart_top/u_uart_tx/g2102__2883
<CMD> selectObject Pin u_uart_top/u_uart_tx/g2102__2883/ZN
<CMD> selectObject Pin u_uart_top/u_uart_tx/g2102__2883/A3
<CMD> selectObject Pin u_uart_top/u_uart_tx/g2102__2883/A2
<CMD> selectObject Pin u_uart_top/u_uart_tx/g2102__2883/A1
<CMD> selectInst u_uart_top/u_uart_tx/g2101__9945
<CMD> selectObject Pin u_uart_top/u_uart_tx/g2101__9945/ZN
<CMD> selectObject Pin u_uart_top/u_uart_tx/g2101__9945/B2
<CMD> selectObject Pin u_uart_top/u_uart_tx/g2101__9945/B1
<CMD> selectObject Pin u_uart_top/u_uart_tx/g2101__9945/A
<CMD> selectInst {u_uart_top/u_uart_tx/state_reg[0]}
<CMD> selectObject Pin {u_uart_top/u_uart_tx/state_reg[0]/Q}
<CMD> selectObject Pin {u_uart_top/u_uart_tx/state_reg[0]/ENN}
<CMD> selectObject Pin {u_uart_top/u_uart_tx/state_reg[0]/D}
<CMD> selectObject Pin {u_uart_top/u_uart_tx/state_reg[0]/CP}
<CMD> selectObject Pin {u_uart_top/u_uart_tx/state_reg[0]/CDN}
<CMD> selectInst u_uart_top/u_uart_tx/FE_OFC25_rst_n_core
<CMD> selectObject Pin u_uart_top/u_uart_tx/FE_OFC25_rst_n_core/Z
<CMD> selectObject Pin u_uart_top/u_uart_tx/FE_OFC25_rst_n_core/I
<CMD> selectInst u_uart_top/u_uart_tx/g2183
<CMD> selectObject Pin u_uart_top/u_uart_tx/g2183/ZN
<CMD> selectObject Pin u_uart_top/u_uart_tx/g2183/I
<CMD> selectInst u_uart_top/u_uart_tx/g2178
<CMD> selectObject Pin u_uart_top/u_uart_tx/g2178/ZN
<CMD> selectObject Pin u_uart_top/u_uart_tx/g2178/I
<CMD> selectInst u_uart_top/u_uart_tx/g2167__3680
<CMD> selectObject Pin u_uart_top/u_uart_tx/g2167__3680/Z
<CMD> selectObject Pin u_uart_top/u_uart_tx/g2167__3680/S
<CMD> selectObject Pin u_uart_top/u_uart_tx/g2167__3680/I1
<CMD> selectObject Pin u_uart_top/u_uart_tx/g2167__3680/I0
<CMD> selectInst u_uart_top/u_uart_tx/g2166__6783
<CMD> selectObject Pin u_uart_top/u_uart_tx/g2166__6783/Z
<CMD> selectObject Pin u_uart_top/u_uart_tx/g2166__6783/S
<CMD> selectObject Pin u_uart_top/u_uart_tx/g2166__6783/I1
<CMD> selectObject Pin u_uart_top/u_uart_tx/g2166__6783/I0
<CMD> selectInst u_uart_top/u_uart_tx/g2160
<CMD> selectObject Pin u_uart_top/u_uart_tx/g2160/ZN
<CMD> selectObject Pin u_uart_top/u_uart_tx/g2160/I
<CMD> selectInst u_uart_top/u_uart_tx/g2156__2398
<CMD> selectObject Pin u_uart_top/u_uart_tx/g2156__2398/ZN
<CMD> selectObject Pin u_uart_top/u_uart_tx/g2156__2398/A2
<CMD> selectObject Pin u_uart_top/u_uart_tx/g2156__2398/A1
<CMD> selectInst u_uart_top/u_uart_tx/g2152__7410
<CMD> selectObject Pin u_uart_top/u_uart_tx/g2152__7410/S
<CMD> selectObject Pin u_uart_top/u_uart_tx/g2152__7410/CO
<CMD> selectObject Pin u_uart_top/u_uart_tx/g2152__7410/B
<CMD> selectObject Pin u_uart_top/u_uart_tx/g2152__7410/A
<CMD> selectInst u_uart_top/u_uart_tx/g2145__9315
<CMD> selectObject Pin u_uart_top/u_uart_tx/g2145__9315/Z
<CMD> selectObject Pin u_uart_top/u_uart_tx/g2145__9315/S
<CMD> selectObject Pin u_uart_top/u_uart_tx/g2145__9315/I1
<CMD> selectObject Pin u_uart_top/u_uart_tx/g2145__9315/I0
<CMD> selectInst u_uart_top/u_uart_tx/g2137__8246
<CMD> selectObject Pin u_uart_top/u_uart_tx/g2137__8246/Z
<CMD> selectObject Pin u_uart_top/u_uart_tx/g2137__8246/B2
<CMD> selectObject Pin u_uart_top/u_uart_tx/g2137__8246/B1
<CMD> selectObject Pin u_uart_top/u_uart_tx/g2137__8246/A2
<CMD> selectObject Pin u_uart_top/u_uart_tx/g2137__8246/A1
<CMD> selectInst u_uart_top/u_uart_tx/g2135__1705
<CMD> selectObject Pin u_uart_top/u_uart_tx/g2135__1705/ZN
<CMD> selectObject Pin u_uart_top/u_uart_tx/g2135__1705/A2
<CMD> selectObject Pin u_uart_top/u_uart_tx/g2135__1705/A1
<CMD> selectInst u_uart_top/u_uart_tx/g2132__3680
<CMD> selectObject Pin u_uart_top/u_uart_tx/g2132__3680/ZN
<CMD> selectObject Pin u_uart_top/u_uart_tx/g2132__3680/A2
<CMD> selectObject Pin u_uart_top/u_uart_tx/g2132__3680/A1
<CMD> selectInst u_uart_top/u_uart_tx/g2121__8428
<CMD> selectObject Pin u_uart_top/u_uart_tx/g2121__8428/Z
<CMD> selectObject Pin u_uart_top/u_uart_tx/g2121__8428/B3
<CMD> selectObject Pin u_uart_top/u_uart_tx/g2121__8428/B2
<CMD> selectObject Pin u_uart_top/u_uart_tx/g2121__8428/B1
<CMD> selectObject Pin u_uart_top/u_uart_tx/g2121__8428/A
<CMD> selectInst u_uart_top/u_uart_tx/g2120__4319
<CMD> selectObject Pin u_uart_top/u_uart_tx/g2120__4319/Z
<CMD> selectObject Pin u_uart_top/u_uart_tx/g2120__4319/B3
<CMD> selectObject Pin u_uart_top/u_uart_tx/g2120__4319/B2
<CMD> selectObject Pin u_uart_top/u_uart_tx/g2120__4319/B1
<CMD> selectObject Pin u_uart_top/u_uart_tx/g2120__4319/A
<CMD> selectInst u_uart_top/u_uart_tx/g2119__6260
<CMD> selectObject Pin u_uart_top/u_uart_tx/g2119__6260/Z
<CMD> selectObject Pin u_uart_top/u_uart_tx/g2119__6260/S
<CMD> selectObject Pin u_uart_top/u_uart_tx/g2119__6260/I1
<CMD> selectObject Pin u_uart_top/u_uart_tx/g2119__6260/I0
<CMD> selectInst u_uart_top/u_uart_tx/g2114__5477
<CMD> selectObject Pin u_uart_top/u_uart_tx/g2114__5477/Z
<CMD> selectObject Pin u_uart_top/u_uart_tx/g2114__5477/S
<CMD> selectObject Pin u_uart_top/u_uart_tx/g2114__5477/I1
<CMD> selectObject Pin u_uart_top/u_uart_tx/g2114__5477/I0
<CMD> selectInst {u_uart_top/u_uart_tx/data_reg_reg[6]}
<CMD> selectObject Pin {u_uart_top/u_uart_tx/data_reg_reg[6]/Q}
<CMD> selectObject Pin {u_uart_top/u_uart_tx/data_reg_reg[6]/ENN}
<CMD> selectObject Pin {u_uart_top/u_uart_tx/data_reg_reg[6]/D}
<CMD> selectObject Pin {u_uart_top/u_uart_tx/data_reg_reg[6]/CP}
<CMD> selectObject Pin {u_uart_top/u_uart_tx/data_reg_reg[6]/CDN}
<CMD> selectInst {u_uart_top/u_uart_tx/data_reg_reg[3]}
<CMD> selectObject Pin {u_uart_top/u_uart_tx/data_reg_reg[3]/Q}
<CMD> selectObject Pin {u_uart_top/u_uart_tx/data_reg_reg[3]/ENN}
<CMD> selectObject Pin {u_uart_top/u_uart_tx/data_reg_reg[3]/D}
<CMD> selectObject Pin {u_uart_top/u_uart_tx/data_reg_reg[3]/CP}
<CMD> selectObject Pin {u_uart_top/u_uart_tx/data_reg_reg[3]/CDN}
<CMD> selectInst FE_FILLER_E_4
<CMD> selectInst FE_FILLER_E_5
<CMD> selectInst FE_FILLER_E_6
<CMD> selectInst FE_FILLER_E_7
<CMD> selectInst FE_FILLER_E_8
<CMD> selectInst FE_FILLER_E_9
<CMD> selectInst FE_FILLER_E_10
<CMD> selectInst FE_FILLER_E_11
<CMD> selectInst {g_tx_data_pads[3].u_pad_tx_data}
<CMD> selectObject Pin {g_tx_data_pads[3].u_pad_tx_data/CIN}
<CMD> selectObject Pin {g_tx_data_pads[3].u_pad_tx_data/PAD}
<CMD> selectInst {g_tx_data_pads[2].u_pad_tx_data}
<CMD> selectObject Pin {g_tx_data_pads[2].u_pad_tx_data/CIN}
<CMD> selectObject Pin {g_tx_data_pads[2].u_pad_tx_data/PAD}
<CMD> selectInst {g_tx_data_pads[1].u_pad_tx_data}
<CMD> selectObject Pin {g_tx_data_pads[1].u_pad_tx_data/CIN}
<CMD> selectObject Pin {g_tx_data_pads[1].u_pad_tx_data/PAD}
<CMD> selectInst u_uart_top/u_uart_tx/g2168__1617
<CMD> selectObject Pin u_uart_top/u_uart_tx/g2168__1617/Z
<CMD> selectObject Pin u_uart_top/u_uart_tx/g2168__1617/A2
<CMD> selectObject Pin u_uart_top/u_uart_tx/g2168__1617/A1
<CMD> selectInst u_uart_top/u_uart_tx/g2150__1666
<CMD> selectObject Pin u_uart_top/u_uart_tx/g2150__1666/Z
<CMD> selectObject Pin u_uart_top/u_uart_tx/g2150__1666/A3
<CMD> selectObject Pin u_uart_top/u_uart_tx/g2150__1666/A2
<CMD> selectObject Pin u_uart_top/u_uart_tx/g2150__1666/A1
<CMD> selectInst u_uart_top/u_uart_tx/g2138__7098
<CMD> selectObject Pin u_uart_top/u_uart_tx/g2138__7098/Z
<CMD> selectObject Pin u_uart_top/u_uart_tx/g2138__7098/A3
<CMD> selectObject Pin u_uart_top/u_uart_tx/g2138__7098/A2
<CMD> selectObject Pin u_uart_top/u_uart_tx/g2138__7098/A1
<CMD> selectInst u_uart_top/u_uart_tx/g2103__2346
<CMD> selectObject Pin u_uart_top/u_uart_tx/g2103__2346/Z
<CMD> selectObject Pin u_uart_top/u_uart_tx/g2103__2346/A3
<CMD> selectObject Pin u_uart_top/u_uart_tx/g2103__2346/A2
<CMD> selectObject Pin u_uart_top/u_uart_tx/g2103__2346/A1
<CMD> selectInst u_uart_top/u_uart_tx/FE_OFC13_tx_data_core_3
<CMD> selectObject Pin u_uart_top/u_uart_tx/FE_OFC13_tx_data_core_3/Z
<CMD> selectObject Pin u_uart_top/u_uart_tx/FE_OFC13_tx_data_core_3/I
<CMD> selectInst u_uart_top/u_uart_tx/FE_OFC14_tx_data_core_2
<CMD> selectObject Pin u_uart_top/u_uart_tx/FE_OFC14_tx_data_core_2/Z
<CMD> selectObject Pin u_uart_top/u_uart_tx/FE_OFC14_tx_data_core_2/I
<CMD> selectInst u_uart_top/u_uart_tx/FE_OFC15_tx_data_core_1
<CMD> selectObject Pin u_uart_top/u_uart_tx/FE_OFC15_tx_data_core_1/Z
<CMD> selectObject Pin u_uart_top/u_uart_tx/FE_OFC15_tx_data_core_1/I
<CMD> selectInst {g_rx_data_pads[4].u_pad_rx_data}
<CMD> selectObject Pin {g_rx_data_pads[4].u_pad_rx_data/PAD}
<CMD> selectObject Pin {g_rx_data_pads[4].u_pad_rx_data/I}
<CMD> selectInst FE_FILLER_W_17
<CMD> selectInst u_uart_top/u_uart_rx/g3513__2802
<CMD> selectObject Pin u_uart_top/u_uart_rx/g3513__2802/Z
<CMD> selectObject Pin u_uart_top/u_uart_rx/g3513__2802/S
<CMD> selectObject Pin u_uart_top/u_uart_rx/g3513__2802/I1
<CMD> selectObject Pin u_uart_top/u_uart_rx/g3513__2802/I0
<CMD> selectInst u_uart_top/u_uart_rx/g3512__1617
<CMD> selectObject Pin u_uart_top/u_uart_rx/g3512__1617/Z
<CMD> selectObject Pin u_uart_top/u_uart_rx/g3512__1617/S
<CMD> selectObject Pin u_uart_top/u_uart_rx/g3512__1617/I1
<CMD> selectObject Pin u_uart_top/u_uart_rx/g3512__1617/I0
<CMD> selectInst u_uart_top/u_uart_rx/g3509__5526
<CMD> selectObject Pin u_uart_top/u_uart_rx/g3509__5526/Z
<CMD> selectObject Pin u_uart_top/u_uart_rx/g3509__5526/S
<CMD> selectObject Pin u_uart_top/u_uart_rx/g3509__5526/I1
<CMD> selectObject Pin u_uart_top/u_uart_rx/g3509__5526/I0
<CMD> selectInst u_uart_top/u_uart_rx/g3506__6260
<CMD> selectObject Pin u_uart_top/u_uart_rx/g3506__6260/Z
<CMD> selectObject Pin u_uart_top/u_uart_rx/g3506__6260/S
<CMD> selectObject Pin u_uart_top/u_uart_rx/g3506__6260/I1
<CMD> selectObject Pin u_uart_top/u_uart_rx/g3506__6260/I0
<CMD> selectInst {u_uart_top/u_uart_rx/rx_data_reg[0]}
<CMD> selectObject Pin {u_uart_top/u_uart_rx/rx_data_reg[0]/Q}
<CMD> selectObject Pin {u_uart_top/u_uart_rx/rx_data_reg[0]/D}
<CMD> selectObject Pin {u_uart_top/u_uart_rx/rx_data_reg[0]/CP}
<CMD> selectObject Pin {u_uart_top/u_uart_rx/rx_data_reg[0]/CDN}
<CMD> selectInst {u_uart_top/u_uart_rx/data_reg_reg[4]}
<CMD> selectObject Pin {u_uart_top/u_uart_rx/data_reg_reg[4]/Q}
<CMD> selectObject Pin {u_uart_top/u_uart_rx/data_reg_reg[4]/D}
<CMD> selectObject Pin {u_uart_top/u_uart_rx/data_reg_reg[4]/CP}
<CMD> selectObject Pin {u_uart_top/u_uart_rx/data_reg_reg[4]/CDN}
<CMD> selectInst u_uart_top/u_uart_rx/FE_OFC3_rx_data_core_5
<CMD> selectObject Pin u_uart_top/u_uart_rx/FE_OFC3_rx_data_core_5/Z
<CMD> selectObject Pin u_uart_top/u_uart_rx/FE_OFC3_rx_data_core_5/I
<CMD> selectInst FE_FILLER_W_10
<CMD> selectInst FE_FILLER_W_11
<CMD> selectInst FE_FILLER_W_12
<CMD> selectInst FE_FILLER_W_13
<CMD> selectInst FE_FILLER_W_14
<CMD> selectInst FE_FILLER_W_15
<CMD> selectInst FE_FILLER_W_16
<CMD> selectInst pvda_VDDO_CORE_2
<CMD> selectInst pv0i_VSS_CORE_2
<CMD> selectInst pvdi_VDD_CORE_2
<CMD> selectInst FE_OFC20_parity_error_core
<CMD> selectObject Pin FE_OFC20_parity_error_core/ZN
<CMD> selectObject Pin FE_OFC20_parity_error_core/I
<CMD> selectInst u_uart_top/u_uart_rx/framing_error_reg
<CMD> selectObject Pin u_uart_top/u_uart_rx/framing_error_reg/Q
<CMD> selectObject Pin u_uart_top/u_uart_rx/framing_error_reg/D
<CMD> selectObject Pin u_uart_top/u_uart_rx/framing_error_reg/CP
<CMD> selectObject Pin u_uart_top/u_uart_rx/framing_error_reg/CDN
<CMD> selectInst u_uart_top/u_uart_rx/parity_error_reg
<CMD> selectObject Pin u_uart_top/u_uart_rx/parity_error_reg/Q
<CMD> selectObject Pin u_uart_top/u_uart_rx/parity_error_reg/D
<CMD> selectObject Pin u_uart_top/u_uart_rx/parity_error_reg/CP
<CMD> selectObject Pin u_uart_top/u_uart_rx/parity_error_reg/CDN
<CMD> selectInst u_uart_top/u_uart_rx/FE_OFC24_rst_n_core
<CMD> selectObject Pin u_uart_top/u_uart_rx/FE_OFC24_rst_n_core/Z
<CMD> selectObject Pin u_uart_top/u_uart_rx/FE_OFC24_rst_n_core/I
<CMD> selectInst FE_OFC18_framing_error_core
<CMD> selectObject Pin FE_OFC18_framing_error_core/ZN
<CMD> selectObject Pin FE_OFC18_framing_error_core/I
<CMD> selectInst FE_OFC19_framing_error_core
<CMD> selectObject Pin FE_OFC19_framing_error_core/ZN
<CMD> selectObject Pin FE_OFC19_framing_error_core/I
<CMD> selectInst FE_OFC47_framing_error_core
<CMD> selectObject Pin FE_OFC47_framing_error_core/Z
<CMD> selectObject Pin FE_OFC47_framing_error_core/I
<CMD> selectInst FE_OFC48_parity_error_core
<CMD> selectObject Pin FE_OFC48_parity_error_core/Z
<CMD> selectObject Pin FE_OFC48_parity_error_core/I
<CMD> selectInst {u_uart_top/u_uart_rx/state_reg[2]}
<CMD> selectObject Pin {u_uart_top/u_uart_rx/state_reg[2]/QN}
<CMD> selectObject Pin {u_uart_top/u_uart_rx/state_reg[2]/Q}
<CMD> selectObject Pin {u_uart_top/u_uart_rx/state_reg[2]/D}
<CMD> selectObject Pin {u_uart_top/u_uart_rx/state_reg[2]/CP}
<CMD> selectObject Pin {u_uart_top/u_uart_rx/state_reg[2]/CDN}
<CMD> selectInst u_uart_top/u_uart_rx/g3516__5122
<CMD> selectObject Pin u_uart_top/u_uart_rx/g3516__5122/Z
<CMD> selectObject Pin u_uart_top/u_uart_rx/g3516__5122/A2
<CMD> selectObject Pin u_uart_top/u_uart_rx/g3516__5122/A1
<CMD> selectInst u_uart_top/u_uart_rx/rx_sync_ff2_reg
<CMD> selectObject Pin u_uart_top/u_uart_rx/rx_sync_ff2_reg/SDN
<CMD> selectObject Pin u_uart_top/u_uart_rx/rx_sync_ff2_reg/QN
<CMD> selectObject Pin u_uart_top/u_uart_rx/rx_sync_ff2_reg/Q
<CMD> selectObject Pin u_uart_top/u_uart_rx/rx_sync_ff2_reg/D
<CMD> selectObject Pin u_uart_top/u_uart_rx/rx_sync_ff2_reg/CP
<CMD> selectInst u_uart_top/u_uart_rx/g3117__5477
<CMD> selectObject Pin u_uart_top/u_uart_rx/g3117__5477/ZN
<CMD> selectObject Pin u_uart_top/u_uart_rx/g3117__5477/A2
<CMD> selectObject Pin u_uart_top/u_uart_rx/g3117__5477/A1
<CMD> selectInst u_uart_top/u_uart_rx/g3114
<CMD> selectObject Pin u_uart_top/u_uart_rx/g3114/ZN
<CMD> selectObject Pin u_uart_top/u_uart_rx/g3114/I
<CMD> selectInst u_uart_top/u_uart_rx/FE_OFC37_n_111
<CMD> selectObject Pin u_uart_top/u_uart_rx/FE_OFC37_n_111/Z
<CMD> selectObject Pin u_uart_top/u_uart_rx/FE_OFC37_n_111/I
<CMD> selectInst u_uart_top/u_uart_rx/FE_OFC43_n_113
<CMD> selectObject Pin u_uart_top/u_uart_rx/FE_OFC43_n_113/Z
<CMD> selectObject Pin u_uart_top/u_uart_rx/FE_OFC43_n_113/I
<CMD> selectInst {u_uart_top/u_uart_rx/tick_cnt_reg[1]}
<CMD> selectObject Pin {u_uart_top/u_uart_rx/tick_cnt_reg[1]/QN}
<CMD> selectObject Pin {u_uart_top/u_uart_rx/tick_cnt_reg[1]/Q}
<CMD> selectObject Pin {u_uart_top/u_uart_rx/tick_cnt_reg[1]/D}
<CMD> selectObject Pin {u_uart_top/u_uart_rx/tick_cnt_reg[1]/CP}
<CMD> selectObject Pin {u_uart_top/u_uart_rx/tick_cnt_reg[1]/CDN}
<CMD> selectInst u_uart_top/u_uart_rx/g3138__4733
<CMD> selectObject Pin u_uart_top/u_uart_rx/g3138__4733/ZN
<CMD> selectObject Pin u_uart_top/u_uart_rx/g3138__4733/A3
<CMD> selectObject Pin u_uart_top/u_uart_rx/g3138__4733/A2
<CMD> selectObject Pin u_uart_top/u_uart_rx/g3138__4733/A1
<CMD> selectInst u_uart_top/u_uart_rx/g3526
<CMD> selectObject Pin u_uart_top/u_uart_rx/g3526/ZN
<CMD> selectObject Pin u_uart_top/u_uart_rx/g3526/I
<CMD> selectInst u_uart_top/u_uart_rx/g3515__1705
<CMD> selectObject Pin u_uart_top/u_uart_rx/g3515__1705/ZN
<CMD> selectObject Pin u_uart_top/u_uart_rx/g3515__1705/A2
<CMD> selectObject Pin u_uart_top/u_uart_rx/g3515__1705/A1
<CMD> selectInst u_uart_top/u_uart_rx/g3503__5477
<CMD> selectObject Pin u_uart_top/u_uart_rx/g3503__5477/Z
<CMD> selectObject Pin u_uart_top/u_uart_rx/g3503__5477/S
<CMD> selectObject Pin u_uart_top/u_uart_rx/g3503__5477/I1
<CMD> selectObject Pin u_uart_top/u_uart_rx/g3503__5477/I0
<CMD> selectInst u_uart_top/u_uart_rx/g3500__1666
<CMD> selectObject Pin u_uart_top/u_uart_rx/g3500__1666/Z
<CMD> selectObject Pin u_uart_top/u_uart_rx/g3500__1666/B2
<CMD> selectObject Pin u_uart_top/u_uart_rx/g3500__1666/B1
<CMD> selectObject Pin u_uart_top/u_uart_rx/g3500__1666/A2
<CMD> selectObject Pin u_uart_top/u_uart_rx/g3500__1666/A1
<CMD> selectInst u_uart_top/u_uart_rx/g3495__9315
<CMD> selectObject Pin u_uart_top/u_uart_rx/g3495__9315/ZN
<CMD> selectObject Pin u_uart_top/u_uart_rx/g3495__9315/B2
<CMD> selectObject Pin u_uart_top/u_uart_rx/g3495__9315/B1
<CMD> selectObject Pin u_uart_top/u_uart_rx/g3495__9315/A2
<CMD> selectObject Pin u_uart_top/u_uart_rx/g3495__9315/A1
<CMD> selectInst u_uart_top/u_uart_rx/g3493
<CMD> selectObject Pin u_uart_top/u_uart_rx/g3493/ZN
<CMD> selectObject Pin u_uart_top/u_uart_rx/g3493/I
<CMD> selectInst u_uart_top/u_uart_rx/g3483__7482
<CMD> selectObject Pin u_uart_top/u_uart_rx/g3483__7482/Z
<CMD> selectObject Pin u_uart_top/u_uart_rx/g3483__7482/B3
<CMD> selectObject Pin u_uart_top/u_uart_rx/g3483__7482/B2
<CMD> selectObject Pin u_uart_top/u_uart_rx/g3483__7482/B1
<CMD> selectObject Pin u_uart_top/u_uart_rx/g3483__7482/A
<CMD> selectInst u_uart_top/u_uart_rx/g3477__5122
<CMD> selectObject Pin u_uart_top/u_uart_rx/g3477__5122/ZN
<CMD> selectObject Pin u_uart_top/u_uart_rx/g3477__5122/A2
<CMD> selectObject Pin u_uart_top/u_uart_rx/g3477__5122/A1
<CMD> selectInst u_uart_top/u_uart_rx/g3476__1705
<CMD> selectObject Pin u_uart_top/u_uart_rx/g3476__1705/Z
<CMD> selectObject Pin u_uart_top/u_uart_rx/g3476__1705/A2
<CMD> selectObject Pin u_uart_top/u_uart_rx/g3476__1705/A1
<CMD> selectInst u_uart_top/u_uart_rx/g3475__2802
<CMD> selectObject Pin u_uart_top/u_uart_rx/g3475__2802/ZN
<CMD> selectObject Pin u_uart_top/u_uart_rx/g3475__2802/A2
<CMD> selectObject Pin u_uart_top/u_uart_rx/g3475__2802/A1
<CMD> selectInst u_uart_top/u_uart_rx/g3472__6783
<CMD> selectObject Pin u_uart_top/u_uart_rx/g3472__6783/Z
<CMD> selectObject Pin u_uart_top/u_uart_rx/g3472__6783/B2
<CMD> selectObject Pin u_uart_top/u_uart_rx/g3472__6783/B1
<CMD> selectObject Pin u_uart_top/u_uart_rx/g3472__6783/A
<CMD> selectInst u_uart_top/u_uart_rx/g3466__5107
<CMD> selectObject Pin u_uart_top/u_uart_rx/g3466__5107/ZN
<CMD> selectObject Pin u_uart_top/u_uart_rx/g3466__5107/A2
<CMD> selectObject Pin u_uart_top/u_uart_rx/g3466__5107/A1
<CMD> selectInst u_uart_top/u_uart_rx/g3464__5477
<CMD> selectObject Pin u_uart_top/u_uart_rx/g3464__5477/ZN
<CMD> selectObject Pin u_uart_top/u_uart_rx/g3464__5477/C2
<CMD> selectObject Pin u_uart_top/u_uart_rx/g3464__5477/C1
<CMD> selectObject Pin u_uart_top/u_uart_rx/g3464__5477/B2
<CMD> selectObject Pin u_uart_top/u_uart_rx/g3464__5477/B1
<CMD> selectObject Pin u_uart_top/u_uart_rx/g3464__5477/A2
<CMD> selectObject Pin u_uart_top/u_uart_rx/g3464__5477/A1
<CMD> selectInst u_uart_top/u_uart_rx/g3452__6161
<CMD> selectObject Pin u_uart_top/u_uart_rx/g3452__6161/ZN
<CMD> selectObject Pin u_uart_top/u_uart_rx/g3452__6161/B2
<CMD> selectObject Pin u_uart_top/u_uart_rx/g3452__6161/B1
<CMD> selectObject Pin u_uart_top/u_uart_rx/g3452__6161/A
<CMD> selectInst u_uart_top/u_uart_rx/g3442__1705
<CMD> selectObject Pin u_uart_top/u_uart_rx/g3442__1705/Z
<CMD> selectObject Pin u_uart_top/u_uart_rx/g3442__1705/B2
<CMD> selectObject Pin u_uart_top/u_uart_rx/g3442__1705/B1
<CMD> selectObject Pin u_uart_top/u_uart_rx/g3442__1705/A2
<CMD> selectObject Pin u_uart_top/u_uart_rx/g3442__1705/A1
<CMD> selectInst {u_uart_top/u_uart_rx/tick_cnt_reg[3]}
<CMD> selectObject Pin {u_uart_top/u_uart_rx/tick_cnt_reg[3]/Q}
<CMD> selectObject Pin {u_uart_top/u_uart_rx/tick_cnt_reg[3]/D}
<CMD> selectObject Pin {u_uart_top/u_uart_rx/tick_cnt_reg[3]/CP}
<CMD> selectObject Pin {u_uart_top/u_uart_rx/tick_cnt_reg[3]/CDN}
<CMD> selectInst {u_uart_top/u_uart_rx/tick_cnt_reg[2]}
<CMD> selectObject Pin {u_uart_top/u_uart_rx/tick_cnt_reg[2]/Q}
<CMD> selectObject Pin {u_uart_top/u_uart_rx/tick_cnt_reg[2]/D}
<CMD> selectObject Pin {u_uart_top/u_uart_rx/tick_cnt_reg[2]/CP}
<CMD> selectObject Pin {u_uart_top/u_uart_rx/tick_cnt_reg[2]/CDN}
<CMD> selectInst {u_uart_top/u_uart_rx/tick_cnt_reg[0]}
<CMD> selectObject Pin {u_uart_top/u_uart_rx/tick_cnt_reg[0]/Q}
<CMD> selectObject Pin {u_uart_top/u_uart_rx/tick_cnt_reg[0]/D}
<CMD> selectObject Pin {u_uart_top/u_uart_rx/tick_cnt_reg[0]/CP}
<CMD> selectObject Pin {u_uart_top/u_uart_rx/tick_cnt_reg[0]/CDN}
<CMD> selectInst u_uart_top/u_uart_rx/g3119__2398
<CMD> selectObject Pin u_uart_top/u_uart_rx/g3119__2398/ZN
<CMD> selectObject Pin u_uart_top/u_uart_rx/g3119__2398/A3
<CMD> selectObject Pin u_uart_top/u_uart_rx/g3119__2398/A2
<CMD> selectObject Pin u_uart_top/u_uart_rx/g3119__2398/A1
<CMD> selectInst u_uart_top/u_uart_rx/g3428__3680
<CMD> selectObject Pin u_uart_top/u_uart_rx/g3428__3680/ZN
<CMD> selectObject Pin u_uart_top/u_uart_rx/g3428__3680/B2
<CMD> selectObject Pin u_uart_top/u_uart_rx/g3428__3680/B1
<CMD> selectObject Pin u_uart_top/u_uart_rx/g3428__3680/A
<CMD> selectInst {u_uart_top/u_uart_rx/state_reg[1]}
<CMD> selectObject Pin {u_uart_top/u_uart_rx/state_reg[1]/Q}
<CMD> selectObject Pin {u_uart_top/u_uart_rx/state_reg[1]/D}
<CMD> selectObject Pin {u_uart_top/u_uart_rx/state_reg[1]/CP}
<CMD> selectObject Pin {u_uart_top/u_uart_rx/state_reg[1]/CDN}
<CMD> selectInst {u_uart_top/u_uart_rx/state_reg[0]}
<CMD> selectObject Pin {u_uart_top/u_uart_rx/state_reg[0]/SD}
<CMD> selectObject Pin {u_uart_top/u_uart_rx/state_reg[0]/SC}
<CMD> selectObject Pin {u_uart_top/u_uart_rx/state_reg[0]/Q}
<CMD> selectObject Pin {u_uart_top/u_uart_rx/state_reg[0]/D}
<CMD> selectObject Pin {u_uart_top/u_uart_rx/state_reg[0]/CP}
<CMD> selectObject Pin {u_uart_top/u_uart_rx/state_reg[0]/CDN}
<CMD> selectInst u_uart_top/u_uart_rx/parity_calc_reg
<CMD> selectObject Pin u_uart_top/u_uart_rx/parity_calc_reg/Q
<CMD> selectObject Pin u_uart_top/u_uart_rx/parity_calc_reg/D
<CMD> selectObject Pin u_uart_top/u_uart_rx/parity_calc_reg/CP
<CMD> selectObject Pin u_uart_top/u_uart_rx/parity_calc_reg/CDN
<CMD> selectInst {u_uart_top/u_uart_rx/data_reg_reg[3]}
<CMD> selectObject Pin {u_uart_top/u_uart_rx/data_reg_reg[3]/Q}
<CMD> selectObject Pin {u_uart_top/u_uart_rx/data_reg_reg[3]/D}
<CMD> selectObject Pin {u_uart_top/u_uart_rx/data_reg_reg[3]/CP}
<CMD> selectObject Pin {u_uart_top/u_uart_rx/data_reg_reg[3]/CDN}
<CMD> selectInst {u_uart_top/u_uart_rx/data_reg_reg[2]}
<CMD> selectObject Pin {u_uart_top/u_uart_rx/data_reg_reg[2]/Q}
<CMD> selectObject Pin {u_uart_top/u_uart_rx/data_reg_reg[2]/D}
<CMD> selectObject Pin {u_uart_top/u_uart_rx/data_reg_reg[2]/CP}
<CMD> selectObject Pin {u_uart_top/u_uart_rx/data_reg_reg[2]/CDN}
<CMD> selectInst {u_uart_top/u_uart_rx/data_reg_reg[1]}
<CMD> selectObject Pin {u_uart_top/u_uart_rx/data_reg_reg[1]/Q}
<CMD> selectObject Pin {u_uart_top/u_uart_rx/data_reg_reg[1]/D}
<CMD> selectObject Pin {u_uart_top/u_uart_rx/data_reg_reg[1]/CP}
<CMD> selectObject Pin {u_uart_top/u_uart_rx/data_reg_reg[1]/CDN}
<CMD> selectInst u_uart_top/u_uart_rx/g3110__2346
<CMD> selectObject Pin u_uart_top/u_uart_rx/g3110__2346/Z
<CMD> selectObject Pin u_uart_top/u_uart_rx/g3110__2346/A3
<CMD> selectObject Pin u_uart_top/u_uart_rx/g3110__2346/A2
<CMD> selectObject Pin u_uart_top/u_uart_rx/g3110__2346/A1
<CMD> selectInst u_uart_top/u_uart_rx/g3106__9945
<CMD> selectObject Pin u_uart_top/u_uart_rx/g3106__9945/Z
<CMD> selectObject Pin u_uart_top/u_uart_rx/g3106__9945/A3
<CMD> selectObject Pin u_uart_top/u_uart_rx/g3106__9945/A2
<CMD> selectObject Pin u_uart_top/u_uart_rx/g3106__9945/A1
<CMD> selectInst u_uart_top/u_uart_rx/FE_OFC41_clk_core
<CMD> selectObject Pin u_uart_top/u_uart_rx/FE_OFC41_clk_core/Z
<CMD> selectObject Pin u_uart_top/u_uart_rx/FE_OFC41_clk_core/I
<CMD> selectInst u_uart_top/u_uart_rx/g3507__4319
<CMD> selectObject Pin u_uart_top/u_uart_rx/g3507__4319/Z
<CMD> selectObject Pin u_uart_top/u_uart_rx/g3507__4319/S
<CMD> selectObject Pin u_uart_top/u_uart_rx/g3507__4319/I1
<CMD> selectObject Pin u_uart_top/u_uart_rx/g3507__4319/I0
<CMD> selectInst {u_uart_top/u_uart_rx/rx_data_reg[2]}
<CMD> selectObject Pin {u_uart_top/u_uart_rx/rx_data_reg[2]/Q}
<CMD> selectObject Pin {u_uart_top/u_uart_rx/rx_data_reg[2]/D}
<CMD> selectObject Pin {u_uart_top/u_uart_rx/rx_data_reg[2]/CP}
<CMD> selectObject Pin {u_uart_top/u_uart_rx/rx_data_reg[2]/CDN}
<CMD> selectInst u_uart_top/u_uart_rx/g2__6260
<CMD> selectObject Pin u_uart_top/u_uart_rx/g2__6260/ZN
<CMD> selectObject Pin u_uart_top/u_uart_rx/g2__6260/A2
<CMD> selectObject Pin u_uart_top/u_uart_rx/g2__6260/A1
<CMD> selectInst u_uart_top/u_uart_rx/g3112
<CMD> selectObject Pin u_uart_top/u_uart_rx/g3112/ZN
<CMD> selectObject Pin u_uart_top/u_uart_rx/g3112/I
<CMD> selectInst u_uart_top/u_uart_rx/g3109__2883
<CMD> selectObject Pin u_uart_top/u_uart_rx/g3109__2883/ZN
<CMD> selectObject Pin u_uart_top/u_uart_rx/g3109__2883/A2
<CMD> selectObject Pin u_uart_top/u_uart_rx/g3109__2883/A1
<CMD> selectInst u_uart_top/u_uart_rx/g3103__9315
<CMD> selectObject Pin u_uart_top/u_uart_rx/g3103__9315/ZN
<CMD> selectObject Pin u_uart_top/u_uart_rx/g3103__9315/A2
<CMD> selectObject Pin u_uart_top/u_uart_rx/g3103__9315/A1
<CMD> selectInst u_uart_top/u_uart_rx/FE_OFC6_rx_data_core_2
<CMD> selectObject Pin u_uart_top/u_uart_rx/FE_OFC6_rx_data_core_2/Z
<CMD> selectObject Pin u_uart_top/u_uart_rx/FE_OFC6_rx_data_core_2/I
<CMD> selectInst u_uart_top/u_uart_rx/FE_OFC36_data_reg_0
<CMD> selectObject Pin u_uart_top/u_uart_rx/FE_OFC36_data_reg_0/Z
<CMD> selectObject Pin u_uart_top/u_uart_rx/FE_OFC36_data_reg_0/I
<CMD> selectInst u_uart_top/u_uart_rx/FE_OFC44_n_115
<CMD> selectObject Pin u_uart_top/u_uart_rx/FE_OFC44_n_115/Z
<CMD> selectObject Pin u_uart_top/u_uart_rx/FE_OFC44_n_115/I
<CMD> selectInst u_uart_top/u_uart_rx/g3525__7482
<CMD> selectObject Pin u_uart_top/u_uart_rx/g3525__7482/Z
<CMD> selectObject Pin u_uart_top/u_uart_rx/g3525__7482/A2
<CMD> selectObject Pin u_uart_top/u_uart_rx/g3525__7482/A1
<CMD> selectInst u_uart_top/u_uart_rx/g3479__7098
<CMD> selectObject Pin u_uart_top/u_uart_rx/g3479__7098/Z
<CMD> selectObject Pin u_uart_top/u_uart_rx/g3479__7098/S
<CMD> selectObject Pin u_uart_top/u_uart_rx/g3479__7098/I1
<CMD> selectObject Pin u_uart_top/u_uart_rx/g3479__7098/I0
<CMD> selectInst u_uart_top/u_uart_rx/g3478__8246
<CMD> selectObject Pin u_uart_top/u_uart_rx/g3478__8246/Z
<CMD> selectObject Pin u_uart_top/u_uart_rx/g3478__8246/B2
<CMD> selectObject Pin u_uart_top/u_uart_rx/g3478__8246/B1
<CMD> selectObject Pin u_uart_top/u_uart_rx/g3478__8246/A
<CMD> selectInst u_uart_top/u_uart_rx/g3474__1617
<CMD> selectObject Pin u_uart_top/u_uart_rx/g3474__1617/Z
<CMD> selectObject Pin u_uart_top/u_uart_rx/g3474__1617/S
<CMD> selectObject Pin u_uart_top/u_uart_rx/g3474__1617/I1
<CMD> selectObject Pin u_uart_top/u_uart_rx/g3474__1617/I0
<CMD> selectInst u_uart_top/u_uart_rx/g3470__8428
<CMD> selectObject Pin u_uart_top/u_uart_rx/g3470__8428/Z
<CMD> selectObject Pin u_uart_top/u_uart_rx/g3470__8428/B2
<CMD> selectObject Pin u_uart_top/u_uart_rx/g3470__8428/B1
<CMD> selectObject Pin u_uart_top/u_uart_rx/g3470__8428/A
<CMD> selectInst u_uart_top/u_uart_rx/g3468__6260
<CMD> selectObject Pin u_uart_top/u_uart_rx/g3468__6260/Z
<CMD> selectObject Pin u_uart_top/u_uart_rx/g3468__6260/A2
<CMD> selectObject Pin u_uart_top/u_uart_rx/g3468__6260/A1
<CMD> selectInst {u_uart_top/u_uart_rx/bit_idx_reg[2]}
<CMD> selectObject Pin {u_uart_top/u_uart_rx/bit_idx_reg[2]/QN}
<CMD> selectObject Pin {u_uart_top/u_uart_rx/bit_idx_reg[2]/Q}
<CMD> selectObject Pin {u_uart_top/u_uart_rx/bit_idx_reg[2]/D}
<CMD> selectObject Pin {u_uart_top/u_uart_rx/bit_idx_reg[2]/CP}
<CMD> selectObject Pin {u_uart_top/u_uart_rx/bit_idx_reg[2]/CDN}
<CMD> selectInst u_uart_top/u_uart_rx/g3533
<CMD> selectObject Pin u_uart_top/u_uart_rx/g3533/ZN
<CMD> selectObject Pin u_uart_top/u_uart_rx/g3533/I
<CMD> selectInst u_uart_top/u_uart_rx/g3521__7098
<CMD> selectObject Pin u_uart_top/u_uart_rx/g3521__7098/Z
<CMD> selectObject Pin u_uart_top/u_uart_rx/g3521__7098/A2
<CMD> selectObject Pin u_uart_top/u_uart_rx/g3521__7098/A1
<CMD> selectInst u_uart_top/u_uart_rx/g3520
<CMD> selectObject Pin u_uart_top/u_uart_rx/g3520/ZN
<CMD> selectObject Pin u_uart_top/u_uart_rx/g3520/I
<CMD> selectInst u_uart_top/u_uart_rx/g3501__7410
<CMD> selectObject Pin u_uart_top/u_uart_rx/g3501__7410/Z
<CMD> selectObject Pin u_uart_top/u_uart_rx/g3501__7410/A3
<CMD> selectObject Pin u_uart_top/u_uart_rx/g3501__7410/A2
<CMD> selectObject Pin u_uart_top/u_uart_rx/g3501__7410/A1
<CMD> selectInst u_uart_top/u_uart_rx/g3427__6783
<CMD> selectObject Pin u_uart_top/u_uart_rx/g3427__6783/ZN
<CMD> selectObject Pin u_uart_top/u_uart_rx/g3427__6783/B2
<CMD> selectObject Pin u_uart_top/u_uart_rx/g3427__6783/B1
<CMD> selectObject Pin u_uart_top/u_uart_rx/g3427__6783/A
<CMD> selectInst u_uart_top/u_uart_rx/g3680__6161
<CMD> selectObject Pin u_uart_top/u_uart_rx/g3680__6161/ZN
<CMD> selectObject Pin u_uart_top/u_uart_rx/g3680__6161/A2
<CMD> selectObject Pin u_uart_top/u_uart_rx/g3680__6161/A1
<CMD> selectInst u_uart_top/u_uart_rx/g3523__1881
<CMD> selectObject Pin u_uart_top/u_uart_rx/g3523__1881/Z
<CMD> selectObject Pin u_uart_top/u_uart_rx/g3523__1881/A2
<CMD> selectObject Pin u_uart_top/u_uart_rx/g3523__1881/A1
<CMD> selectInst u_uart_top/u_uart_rx/g3519
<CMD> selectObject Pin u_uart_top/u_uart_rx/g3519/ZN
<CMD> selectObject Pin u_uart_top/u_uart_rx/g3519/I
<CMD> selectInst u_uart_top/u_uart_rx/g3505__5107
<CMD> selectObject Pin u_uart_top/u_uart_rx/g3505__5107/ZN
<CMD> selectObject Pin u_uart_top/u_uart_rx/g3505__5107/A2
<CMD> selectObject Pin u_uart_top/u_uart_rx/g3505__5107/A1
<CMD> selectInst u_uart_top/u_uart_rx/g3504__2398
<CMD> selectObject Pin u_uart_top/u_uart_rx/g3504__2398/Z
<CMD> selectObject Pin u_uart_top/u_uart_rx/g3504__2398/A3
<CMD> selectObject Pin u_uart_top/u_uart_rx/g3504__2398/A2
<CMD> selectObject Pin u_uart_top/u_uart_rx/g3504__2398/A1
<CMD> selectInst u_uart_top/u_uart_rx/g3498__2883
<CMD> selectObject Pin u_uart_top/u_uart_rx/g3498__2883/ZN
<CMD> selectObject Pin u_uart_top/u_uart_rx/g3498__2883/A3
<CMD> selectObject Pin u_uart_top/u_uart_rx/g3498__2883/A2
<CMD> selectObject Pin u_uart_top/u_uart_rx/g3498__2883/A1
<CMD> selectInst u_uart_top/u_uart_rx/g3497__9945
<CMD> selectObject Pin u_uart_top/u_uart_rx/g3497__9945/Z
<CMD> selectObject Pin u_uart_top/u_uart_rx/g3497__9945/A4
<CMD> selectObject Pin u_uart_top/u_uart_rx/g3497__9945/A3
<CMD> selectObject Pin u_uart_top/u_uart_rx/g3497__9945/A2
<CMD> selectObject Pin u_uart_top/u_uart_rx/g3497__9945/A1
<CMD> selectInst u_uart_top/u_uart_rx/g3494__6161
<CMD> selectObject Pin u_uart_top/u_uart_rx/g3494__6161/Z
<CMD> selectObject Pin u_uart_top/u_uart_rx/g3494__6161/B2
<CMD> selectObject Pin u_uart_top/u_uart_rx/g3494__6161/B1
<CMD> selectObject Pin u_uart_top/u_uart_rx/g3494__6161/A2
<CMD> selectObject Pin u_uart_top/u_uart_rx/g3494__6161/A1
<CMD> selectInst u_uart_top/u_uart_rx/g3443__5122
<CMD> selectObject Pin u_uart_top/u_uart_rx/g3443__5122/Z
<CMD> selectObject Pin u_uart_top/u_uart_rx/g3443__5122/C2
<CMD> selectObject Pin u_uart_top/u_uart_rx/g3443__5122/C1
<CMD> selectObject Pin u_uart_top/u_uart_rx/g3443__5122/B
<CMD> selectObject Pin u_uart_top/u_uart_rx/g3443__5122/A
<CMD> selectInst u_uart_top/u_uart_rx/g3440__1617
<CMD> selectObject Pin u_uart_top/u_uart_rx/g3440__1617/Z
<CMD> selectObject Pin u_uart_top/u_uart_rx/g3440__1617/C2
<CMD> selectObject Pin u_uart_top/u_uart_rx/g3440__1617/C1
<CMD> selectObject Pin u_uart_top/u_uart_rx/g3440__1617/B
<CMD> selectObject Pin u_uart_top/u_uart_rx/g3440__1617/A
<CMD> selectInst u_uart_top/u_uart_rx/g3434
<CMD> selectObject Pin u_uart_top/u_uart_rx/g3434/ZN
<CMD> selectObject Pin u_uart_top/u_uart_rx/g3434/I
<CMD> selectInst u_uart_top/u_uart_rx/g3425__5526
<CMD> selectObject Pin u_uart_top/u_uart_rx/g3425__5526/Z
<CMD> selectObject Pin u_uart_top/u_uart_rx/g3425__5526/A4
<CMD> selectObject Pin u_uart_top/u_uart_rx/g3425__5526/A3
<CMD> selectObject Pin u_uart_top/u_uart_rx/g3425__5526/A2
<CMD> selectObject Pin u_uart_top/u_uart_rx/g3425__5526/A1
<CMD> selectInst u_uart_top/u_uart_rx/g3123__5107
<CMD> selectObject Pin u_uart_top/u_uart_rx/g3123__5107/Z
<CMD> selectObject Pin u_uart_top/u_uart_rx/g3123__5107/A2
<CMD> selectObject Pin u_uart_top/u_uart_rx/g3123__5107/A1
<CMD> selectInst u_uart_top/u_uart_rx/g3122
<CMD> selectObject Pin u_uart_top/u_uart_rx/g3122/ZN
<CMD> selectObject Pin u_uart_top/u_uart_rx/g3122/I
<CMD> selectInst u_uart_top/u_uart_rx/g3115__7410
<CMD> selectObject Pin u_uart_top/u_uart_rx/g3115__7410/ZN
<CMD> selectObject Pin u_uart_top/u_uart_rx/g3115__7410/A2
<CMD> selectObject Pin u_uart_top/u_uart_rx/g3115__7410/A1
<CMD> selectInst u_uart_top/u_uart_rx/g3113__1666
<CMD> selectObject Pin u_uart_top/u_uart_rx/g3113__1666/Z
<CMD> selectObject Pin u_uart_top/u_uart_rx/g3113__1666/A3
<CMD> selectObject Pin u_uart_top/u_uart_rx/g3113__1666/A2
<CMD> selectObject Pin u_uart_top/u_uart_rx/g3113__1666/A1
<CMD> selectInst u_uart_top/u_uart_rx/g3028
<CMD> selectObject Pin u_uart_top/u_uart_rx/g3028/ZN
<CMD> selectObject Pin u_uart_top/u_uart_rx/g3028/I
<CMD> selectInst u_uart_top/u_uart_rx/g3531
<CMD> selectObject Pin u_uart_top/u_uart_rx/g3531/ZN
<CMD> selectObject Pin u_uart_top/u_uart_rx/g3531/I
<CMD> selectInst u_uart_top/u_uart_rx/g3502__6417
<CMD> selectObject Pin u_uart_top/u_uart_rx/g3502__6417/Z
<CMD> selectObject Pin u_uart_top/u_uart_rx/g3502__6417/B2
<CMD> selectObject Pin u_uart_top/u_uart_rx/g3502__6417/B1
<CMD> selectObject Pin u_uart_top/u_uart_rx/g3502__6417/A
<CMD> selectInst u_uart_top/u_uart_rx/g3499__2346
<CMD> selectObject Pin u_uart_top/u_uart_rx/g3499__2346/Z
<CMD> selectObject Pin u_uart_top/u_uart_rx/g3499__2346/S
<CMD> selectObject Pin u_uart_top/u_uart_rx/g3499__2346/I1
<CMD> selectObject Pin u_uart_top/u_uart_rx/g3499__2346/I0
<CMD> selectInst u_uart_top/u_uart_rx/g3484__4733
<CMD> selectObject Pin u_uart_top/u_uart_rx/g3484__4733/Z
<CMD> selectObject Pin u_uart_top/u_uart_rx/g3484__4733/A2
<CMD> selectObject Pin u_uart_top/u_uart_rx/g3484__4733/A1
<CMD> selectInst u_uart_top/u_uart_rx/g3482__5115
<CMD> selectObject Pin u_uart_top/u_uart_rx/g3482__5115/Z
<CMD> selectObject Pin u_uart_top/u_uart_rx/g3482__5115/A2
<CMD> selectObject Pin u_uart_top/u_uart_rx/g3482__5115/A1
<CMD> selectInst u_uart_top/u_uart_rx/g3481__1881
<CMD> selectObject Pin u_uart_top/u_uart_rx/g3481__1881/Z
<CMD> selectObject Pin u_uart_top/u_uart_rx/g3481__1881/A3
<CMD> selectObject Pin u_uart_top/u_uart_rx/g3481__1881/A2
<CMD> selectObject Pin u_uart_top/u_uart_rx/g3481__1881/A1
<CMD> selectInst u_uart_top/u_uart_rx/g3480__6131
<CMD> selectObject Pin u_uart_top/u_uart_rx/g3480__6131/Z
<CMD> selectObject Pin u_uart_top/u_uart_rx/g3480__6131/A3
<CMD> selectObject Pin u_uart_top/u_uart_rx/g3480__6131/A2
<CMD> selectObject Pin u_uart_top/u_uart_rx/g3480__6131/A1
<CMD> selectInst u_uart_top/u_uart_rx/g3473__3680
<CMD> selectObject Pin u_uart_top/u_uart_rx/g3473__3680/Z
<CMD> selectObject Pin u_uart_top/u_uart_rx/g3473__3680/B2
<CMD> selectObject Pin u_uart_top/u_uart_rx/g3473__3680/B1
<CMD> selectObject Pin u_uart_top/u_uart_rx/g3473__3680/A2
<CMD> selectObject Pin u_uart_top/u_uart_rx/g3473__3680/A1
<CMD> selectInst u_uart_top/u_uart_rx/g3471__5526
<CMD> selectObject Pin u_uart_top/u_uart_rx/g3471__5526/Z
<CMD> selectObject Pin u_uart_top/u_uart_rx/g3471__5526/A3
<CMD> selectObject Pin u_uart_top/u_uart_rx/g3471__5526/A2
<CMD> selectObject Pin u_uart_top/u_uart_rx/g3471__5526/A1
<CMD> selectInst u_uart_top/u_uart_rx/g3423__8428
<CMD> selectObject Pin u_uart_top/u_uart_rx/g3423__8428/ZN
<CMD> selectObject Pin u_uart_top/u_uart_rx/g3423__8428/A2
<CMD> selectObject Pin u_uart_top/u_uart_rx/g3423__8428/A1
<CMD> selectInst {u_uart_top/u_uart_rx/bit_idx_reg[0]}
<CMD> selectObject Pin {u_uart_top/u_uart_rx/bit_idx_reg[0]/QN}
<CMD> selectObject Pin {u_uart_top/u_uart_rx/bit_idx_reg[0]/Q}
<CMD> selectObject Pin {u_uart_top/u_uart_rx/bit_idx_reg[0]/D}
<CMD> selectObject Pin {u_uart_top/u_uart_rx/bit_idx_reg[0]/CP}
<CMD> selectObject Pin {u_uart_top/u_uart_rx/bit_idx_reg[0]/CDN}
<CMD> selectInst u_uart_top/u_uart_rx/g3510__6783
<CMD> selectObject Pin u_uart_top/u_uart_rx/g3510__6783/Z
<CMD> selectObject Pin u_uart_top/u_uart_rx/g3510__6783/S
<CMD> selectObject Pin u_uart_top/u_uart_rx/g3510__6783/I1
<CMD> selectObject Pin u_uart_top/u_uart_rx/g3510__6783/I0
<CMD> selectInst {u_uart_top/u_uart_rx/data_reg_reg[6]}
<CMD> selectObject Pin {u_uart_top/u_uart_rx/data_reg_reg[6]/Q}
<CMD> selectObject Pin {u_uart_top/u_uart_rx/data_reg_reg[6]/D}
<CMD> selectObject Pin {u_uart_top/u_uart_rx/data_reg_reg[6]/CP}
<CMD> selectObject Pin {u_uart_top/u_uart_rx/data_reg_reg[6]/CDN}
<CMD> selectInst {u_uart_top/u_uart_rx/data_reg_reg[5]}
<CMD> selectObject Pin {u_uart_top/u_uart_rx/data_reg_reg[5]/Q}
<CMD> selectObject Pin {u_uart_top/u_uart_rx/data_reg_reg[5]/D}
<CMD> selectObject Pin {u_uart_top/u_uart_rx/data_reg_reg[5]/CP}
<CMD> selectObject Pin {u_uart_top/u_uart_rx/data_reg_reg[5]/CDN}
<CMD> selectInst {u_uart_top/u_uart_rx/bit_idx_reg[1]}
<CMD> selectObject Pin {u_uart_top/u_uart_rx/bit_idx_reg[1]/QN}
<CMD> selectObject Pin {u_uart_top/u_uart_rx/bit_idx_reg[1]/Q}
<CMD> selectObject Pin {u_uart_top/u_uart_rx/bit_idx_reg[1]/D}
<CMD> selectObject Pin {u_uart_top/u_uart_rx/bit_idx_reg[1]/CP}
<CMD> selectObject Pin {u_uart_top/u_uart_rx/bit_idx_reg[1]/CDN}
<CMD> selectInst {u_uart_top/u_uart_rx/data_reg_reg[0]}
<CMD> selectObject Pin {u_uart_top/u_uart_rx/data_reg_reg[0]/QN}
<CMD> selectObject Pin {u_uart_top/u_uart_rx/data_reg_reg[0]/Q}
<CMD> selectObject Pin {u_uart_top/u_uart_rx/data_reg_reg[0]/D}
<CMD> selectObject Pin {u_uart_top/u_uart_rx/data_reg_reg[0]/CP}
<CMD> selectObject Pin {u_uart_top/u_uart_rx/data_reg_reg[0]/CDN}
<CMD> selectInst u_uart_top/u_uart_rx/g3524__5115
<CMD> selectObject Pin u_uart_top/u_uart_rx/g3524__5115/Z
<CMD> selectObject Pin u_uart_top/u_uart_rx/g3524__5115/A2
<CMD> selectObject Pin u_uart_top/u_uart_rx/g3524__5115/A1
<CMD> selectInst u_uart_top/u_uart_rx/g3522__6131
<CMD> selectObject Pin u_uart_top/u_uart_rx/g3522__6131/Z
<CMD> selectObject Pin u_uart_top/u_uart_rx/g3522__6131/A2
<CMD> selectObject Pin u_uart_top/u_uart_rx/g3522__6131/A1
<CMD> selectInst u_uart_top/u_uart_rx/g3518__8246
<CMD> selectObject Pin u_uart_top/u_uart_rx/g3518__8246/Z
<CMD> selectObject Pin u_uart_top/u_uart_rx/g3518__8246/A2
<CMD> selectObject Pin u_uart_top/u_uart_rx/g3518__8246/A1
<CMD> selectInst u_uart_top/u_uart_rx/g3469__4319
<CMD> selectObject Pin u_uart_top/u_uart_rx/g3469__4319/Z
<CMD> selectObject Pin u_uart_top/u_uart_rx/g3469__4319/A2
<CMD> selectObject Pin u_uart_top/u_uart_rx/g3469__4319/A1
<CMD> selectInst u_uart_top/u_uart_rx/g3465__2398
<CMD> selectObject Pin u_uart_top/u_uart_rx/g3465__2398/ZN
<CMD> selectObject Pin u_uart_top/u_uart_rx/g3465__2398/A2
<CMD> selectObject Pin u_uart_top/u_uart_rx/g3465__2398/A1
<CMD> selectInst u_uart_top/u_uart_rx/g3463__6417
<CMD> selectObject Pin u_uart_top/u_uart_rx/g3463__6417/ZN
<CMD> selectObject Pin u_uart_top/u_uart_rx/g3463__6417/B2
<CMD> selectObject Pin u_uart_top/u_uart_rx/g3463__6417/B1
<CMD> selectObject Pin u_uart_top/u_uart_rx/g3463__6417/A
<CMD> selectInst u_uart_top/u_uart_rx/g3462__7410
<CMD> selectObject Pin u_uart_top/u_uart_rx/g3462__7410/ZN
<CMD> selectObject Pin u_uart_top/u_uart_rx/g3462__7410/B2
<CMD> selectObject Pin u_uart_top/u_uart_rx/g3462__7410/B1
<CMD> selectObject Pin u_uart_top/u_uart_rx/g3462__7410/A
<CMD> selectInst u_uart_top/u_uart_rx/g3461__1666
<CMD> selectObject Pin u_uart_top/u_uart_rx/g3461__1666/ZN
<CMD> selectObject Pin u_uart_top/u_uart_rx/g3461__1666/B2
<CMD> selectObject Pin u_uart_top/u_uart_rx/g3461__1666/B1
<CMD> selectObject Pin u_uart_top/u_uart_rx/g3461__1666/A
<CMD> selectInst u_uart_top/u_uart_rx/g3460__2346
<CMD> selectObject Pin u_uart_top/u_uart_rx/g3460__2346/ZN
<CMD> selectObject Pin u_uart_top/u_uart_rx/g3460__2346/B2
<CMD> selectObject Pin u_uart_top/u_uart_rx/g3460__2346/B1
<CMD> selectObject Pin u_uart_top/u_uart_rx/g3460__2346/A
<CMD> selectInst u_uart_top/u_uart_rx/g3459__2883
<CMD> selectObject Pin u_uart_top/u_uart_rx/g3459__2883/ZN
<CMD> selectObject Pin u_uart_top/u_uart_rx/g3459__2883/B2
<CMD> selectObject Pin u_uart_top/u_uart_rx/g3459__2883/B1
<CMD> selectObject Pin u_uart_top/u_uart_rx/g3459__2883/A
<CMD> selectInst u_uart_top/u_uart_rx/g3454__9945
<CMD> selectObject Pin u_uart_top/u_uart_rx/g3454__9945/ZN
<CMD> selectObject Pin u_uart_top/u_uart_rx/g3454__9945/B2
<CMD> selectObject Pin u_uart_top/u_uart_rx/g3454__9945/B1
<CMD> selectObject Pin u_uart_top/u_uart_rx/g3454__9945/A
<CMD> selectInst u_uart_top/u_uart_rx/g3453__9315
<CMD> selectObject Pin u_uart_top/u_uart_rx/g3453__9315/ZN
<CMD> selectObject Pin u_uart_top/u_uart_rx/g3453__9315/B2
<CMD> selectObject Pin u_uart_top/u_uart_rx/g3453__9315/B1
<CMD> selectObject Pin u_uart_top/u_uart_rx/g3453__9315/A
<CMD> selectInst u_uart_top/u_uart_rx/g3451__4733
<CMD> selectObject Pin u_uart_top/u_uart_rx/g3451__4733/ZN
<CMD> selectObject Pin u_uart_top/u_uart_rx/g3451__4733/B2
<CMD> selectObject Pin u_uart_top/u_uart_rx/g3451__4733/B1
<CMD> selectObject Pin u_uart_top/u_uart_rx/g3451__4733/A
<CMD> selectInst u_uart_top/u_uart_rx/g3450__7482
<CMD> selectObject Pin u_uart_top/u_uart_rx/g3450__7482/ZN
<CMD> selectObject Pin u_uart_top/u_uart_rx/g3450__7482/B2
<CMD> selectObject Pin u_uart_top/u_uart_rx/g3450__7482/B1
<CMD> selectObject Pin u_uart_top/u_uart_rx/g3450__7482/A
<CMD> selectInst u_uart_top/u_uart_rx/g3449__5115
<CMD> selectObject Pin u_uart_top/u_uart_rx/g3449__5115/ZN
<CMD> selectObject Pin u_uart_top/u_uart_rx/g3449__5115/B2
<CMD> selectObject Pin u_uart_top/u_uart_rx/g3449__5115/B1
<CMD> selectObject Pin u_uart_top/u_uart_rx/g3449__5115/A
<CMD> selectInst u_uart_top/u_uart_rx/g3448__1881
<CMD> selectObject Pin u_uart_top/u_uart_rx/g3448__1881/ZN
<CMD> selectObject Pin u_uart_top/u_uart_rx/g3448__1881/B2
<CMD> selectObject Pin u_uart_top/u_uart_rx/g3448__1881/B1
<CMD> selectObject Pin u_uart_top/u_uart_rx/g3448__1881/A
<CMD> selectInst u_uart_top/u_uart_rx/g3447__6131
<CMD> selectObject Pin u_uart_top/u_uart_rx/g3447__6131/ZN
<CMD> selectObject Pin u_uart_top/u_uart_rx/g3447__6131/B2
<CMD> selectObject Pin u_uart_top/u_uart_rx/g3447__6131/B1
<CMD> selectObject Pin u_uart_top/u_uart_rx/g3447__6131/A
<CMD> selectInst u_uart_top/u_uart_rx/g3445__7098
<CMD> selectObject Pin u_uart_top/u_uart_rx/g3445__7098/ZN
<CMD> selectObject Pin u_uart_top/u_uart_rx/g3445__7098/B2
<CMD> selectObject Pin u_uart_top/u_uart_rx/g3445__7098/B1
<CMD> selectObject Pin u_uart_top/u_uart_rx/g3445__7098/A
<CMD> selectInst u_uart_top/u_uart_rx/g3444__8246
<CMD> selectObject Pin u_uart_top/u_uart_rx/g3444__8246/Z
<CMD> selectObject Pin u_uart_top/u_uart_rx/g3444__8246/B2
<CMD> selectObject Pin u_uart_top/u_uart_rx/g3444__8246/B1
<CMD> selectObject Pin u_uart_top/u_uart_rx/g3444__8246/A2
<CMD> selectObject Pin u_uart_top/u_uart_rx/g3444__8246/A1
<CMD> selectInst u_uart_top/u_uart_rx/g3441__2802
<CMD> selectObject Pin u_uart_top/u_uart_rx/g3441__2802/ZN
<CMD> selectObject Pin u_uart_top/u_uart_rx/g3441__2802/B2
<CMD> selectObject Pin u_uart_top/u_uart_rx/g3441__2802/B1
<CMD> selectObject Pin u_uart_top/u_uart_rx/g3441__2802/A
<CMD> selectInst u_uart_top/u_uart_rx/g3137__4319
<CMD> selectObject Pin u_uart_top/u_uart_rx/g3137__4319/ZN
<CMD> selectObject Pin u_uart_top/u_uart_rx/g3137__4319/A2
<CMD> selectObject Pin u_uart_top/u_uart_rx/g3137__4319/A1
<CMD> selectInst u_uart_top/u_uart_rx/g3116__6417
<CMD> selectObject Pin u_uart_top/u_uart_rx/g3116__6417/Z
<CMD> selectObject Pin u_uart_top/u_uart_rx/g3116__6417/A3
<CMD> selectObject Pin u_uart_top/u_uart_rx/g3116__6417/A2
<CMD> selectObject Pin u_uart_top/u_uart_rx/g3116__6417/A1
<CMD> selectInst u_uart_top/u_uart_rx/FE_OFC26_rst_n_core
<CMD> selectObject Pin u_uart_top/u_uart_rx/FE_OFC26_rst_n_core/Z
<CMD> selectObject Pin u_uart_top/u_uart_rx/FE_OFC26_rst_n_core/I
<CMD> selectInst {u_uart_top/u_uart_rx/rx_data_reg[7]}
<CMD> selectObject Pin {u_uart_top/u_uart_rx/rx_data_reg[7]/Q}
<CMD> selectObject Pin {u_uart_top/u_uart_rx/rx_data_reg[7]/D}
<CMD> selectObject Pin {u_uart_top/u_uart_rx/rx_data_reg[7]/CP}
<CMD> selectObject Pin {u_uart_top/u_uart_rx/rx_data_reg[7]/CDN}
<CMD> selectInst {u_uart_top/u_uart_rx/rx_data_reg[5]}
<CMD> selectObject Pin {u_uart_top/u_uart_rx/rx_data_reg[5]/Q}
<CMD> selectObject Pin {u_uart_top/u_uart_rx/rx_data_reg[5]/D}
<CMD> selectObject Pin {u_uart_top/u_uart_rx/rx_data_reg[5]/CP}
<CMD> selectObject Pin {u_uart_top/u_uart_rx/rx_data_reg[5]/CDN}
<CMD> selectInst {u_uart_top/u_uart_rx/data_reg_reg[7]}
<CMD> selectObject Pin {u_uart_top/u_uart_rx/data_reg_reg[7]/Q}
<CMD> selectObject Pin {u_uart_top/u_uart_rx/data_reg_reg[7]/D}
<CMD> selectObject Pin {u_uart_top/u_uart_rx/data_reg_reg[7]/CP}
<CMD> selectObject Pin {u_uart_top/u_uart_rx/data_reg_reg[7]/CDN}
<CMD> selectInst u_uart_top/u_uart_rx/FE_OFC0_rx_data_core_7
<CMD> selectObject Pin u_uart_top/u_uart_rx/FE_OFC0_rx_data_core_7/Z
<CMD> selectObject Pin u_uart_top/u_uart_rx/FE_OFC0_rx_data_core_7/I
<CMD> selectInst FE_FILLER_N_2
<CMD> selectInst FE_FILLER_N_3
<CMD> selectInst FE_FILLER_N_4
<CMD> selectInst FE_FILLER_N_5
<CMD> selectInst FE_FILLER_N_6
<CMD> selectInst FE_FILLER_N_7
<CMD> selectInst FE_FILLER_N_8
<CMD> selectInst FE_FILLER_N_9
<CMD> selectInst FE_FILLER_N_10
<CMD> selectInst FE_FILLER_N_11
<CMD> selectInst corner_4
<CMD> selectInst pv0a_VSSO_CORE_2
<CMD> selectInst {g_rx_data_pads[3].u_pad_rx_data}
<CMD> selectObject Pin {g_rx_data_pads[3].u_pad_rx_data/PAD}
<CMD> selectObject Pin {g_rx_data_pads[3].u_pad_rx_data/I}
<CMD> selectInst {g_rx_data_pads[2].u_pad_rx_data}
<CMD> selectObject Pin {g_rx_data_pads[2].u_pad_rx_data/PAD}
<CMD> selectObject Pin {g_rx_data_pads[2].u_pad_rx_data/I}
<CMD> selectInst {g_rx_data_pads[1].u_pad_rx_data}
<CMD> selectObject Pin {g_rx_data_pads[1].u_pad_rx_data/PAD}
<CMD> selectObject Pin {g_rx_data_pads[1].u_pad_rx_data/I}
<CMD> selectInst {g_rx_data_pads[0].u_pad_rx_data}
<CMD> selectObject Pin {g_rx_data_pads[0].u_pad_rx_data/PAD}
<CMD> selectObject Pin {g_rx_data_pads[0].u_pad_rx_data/I}
<CMD> selectInst u_uart_top/u_uart_rx/g3511__3680
<CMD> selectObject Pin u_uart_top/u_uart_rx/g3511__3680/Z
<CMD> selectObject Pin u_uart_top/u_uart_rx/g3511__3680/S
<CMD> selectObject Pin u_uart_top/u_uart_rx/g3511__3680/I1
<CMD> selectObject Pin u_uart_top/u_uart_rx/g3511__3680/I0
<CMD> selectInst u_uart_top/u_uart_rx/g3508__8428
<CMD> selectObject Pin u_uart_top/u_uart_rx/g3508__8428/Z
<CMD> selectObject Pin u_uart_top/u_uart_rx/g3508__8428/S
<CMD> selectObject Pin u_uart_top/u_uart_rx/g3508__8428/I1
<CMD> selectObject Pin u_uart_top/u_uart_rx/g3508__8428/I0
<CMD> selectInst {u_uart_top/u_uart_rx/rx_data_reg[6]}
<CMD> selectObject Pin {u_uart_top/u_uart_rx/rx_data_reg[6]/Q}
<CMD> selectObject Pin {u_uart_top/u_uart_rx/rx_data_reg[6]/D}
<CMD> selectObject Pin {u_uart_top/u_uart_rx/rx_data_reg[6]/CP}
<CMD> selectObject Pin {u_uart_top/u_uart_rx/rx_data_reg[6]/CDN}
<CMD> selectInst {u_uart_top/u_uart_rx/rx_data_reg[4]}
<CMD> selectObject Pin {u_uart_top/u_uart_rx/rx_data_reg[4]/Q}
<CMD> selectObject Pin {u_uart_top/u_uart_rx/rx_data_reg[4]/D}
<CMD> selectObject Pin {u_uart_top/u_uart_rx/rx_data_reg[4]/CP}
<CMD> selectObject Pin {u_uart_top/u_uart_rx/rx_data_reg[4]/CDN}
<CMD> selectInst {u_uart_top/u_uart_rx/rx_data_reg[3]}
<CMD> selectObject Pin {u_uart_top/u_uart_rx/rx_data_reg[3]/Q}
<CMD> selectObject Pin {u_uart_top/u_uart_rx/rx_data_reg[3]/D}
<CMD> selectObject Pin {u_uart_top/u_uart_rx/rx_data_reg[3]/CP}
<CMD> selectObject Pin {u_uart_top/u_uart_rx/rx_data_reg[3]/CDN}
<CMD> selectInst {u_uart_top/u_uart_rx/rx_data_reg[1]}
<CMD> selectObject Pin {u_uart_top/u_uart_rx/rx_data_reg[1]/Q}
<CMD> selectObject Pin {u_uart_top/u_uart_rx/rx_data_reg[1]/D}
<CMD> selectObject Pin {u_uart_top/u_uart_rx/rx_data_reg[1]/CP}
<CMD> selectObject Pin {u_uart_top/u_uart_rx/rx_data_reg[1]/CDN}
<CMD> selectInst u_uart_top/u_uart_rx/FE_OFC2_rx_data_core_6
<CMD> selectObject Pin u_uart_top/u_uart_rx/FE_OFC2_rx_data_core_6/Z
<CMD> selectObject Pin u_uart_top/u_uart_rx/FE_OFC2_rx_data_core_6/I
<CMD> selectInst u_uart_top/u_uart_rx/FE_OFC4_rx_data_core_4
<CMD> selectObject Pin u_uart_top/u_uart_rx/FE_OFC4_rx_data_core_4/Z
<CMD> selectObject Pin u_uart_top/u_uart_rx/FE_OFC4_rx_data_core_4/I
<CMD> selectInst u_uart_top/u_uart_rx/FE_OFC5_rx_data_core_3
<CMD> selectObject Pin u_uart_top/u_uart_rx/FE_OFC5_rx_data_core_3/Z
<CMD> selectObject Pin u_uart_top/u_uart_rx/FE_OFC5_rx_data_core_3/I
<CMD> selectInst u_uart_top/u_uart_rx/FE_OFC7_rx_data_core_1
<CMD> selectObject Pin u_uart_top/u_uart_rx/FE_OFC7_rx_data_core_1/Z
<CMD> selectObject Pin u_uart_top/u_uart_rx/FE_OFC7_rx_data_core_1/I
<CMD> selectInst u_uart_top/u_uart_rx/FE_OFC8_rx_data_core_0
<CMD> selectObject Pin u_uart_top/u_uart_rx/FE_OFC8_rx_data_core_0/Z
<CMD> selectObject Pin u_uart_top/u_uart_rx/FE_OFC8_rx_data_core_0/I
<CMD> selectInst FE_FILLER_E_0
<CMD> selectInst FE_FILLER_E_12
<CMD> selectInst FE_FILLER_E_13
<CMD> selectInst FE_FILLER_E_14
<CMD> selectInst FE_FILLER_E_15
<CMD> selectInst FE_FILLER_E_16
<CMD> selectInst FE_FILLER_E_17
<CMD> selectInst {g_tx_data_pads[7].u_pad_tx_data}
<CMD> selectObject Pin {g_tx_data_pads[7].u_pad_tx_data/CIN}
<CMD> selectObject Pin {g_tx_data_pads[7].u_pad_tx_data/PAD}
<CMD> selectInst {g_tx_data_pads[6].u_pad_tx_data}
<CMD> selectObject Pin {g_tx_data_pads[6].u_pad_tx_data/CIN}
<CMD> selectObject Pin {g_tx_data_pads[6].u_pad_tx_data/PAD}
<CMD> selectInst {g_tx_data_pads[5].u_pad_tx_data}
<CMD> selectObject Pin {g_tx_data_pads[5].u_pad_tx_data/CIN}
<CMD> selectObject Pin {g_tx_data_pads[5].u_pad_tx_data/PAD}
<CMD> selectInst u_uart_top/u_uart_tx/FE_OFC9_tx_data_core_7
<CMD> selectObject Pin u_uart_top/u_uart_tx/FE_OFC9_tx_data_core_7/Z
<CMD> selectObject Pin u_uart_top/u_uart_tx/FE_OFC9_tx_data_core_7/I
<CMD> selectInst u_uart_top/u_uart_tx/FE_OFC10_tx_data_core_6
<CMD> selectObject Pin u_uart_top/u_uart_tx/FE_OFC10_tx_data_core_6/Z
<CMD> selectObject Pin u_uart_top/u_uart_tx/FE_OFC10_tx_data_core_6/I
<CMD> selectInst u_uart_top/u_uart_tx/FE_OFC11_tx_data_core_5
<CMD> selectObject Pin u_uart_top/u_uart_tx/FE_OFC11_tx_data_core_5/Z
<CMD> selectObject Pin u_uart_top/u_uart_tx/FE_OFC11_tx_data_core_5/I
<CMD> selectInst u_uart_top/u_uart_tx/FE_OFC12_tx_data_core_4
<CMD> selectObject Pin u_uart_top/u_uart_tx/FE_OFC12_tx_data_core_4/Z
<CMD> selectObject Pin u_uart_top/u_uart_tx/FE_OFC12_tx_data_core_4/I
<CMD> selectInst u_uart_top/u_uart_tx/FE_OFC45_tx_data_core_5
<CMD> selectObject Pin u_uart_top/u_uart_tx/FE_OFC45_tx_data_core_5/Z
<CMD> selectObject Pin u_uart_top/u_uart_tx/FE_OFC45_tx_data_core_5/I
<CMD> selectInst u_uart_top/u_uart_tx/FE_OFC53_tx_data_core_7
<CMD> selectObject Pin u_uart_top/u_uart_tx/FE_OFC53_tx_data_core_7/Z
<CMD> selectObject Pin u_uart_top/u_uart_tx/FE_OFC53_tx_data_core_7/I
<CMD> selectInst FE_FILLER_E_1
<CMD> selectInst FE_FILLER_E_18
<CMD> selectInst FE_FILLER_E_19
<CMD> selectInst FE_FILLER_E_20
<CMD> selectInst FE_FILLER_E_21
<CMD> selectInst FE_FILLER_E_22
<CMD> selectInst FE_FILLER_N_0
<CMD> selectInst FE_FILLER_N_1
<CMD> selectInst FE_FILLER_N_12
<CMD> selectInst FE_FILLER_N_13
<CMD> selectInst FE_FILLER_N_14
<CMD> selectInst FE_FILLER_N_15
<CMD> selectInst FE_FILLER_N_16
<CMD> selectInst FE_FILLER_N_17
<CMD> selectInst FE_FILLER_N_18
<CMD> selectInst FE_FILLER_N_19
<CMD> selectInst FE_FILLER_N_20
<CMD> selectInst FE_FILLER_N_21
<CMD> selectInst FE_FILLER_N_22
<CMD> selectInst corner_3
<CMD> selectInst {g_rx_data_pads[7].u_pad_rx_data}
<CMD> selectObject Pin {g_rx_data_pads[7].u_pad_rx_data/PAD}
<CMD> selectObject Pin {g_rx_data_pads[7].u_pad_rx_data/I}
<CMD> selectInst {g_rx_data_pads[6].u_pad_rx_data}
<CMD> selectObject Pin {g_rx_data_pads[6].u_pad_rx_data/PAD}
<CMD> selectObject Pin {g_rx_data_pads[6].u_pad_rx_data/I}
<CMD> selectInst {g_rx_data_pads[5].u_pad_rx_data}
<CMD> selectObject Pin {g_rx_data_pads[5].u_pad_rx_data/PAD}
<CMD> selectObject Pin {g_rx_data_pads[5].u_pad_rx_data/I}
<CMD> selectInst FE_OFC1_rx_data_core_7
<CMD> selectObject Pin FE_OFC1_rx_data_core_7/Z
<CMD> selectObject Pin FE_OFC1_rx_data_core_7/I
<CMD> selectWire 299.8400 954.3000 965.1200 955.7800 1 VSS_CORE
<CMD> selectWire 299.8400 943.1000 965.1200 944.5800 1 VSS_CORE
<CMD> selectWire 299.8400 931.9000 965.1200 933.3800 1 VSS_CORE
<CMD> selectWire 299.8400 920.7000 965.1200 922.1800 1 VSS_CORE
<CMD> selectWire 299.8400 909.5000 965.1200 910.9800 1 VSS_CORE
<CMD> selectWire 299.8400 898.3000 965.1200 899.7800 1 VSS_CORE
<CMD> selectWire 299.8400 887.1000 965.1200 888.5800 1 VSS_CORE
<CMD> selectWire 299.8400 875.9000 965.1200 877.3800 1 VSS_CORE
<CMD> selectWire 299.8400 864.7000 965.1200 866.1800 1 VSS_CORE
<CMD> selectWire 299.8400 853.5000 965.1200 854.9800 1 VSS_CORE
<CMD> selectWire 299.8400 842.3000 965.1200 843.7800 1 VSS_CORE
<CMD> selectWire 299.8400 831.1000 965.1200 832.5800 1 VSS_CORE
<CMD> selectWire 299.8400 819.9000 965.1200 821.3800 1 VSS_CORE
<CMD> selectWire 299.8400 808.7000 965.1200 810.1800 1 VSS_CORE
<CMD> selectWire 299.8400 797.5000 965.1200 798.9800 1 VSS_CORE
<CMD> selectWire 299.8400 786.3000 965.1200 787.7800 1 VSS_CORE
<CMD> selectWire 299.8400 775.1000 965.1200 776.5800 1 VSS_CORE
<CMD> selectWire 299.8400 763.9000 965.1200 765.3800 1 VSS_CORE
<CMD> selectWire 299.8400 752.7000 965.1200 754.1800 1 VSS_CORE
<CMD> selectWire 299.8400 741.5000 965.1200 742.9800 1 VSS_CORE
<CMD> selectWire 299.8400 730.3000 965.1200 731.7800 1 VSS_CORE
<CMD> selectWire 299.8400 719.1000 965.1200 720.5800 1 VSS_CORE
<CMD> selectWire 299.8400 707.9000 965.1200 709.3800 1 VSS_CORE
<CMD> selectWire 299.8400 696.7000 965.1200 698.1800 1 VSS_CORE
<CMD> selectWire 299.8400 685.5000 965.1200 686.9800 1 VSS_CORE
<CMD> selectWire 299.8400 674.3000 965.1200 675.7800 1 VSS_CORE
<CMD> selectWire 299.8400 663.1000 965.1200 664.5800 1 VSS_CORE
<CMD> selectWire 299.8400 651.9000 965.1200 653.3800 1 VSS_CORE
<CMD> selectWire 299.8400 640.7000 965.1200 642.1800 1 VSS_CORE
<CMD> selectWire 299.8400 629.5000 965.1200 630.9800 1 VSS_CORE
<CMD> selectWire 299.8400 618.3000 965.1200 619.7800 1 VSS_CORE
<CMD> selectWire 299.8400 607.1000 965.1200 608.5800 1 VSS_CORE
<CMD> selectWire 299.8400 595.9000 965.1200 597.3800 1 VSS_CORE
<CMD> selectWire 299.8400 584.7000 965.1200 586.1800 1 VSS_CORE
<CMD> selectWire 299.8400 573.5000 965.1200 574.9800 1 VSS_CORE
<CMD> selectWire 299.8400 562.3000 965.1200 563.7800 1 VSS_CORE
<CMD> selectWire 299.8400 551.1000 965.1200 552.5800 1 VSS_CORE
<CMD> selectWire 299.8400 539.9000 965.1200 541.3800 1 VSS_CORE
<CMD> selectWire 299.8400 528.7000 965.1200 530.1800 1 VSS_CORE
<CMD> selectWire 299.8400 517.5000 965.1200 518.9800 1 VSS_CORE
<CMD> selectWire 299.8400 506.3000 965.1200 507.7800 1 VSS_CORE
<CMD> selectWire 299.8400 495.1000 965.1200 496.5800 1 VSS_CORE
<CMD> selectWire 299.8400 483.9000 965.1200 485.3800 1 VSS_CORE
<CMD> selectWire 299.8400 472.7000 965.1200 474.1800 1 VSS_CORE
<CMD> selectWire 299.8400 461.5000 965.1200 462.9800 1 VSS_CORE
<CMD> selectWire 299.8400 450.3000 965.1200 451.7800 1 VSS_CORE
<CMD> selectWire 299.8400 439.1000 965.1200 440.5800 1 VSS_CORE
<CMD> selectWire 299.8400 427.9000 965.1200 429.3800 1 VSS_CORE
<CMD> selectWire 299.8400 416.7000 965.1200 418.1800 1 VSS_CORE
<CMD> selectWire 299.8400 405.5000 965.1200 406.9800 1 VSS_CORE
<CMD> selectWire 299.8400 394.3000 965.1200 395.7800 1 VSS_CORE
<CMD> selectWire 299.8400 383.1000 965.1200 384.5800 1 VSS_CORE
<CMD> selectWire 299.8400 371.9000 965.1200 373.3800 1 VSS_CORE
<CMD> selectWire 299.8400 360.7000 965.1200 362.1800 1 VSS_CORE
<CMD> selectWire 299.8400 349.5000 965.1200 350.9800 1 VSS_CORE
<CMD> selectWire 299.8400 338.3000 965.1200 339.7800 1 VSS_CORE
<CMD> selectWire 299.8400 327.1000 965.1200 328.5800 1 VSS_CORE
<CMD> selectWire 299.8400 315.9000 965.1200 317.3800 1 VSS_CORE
<CMD> selectWire 262.9200 707.9000 299.8400 709.3800 1 VSS_CORE
<CMD> selectWire 262.9200 696.7000 299.8400 698.1800 1 VSS_CORE
<CMD> selectWire 262.9200 685.5000 299.8400 686.9800 1 VSS_CORE
<CMD> selectWire 262.9200 674.3000 299.8400 675.7800 1 VSS_CORE
<CMD> selectWire 262.9200 663.1000 299.8400 664.5800 1 VSS_CORE
<CMD> selectWire 262.9200 651.9000 299.8400 653.3800 1 VSS_CORE
<CMD> selectWire 262.9200 640.7000 299.8400 642.1800 1 VSS_CORE
<CMD> selectWire 262.9200 629.5000 299.8400 630.9800 1 VSS_CORE
<CMD> selectWire 262.9200 618.3000 299.8400 619.7800 1 VSS_CORE
<CMD> selectWire 262.9200 607.1000 299.8400 608.5800 1 VSS_CORE
<CMD> selectWire 262.9200 595.9000 299.8400 597.3800 1 VSS_CORE
<CMD> selectWire 262.9200 584.7000 299.8400 586.1800 1 VSS_CORE
<CMD> selectWire 262.9200 573.5000 299.8400 574.9800 1 VSS_CORE
<CMD> selectWire 262.9200 562.3000 299.8400 563.7800 1 VSS_CORE
<CMD> selectWire 262.9200 551.1000 299.8400 552.5800 1 VSS_CORE
<CMD> selectWire 262.9200 539.9000 299.8400 541.3800 1 VSS_CORE
<CMD> selectWire 262.9200 528.7000 299.8400 530.1800 1 VSS_CORE
<CMD> selectWire 262.9200 517.5000 299.8400 518.9800 1 VSS_CORE
<CMD> selectWire 262.9200 506.3000 299.8400 507.7800 1 VSS_CORE
<CMD> selectWire 262.9200 495.1000 299.8400 496.5800 1 VSS_CORE
<CMD> selectWire 262.9200 483.9000 299.8400 485.3800 1 VSS_CORE
<CMD> selectWire 262.9200 472.7000 299.8400 474.1800 1 VSS_CORE
<CMD> selectWire 262.9200 461.5000 299.8400 462.9800 1 VSS_CORE
<CMD> selectWire 262.9200 450.3000 299.8400 451.7800 1 VSS_CORE
<CMD> selectWire 262.9200 439.1000 299.8400 440.5800 1 VSS_CORE
<CMD> selectWire 262.9200 427.9000 299.8400 429.3800 1 VSS_CORE
<CMD> selectWire 262.9200 416.7000 299.8400 418.1800 1 VSS_CORE
<CMD> selectWire 262.9200 405.5000 299.8400 406.9800 1 VSS_CORE
<CMD> selectWire 262.9200 394.3000 299.8400 395.7800 1 VSS_CORE
<CMD> selectWire 262.9200 383.1000 299.8400 384.5800 1 VSS_CORE
<CMD> selectWire 262.9200 371.9000 299.8400 373.3800 1 VSS_CORE
<CMD> selectWire 262.9200 360.7000 299.8400 362.1800 1 VSS_CORE
<CMD> selectWire 262.9200 349.5000 299.8400 350.9800 1 VSS_CORE
<CMD> selectWire 262.9200 338.3000 299.8400 339.7800 1 VSS_CORE
<CMD> selectWire 262.9200 327.1000 299.8400 328.5800 1 VSS_CORE
<CMD> selectWire 262.9200 315.9000 299.8400 317.3800 1 VSS_CORE
<CMD> selectWire 262.9200 954.3000 299.8400 955.7800 1 VSS_CORE
<CMD> selectWire 262.9200 943.1000 299.8400 944.5800 1 VSS_CORE
<CMD> selectWire 262.9200 931.9000 299.8400 933.3800 1 VSS_CORE
<CMD> selectWire 262.9200 920.7000 299.8400 922.1800 1 VSS_CORE
<CMD> selectWire 262.9200 909.5000 299.8400 910.9800 1 VSS_CORE
<CMD> selectWire 262.9200 898.3000 299.8400 899.7800 1 VSS_CORE
<CMD> selectWire 262.9200 887.1000 299.8400 888.5800 1 VSS_CORE
<CMD> selectWire 262.9200 875.9000 299.8400 877.3800 1 VSS_CORE
<CMD> selectWire 262.9200 864.7000 299.8400 866.1800 1 VSS_CORE
<CMD> selectWire 262.9200 853.5000 299.8400 854.9800 1 VSS_CORE
<CMD> selectWire 262.9200 842.3000 299.8400 843.7800 1 VSS_CORE
<CMD> selectWire 262.9200 831.1000 299.8400 832.5800 1 VSS_CORE
<CMD> selectWire 262.9200 819.9000 299.8400 821.3800 1 VSS_CORE
<CMD> selectWire 262.9200 808.7000 299.8400 810.1800 1 VSS_CORE
<CMD> selectWire 262.9200 797.5000 299.8400 798.9800 1 VSS_CORE
<CMD> selectWire 262.9200 786.3000 299.8400 787.7800 1 VSS_CORE
<CMD> selectWire 262.9200 775.1000 299.8400 776.5800 1 VSS_CORE
<CMD> selectWire 262.9200 763.9000 299.8400 765.3800 1 VSS_CORE
<CMD> selectWire 262.9200 752.7000 299.8400 754.1800 1 VSS_CORE
<CMD> selectWire 965.1200 954.3000 1002.0600 955.7800 1 VSS_CORE
<CMD> selectWire 965.1200 943.1000 1002.0600 944.5800 1 VSS_CORE
<CMD> selectWire 965.1200 931.9000 1002.0600 933.3800 1 VSS_CORE
<CMD> selectWire 965.1200 920.7000 1002.0600 922.1800 1 VSS_CORE
<CMD> selectWire 965.1200 909.5000 1002.0600 910.9800 1 VSS_CORE
<CMD> selectWire 965.1200 898.3000 1002.0600 899.7800 1 VSS_CORE
<CMD> selectWire 965.1200 887.1000 1002.0600 888.5800 1 VSS_CORE
<CMD> selectWire 965.1200 875.9000 1002.0600 877.3800 1 VSS_CORE
<CMD> selectWire 965.1200 864.7000 1002.0600 866.1800 1 VSS_CORE
<CMD> selectWire 965.1200 853.5000 1002.0600 854.9800 1 VSS_CORE
<CMD> selectWire 965.1200 842.3000 1002.0600 843.7800 1 VSS_CORE
<CMD> selectWire 965.1200 831.1000 1002.0600 832.5800 1 VSS_CORE
<CMD> selectWire 965.1200 819.9000 1002.0600 821.3800 1 VSS_CORE
<CMD> selectWire 965.1200 808.7000 1002.0600 810.1800 1 VSS_CORE
<CMD> selectWire 965.1200 797.5000 1002.0600 798.9800 1 VSS_CORE
<CMD> selectWire 965.1200 786.3000 1002.0600 787.7800 1 VSS_CORE
<CMD> selectWire 965.1200 775.1000 1002.0600 776.5800 1 VSS_CORE
<CMD> selectWire 965.1200 763.9000 1002.0600 765.3800 1 VSS_CORE
<CMD> selectWire 965.1200 752.7000 1002.0600 754.1800 1 VSS_CORE
<CMD> selectWire 965.1200 741.5000 1002.0600 742.9800 1 VSS_CORE
<CMD> selectWire 965.1200 730.3000 1002.0600 731.7800 1 VSS_CORE
<CMD> selectWire 965.1200 719.1000 1002.0600 720.5800 1 VSS_CORE
<CMD> selectWire 965.1200 707.9000 1002.0600 709.3800 1 VSS_CORE
<CMD> selectWire 965.1200 696.7000 1002.0600 698.1800 1 VSS_CORE
<CMD> selectWire 965.1200 685.5000 1002.0600 686.9800 1 VSS_CORE
<CMD> selectWire 965.1200 674.3000 1002.0600 675.7800 1 VSS_CORE
<CMD> selectWire 965.1200 663.1000 1002.0600 664.5800 1 VSS_CORE
<CMD> selectWire 965.1200 651.9000 1002.0600 653.3800 1 VSS_CORE
<CMD> selectWire 965.1200 640.7000 1002.0600 642.1800 1 VSS_CORE
<CMD> selectWire 965.1200 629.5000 1002.0600 630.9800 1 VSS_CORE
<CMD> selectWire 965.1200 618.3000 1002.0600 619.7800 1 VSS_CORE
<CMD> selectWire 965.1200 607.1000 1002.0600 608.5800 1 VSS_CORE
<CMD> selectWire 965.1200 595.9000 1002.0600 597.3800 1 VSS_CORE
<CMD> selectWire 965.1200 584.7000 1002.0600 586.1800 1 VSS_CORE
<CMD> selectWire 965.1200 573.5000 1002.0600 574.9800 1 VSS_CORE
<CMD> selectWire 965.1200 562.3000 1002.0600 563.7800 1 VSS_CORE
<CMD> selectWire 965.1200 551.1000 1002.0600 552.5800 1 VSS_CORE
<CMD> selectWire 965.1200 539.9000 1002.0600 541.3800 1 VSS_CORE
<CMD> selectWire 965.1200 528.7000 1002.0600 530.1800 1 VSS_CORE
<CMD> selectWire 965.1200 517.5000 1002.0600 518.9800 1 VSS_CORE
<CMD> selectWire 965.1200 506.3000 1002.0600 507.7800 1 VSS_CORE
<CMD> selectWire 965.1200 495.1000 1002.0600 496.5800 1 VSS_CORE
<CMD> selectWire 965.1200 483.9000 1002.0600 485.3800 1 VSS_CORE
<CMD> selectWire 965.1200 472.7000 1002.0600 474.1800 1 VSS_CORE
<CMD> selectWire 965.1200 461.5000 1002.0600 462.9800 1 VSS_CORE
<CMD> selectWire 965.1200 450.3000 1002.0600 451.7800 1 VSS_CORE
<CMD> selectWire 965.1200 439.1000 1002.0600 440.5800 1 VSS_CORE
<CMD> selectWire 965.1200 427.9000 1002.0600 429.3800 1 VSS_CORE
<CMD> selectWire 965.1200 416.7000 1002.0600 418.1800 1 VSS_CORE
<CMD> selectWire 965.1200 405.5000 1002.0600 406.9800 1 VSS_CORE
<CMD> selectWire 965.1200 394.3000 1002.0600 395.7800 1 VSS_CORE
<CMD> selectWire 965.1200 383.1000 1002.0600 384.5800 1 VSS_CORE
<CMD> selectWire 965.1200 371.9000 1002.0600 373.3800 1 VSS_CORE
<CMD> selectWire 965.1200 360.7000 1002.0600 362.1800 1 VSS_CORE
<CMD> selectWire 965.1200 349.5000 1002.0600 350.9800 1 VSS_CORE
<CMD> selectWire 965.1200 338.3000 1002.0600 339.7800 1 VSS_CORE
<CMD> selectWire 965.1200 327.1000 1002.0600 328.5800 1 VSS_CORE
<CMD> selectWire 965.1200 315.9000 1002.0600 317.3800 1 VSS_CORE
<CMD> selectVia 994.0600 954.3000 1002.0600 955.7800 2 VSS_CORE
<CMD> selectVia 994.0600 943.1000 1002.0600 944.5800 2 VSS_CORE
<CMD> selectVia 994.0600 931.9000 1002.0600 933.3800 2 VSS_CORE
<CMD> selectVia 994.0600 920.7000 1002.0600 922.1800 2 VSS_CORE
<CMD> selectVia 994.0600 909.5000 1002.0600 910.9800 2 VSS_CORE
<CMD> selectVia 994.0600 898.3000 1002.0600 899.7800 2 VSS_CORE
<CMD> selectVia 994.0600 887.1000 1002.0600 888.5800 2 VSS_CORE
<CMD> selectVia 994.0600 875.9000 1002.0600 877.3800 2 VSS_CORE
<CMD> selectVia 994.0600 864.7000 1002.0600 866.1800 2 VSS_CORE
<CMD> selectVia 994.0600 853.5000 1002.0600 854.9800 2 VSS_CORE
<CMD> selectVia 994.0600 842.3000 1002.0600 843.7800 2 VSS_CORE
<CMD> selectVia 994.0600 831.1000 1002.0600 832.5800 2 VSS_CORE
<CMD> selectVia 994.0600 819.9000 1002.0600 821.3800 2 VSS_CORE
<CMD> selectVia 994.0600 808.7000 1002.0600 810.1800 2 VSS_CORE
<CMD> selectVia 994.0600 797.5000 1002.0600 798.9800 2 VSS_CORE
<CMD> selectVia 994.0600 786.3000 1002.0600 787.7800 2 VSS_CORE
<CMD> selectVia 994.0600 775.1000 1002.0600 776.5800 2 VSS_CORE
<CMD> selectVia 994.0600 763.9000 1002.0600 765.3800 2 VSS_CORE
<CMD> selectVia 994.0600 752.7000 1002.0600 754.1800 2 VSS_CORE
<CMD> selectVia 994.0600 741.5000 1002.0600 742.9800 2 VSS_CORE
<CMD> selectVia 994.0600 730.3000 1002.0600 731.7800 2 VSS_CORE
<CMD> selectVia 994.0600 719.1000 1002.0600 720.5800 2 VSS_CORE
<CMD> selectVia 994.0600 707.9000 1002.0600 709.3800 2 VSS_CORE
<CMD> selectVia 994.0600 696.7000 1002.0600 698.1800 2 VSS_CORE
<CMD> selectVia 994.0600 685.5000 1002.0600 686.9800 2 VSS_CORE
<CMD> selectVia 994.0600 674.3000 1002.0600 675.7800 2 VSS_CORE
<CMD> selectVia 994.0600 663.1000 1002.0600 664.5800 2 VSS_CORE
<CMD> selectVia 994.0600 651.9000 1002.0600 653.3800 2 VSS_CORE
<CMD> selectVia 994.0600 640.7000 1002.0600 642.1800 2 VSS_CORE
<CMD> selectVia 994.0600 629.5000 1002.0600 630.9800 2 VSS_CORE
<CMD> selectVia 994.0600 618.3000 1002.0600 619.7800 2 VSS_CORE
<CMD> selectVia 994.0600 607.1000 1002.0600 608.5800 2 VSS_CORE
<CMD> selectVia 994.0600 595.9000 1002.0600 597.3800 2 VSS_CORE
<CMD> selectVia 994.0600 584.7000 1002.0600 586.1800 2 VSS_CORE
<CMD> selectVia 994.0600 573.5000 1002.0600 574.9800 2 VSS_CORE
<CMD> selectVia 994.0600 562.3000 1002.0600 563.7800 2 VSS_CORE
<CMD> selectVia 994.0600 551.1000 1002.0600 552.5800 2 VSS_CORE
<CMD> selectVia 994.0600 539.9000 1002.0600 541.3800 2 VSS_CORE
<CMD> selectVia 994.0600 528.7000 1002.0600 530.1800 2 VSS_CORE
<CMD> selectVia 994.0600 517.5000 1002.0600 518.9800 2 VSS_CORE
<CMD> selectVia 994.0600 506.3000 1002.0600 507.7800 2 VSS_CORE
<CMD> selectVia 994.0600 495.1000 1002.0600 496.5800 2 VSS_CORE
<CMD> selectVia 994.0600 483.9000 1002.0600 485.3800 2 VSS_CORE
<CMD> selectVia 994.0600 472.7000 1002.0600 474.1800 2 VSS_CORE
<CMD> selectVia 994.0600 461.5000 1002.0600 462.9800 2 VSS_CORE
<CMD> selectVia 994.0600 450.3000 1002.0600 451.7800 2 VSS_CORE
<CMD> selectVia 994.0600 439.1000 1002.0600 440.5800 2 VSS_CORE
<CMD> selectVia 994.0600 427.9000 1002.0600 429.3800 2 VSS_CORE
<CMD> selectVia 994.0600 416.7000 1002.0600 418.1800 2 VSS_CORE
<CMD> selectVia 994.0600 405.5000 1002.0600 406.9800 2 VSS_CORE
<CMD> selectVia 994.0600 394.3000 1002.0600 395.7800 2 VSS_CORE
<CMD> selectVia 994.0600 383.1000 1002.0600 384.5800 2 VSS_CORE
<CMD> selectVia 994.0600 371.9000 1002.0600 373.3800 2 VSS_CORE
<CMD> selectVia 994.0600 360.7000 1002.0600 362.1800 2 VSS_CORE
<CMD> selectVia 994.0600 349.5000 1002.0600 350.9800 2 VSS_CORE
<CMD> selectVia 994.0600 338.3000 1002.0600 339.7800 2 VSS_CORE
<CMD> selectVia 994.0600 327.1000 1002.0600 328.5800 2 VSS_CORE
<CMD> selectVia 994.0600 315.9000 1002.0600 317.3800 2 VSS_CORE
<CMD> selectVia 994.0600 304.7000 1002.0600 306.1800 2 VSS_CORE
<CMD> selectVia 262.9200 707.9000 270.9200 709.3800 2 VSS_CORE
<CMD> selectVia 262.9200 696.7000 270.9200 698.1800 2 VSS_CORE
<CMD> selectVia 262.9200 685.5000 270.9200 686.9800 2 VSS_CORE
<CMD> selectVia 262.9200 674.3000 270.9200 675.7800 2 VSS_CORE
<CMD> selectVia 262.9200 663.1000 270.9200 664.5800 2 VSS_CORE
<CMD> selectVia 262.9200 651.9000 270.9200 653.3800 2 VSS_CORE
<CMD> selectVia 262.9200 640.7000 270.9200 642.1800 2 VSS_CORE
<CMD> selectVia 262.9200 629.5000 270.9200 630.9800 2 VSS_CORE
<CMD> selectVia 262.9200 618.3000 270.9200 619.7800 2 VSS_CORE
<CMD> selectVia 262.9200 607.1000 270.9200 608.5800 2 VSS_CORE
<CMD> selectVia 262.9200 595.9000 270.9200 597.3800 2 VSS_CORE
<CMD> selectVia 262.9200 584.7000 270.9200 586.1800 2 VSS_CORE
<CMD> selectVia 262.9200 573.5000 270.9200 574.9800 2 VSS_CORE
<CMD> selectVia 262.9200 562.3000 270.9200 563.7800 2 VSS_CORE
<CMD> selectVia 262.9200 551.1000 270.9200 552.5800 2 VSS_CORE
<CMD> selectVia 262.9200 539.9000 270.9200 541.3800 2 VSS_CORE
<CMD> selectVia 262.9200 528.7000 270.9200 530.1800 2 VSS_CORE
<CMD> selectVia 262.9200 517.5000 270.9200 518.9800 2 VSS_CORE
<CMD> selectVia 262.9200 506.3000 270.9200 507.7800 2 VSS_CORE
<CMD> selectVia 262.9200 495.1000 270.9200 496.5800 2 VSS_CORE
<CMD> selectVia 262.9200 483.9000 270.9200 485.3800 2 VSS_CORE
<CMD> selectVia 262.9200 472.7000 270.9200 474.1800 2 VSS_CORE
<CMD> selectVia 262.9200 461.5000 270.9200 462.9800 2 VSS_CORE
<CMD> selectVia 262.9200 450.3000 270.9200 451.7800 2 VSS_CORE
<CMD> selectVia 262.9200 439.1000 270.9200 440.5800 2 VSS_CORE
<CMD> selectVia 262.9200 427.9000 270.9200 429.3800 2 VSS_CORE
<CMD> selectVia 262.9200 416.7000 270.9200 418.1800 2 VSS_CORE
<CMD> selectVia 262.9200 405.5000 270.9200 406.9800 2 VSS_CORE
<CMD> selectVia 262.9200 394.3000 270.9200 395.7800 2 VSS_CORE
<CMD> selectVia 262.9200 383.1000 270.9200 384.5800 2 VSS_CORE
<CMD> selectVia 262.9200 371.9000 270.9200 373.3800 2 VSS_CORE
<CMD> selectVia 262.9200 360.7000 270.9200 362.1800 2 VSS_CORE
<CMD> selectVia 262.9200 349.5000 270.9200 350.9800 2 VSS_CORE
<CMD> selectVia 262.9200 338.3000 270.9200 339.7800 2 VSS_CORE
<CMD> selectVia 262.9200 327.1000 270.9200 328.5800 2 VSS_CORE
<CMD> selectVia 262.9200 315.9000 270.9200 317.3800 2 VSS_CORE
<CMD> selectVia 262.9200 954.3000 270.9200 955.7800 2 VSS_CORE
<CMD> selectVia 262.9200 943.1000 270.9200 944.5800 2 VSS_CORE
<CMD> selectVia 262.9200 931.9000 270.9200 933.3800 2 VSS_CORE
<CMD> selectVia 262.9200 920.7000 270.9200 922.1800 2 VSS_CORE
<CMD> selectVia 262.9200 909.5000 270.9200 910.9800 2 VSS_CORE
<CMD> selectVia 262.9200 898.3000 270.9200 899.7800 2 VSS_CORE
<CMD> selectVia 262.9200 887.1000 270.9200 888.5800 2 VSS_CORE
<CMD> selectVia 262.9200 875.9000 270.9200 877.3800 2 VSS_CORE
<CMD> selectVia 262.9200 864.7000 270.9200 866.1800 2 VSS_CORE
<CMD> selectVia 262.9200 853.5000 270.9200 854.9800 2 VSS_CORE
<CMD> selectVia 262.9200 842.3000 270.9200 843.7800 2 VSS_CORE
<CMD> selectVia 262.9200 831.1000 270.9200 832.5800 2 VSS_CORE
<CMD> selectVia 262.9200 819.9000 270.9200 821.3800 2 VSS_CORE
<CMD> selectVia 262.9200 808.7000 270.9200 810.1800 2 VSS_CORE
<CMD> selectVia 262.9200 797.5000 270.9200 798.9800 2 VSS_CORE
<CMD> selectVia 262.9200 786.3000 270.9200 787.7800 2 VSS_CORE
<CMD> selectVia 262.9200 775.1000 270.9200 776.5800 2 VSS_CORE
<CMD> selectVia 262.9200 763.9000 270.9200 765.3800 2 VSS_CORE
<CMD> selectVia 994.0600 954.3000 1002.0600 955.7800 3 VSS_CORE
<CMD> selectVia 994.0600 943.1000 1002.0600 944.5800 3 VSS_CORE
<CMD> selectVia 994.0600 931.9000 1002.0600 933.3800 3 VSS_CORE
<CMD> selectVia 994.0600 920.7000 1002.0600 922.1800 3 VSS_CORE
<CMD> selectVia 994.0600 909.5000 1002.0600 910.9800 3 VSS_CORE
<CMD> selectVia 994.0600 898.3000 1002.0600 899.7800 3 VSS_CORE
<CMD> selectVia 994.0600 887.1000 1002.0600 888.5800 3 VSS_CORE
<CMD> selectVia 994.0600 875.9000 1002.0600 877.3800 3 VSS_CORE
<CMD> selectVia 994.0600 864.7000 1002.0600 866.1800 3 VSS_CORE
<CMD> selectVia 994.0600 853.5000 1002.0600 854.9800 3 VSS_CORE
<CMD> selectVia 994.0600 842.3000 1002.0600 843.7800 3 VSS_CORE
<CMD> selectVia 994.0600 831.1000 1002.0600 832.5800 3 VSS_CORE
<CMD> selectVia 994.0600 819.9000 1002.0600 821.3800 3 VSS_CORE
<CMD> selectVia 994.0600 808.7000 1002.0600 810.1800 3 VSS_CORE
<CMD> selectVia 994.0600 797.5000 1002.0600 798.9800 3 VSS_CORE
<CMD> selectVia 994.0600 786.3000 1002.0600 787.7800 3 VSS_CORE
<CMD> selectVia 994.0600 775.1000 1002.0600 776.5800 3 VSS_CORE
<CMD> selectVia 994.0600 763.9000 1002.0600 765.3800 3 VSS_CORE
<CMD> selectVia 994.0600 752.7000 1002.0600 754.1800 3 VSS_CORE
<CMD> selectVia 994.0600 741.5000 1002.0600 742.9800 3 VSS_CORE
<CMD> selectVia 994.0600 730.3000 1002.0600 731.7800 3 VSS_CORE
<CMD> selectVia 994.0600 719.1000 1002.0600 720.5800 3 VSS_CORE
<CMD> selectVia 994.0600 707.9000 1002.0600 709.3800 3 VSS_CORE
<CMD> selectVia 994.0600 696.7000 1002.0600 698.1800 3 VSS_CORE
<CMD> selectVia 994.0600 685.5000 1002.0600 686.9800 3 VSS_CORE
<CMD> selectVia 994.0600 674.3000 1002.0600 675.7800 3 VSS_CORE
<CMD> selectVia 994.0600 663.1000 1002.0600 664.5800 3 VSS_CORE
<CMD> selectVia 994.0600 651.9000 1002.0600 653.3800 3 VSS_CORE
<CMD> selectVia 994.0600 640.7000 1002.0600 642.1800 3 VSS_CORE
<CMD> selectVia 994.0600 629.5000 1002.0600 630.9800 3 VSS_CORE
<CMD> selectVia 994.0600 618.3000 1002.0600 619.7800 3 VSS_CORE
<CMD> selectVia 994.0600 607.1000 1002.0600 608.5800 3 VSS_CORE
<CMD> selectVia 994.0600 595.9000 1002.0600 597.3800 3 VSS_CORE
<CMD> selectVia 994.0600 584.7000 1002.0600 586.1800 3 VSS_CORE
<CMD> selectVia 994.0600 573.5000 1002.0600 574.9800 3 VSS_CORE
<CMD> selectVia 994.0600 562.3000 1002.0600 563.7800 3 VSS_CORE
<CMD> selectVia 994.0600 551.1000 1002.0600 552.5800 3 VSS_CORE
<CMD> selectVia 994.0600 539.9000 1002.0600 541.3800 3 VSS_CORE
<CMD> selectVia 994.0600 528.7000 1002.0600 530.1800 3 VSS_CORE
<CMD> selectVia 994.0600 517.5000 1002.0600 518.9800 3 VSS_CORE
<CMD> selectVia 994.0600 506.3000 1002.0600 507.7800 3 VSS_CORE
<CMD> selectVia 994.0600 495.1000 1002.0600 496.5800 3 VSS_CORE
<CMD> selectVia 994.0600 483.9000 1002.0600 485.3800 3 VSS_CORE
<CMD> selectVia 994.0600 472.7000 1002.0600 474.1800 3 VSS_CORE
<CMD> selectVia 994.0600 461.5000 1002.0600 462.9800 3 VSS_CORE
<CMD> selectVia 994.0600 450.3000 1002.0600 451.7800 3 VSS_CORE
<CMD> selectVia 994.0600 439.1000 1002.0600 440.5800 3 VSS_CORE
<CMD> selectVia 994.0600 427.9000 1002.0600 429.3800 3 VSS_CORE
<CMD> selectVia 994.0600 416.7000 1002.0600 418.1800 3 VSS_CORE
<CMD> selectVia 994.0600 405.5000 1002.0600 406.9800 3 VSS_CORE
<CMD> selectVia 994.0600 394.3000 1002.0600 395.7800 3 VSS_CORE
<CMD> selectVia 994.0600 383.1000 1002.0600 384.5800 3 VSS_CORE
<CMD> selectVia 994.0600 371.9000 1002.0600 373.3800 3 VSS_CORE
<CMD> selectVia 994.0600 360.7000 1002.0600 362.1800 3 VSS_CORE
<CMD> selectVia 994.0600 349.5000 1002.0600 350.9800 3 VSS_CORE
<CMD> selectVia 994.0600 338.3000 1002.0600 339.7800 3 VSS_CORE
<CMD> selectVia 994.0600 327.1000 1002.0600 328.5800 3 VSS_CORE
<CMD> selectVia 994.0600 315.9000 1002.0600 317.3800 3 VSS_CORE
<CMD> selectVia 994.0600 304.7000 1002.0600 306.1800 3 VSS_CORE
<CMD> selectVia 262.9200 707.9000 270.9200 709.3800 3 VSS_CORE
<CMD> selectVia 262.9200 696.7000 270.9200 698.1800 3 VSS_CORE
<CMD> selectVia 262.9200 685.5000 270.9200 686.9800 3 VSS_CORE
<CMD> selectVia 262.9200 674.3000 270.9200 675.7800 3 VSS_CORE
<CMD> selectVia 262.9200 663.1000 270.9200 664.5800 3 VSS_CORE
<CMD> selectVia 262.9200 651.9000 270.9200 653.3800 3 VSS_CORE
<CMD> selectVia 262.9200 640.7000 270.9200 642.1800 3 VSS_CORE
<CMD> selectVia 262.9200 629.5000 270.9200 630.9800 3 VSS_CORE
<CMD> selectVia 262.9200 618.3000 270.9200 619.7800 3 VSS_CORE
<CMD> selectVia 262.9200 607.1000 270.9200 608.5800 3 VSS_CORE
<CMD> selectVia 262.9200 595.9000 270.9200 597.3800 3 VSS_CORE
<CMD> selectVia 262.9200 584.7000 270.9200 586.1800 3 VSS_CORE
<CMD> selectVia 262.9200 573.5000 270.9200 574.9800 3 VSS_CORE
<CMD> selectVia 262.9200 562.3000 270.9200 563.7800 3 VSS_CORE
<CMD> selectVia 262.9200 551.1000 270.9200 552.5800 3 VSS_CORE
<CMD> selectVia 262.9200 539.9000 270.9200 541.3800 3 VSS_CORE
<CMD> selectVia 262.9200 528.7000 270.9200 530.1800 3 VSS_CORE
<CMD> selectVia 262.9200 517.5000 270.9200 518.9800 3 VSS_CORE
<CMD> selectVia 262.9200 506.3000 270.9200 507.7800 3 VSS_CORE
<CMD> selectVia 262.9200 495.1000 270.9200 496.5800 3 VSS_CORE
<CMD> selectVia 262.9200 483.9000 270.9200 485.3800 3 VSS_CORE
<CMD> selectVia 262.9200 472.7000 270.9200 474.1800 3 VSS_CORE
<CMD> selectVia 262.9200 461.5000 270.9200 462.9800 3 VSS_CORE
<CMD> selectVia 262.9200 450.3000 270.9200 451.7800 3 VSS_CORE
<CMD> selectVia 262.9200 439.1000 270.9200 440.5800 3 VSS_CORE
<CMD> selectVia 262.9200 427.9000 270.9200 429.3800 3 VSS_CORE
<CMD> selectVia 262.9200 416.7000 270.9200 418.1800 3 VSS_CORE
<CMD> selectVia 262.9200 405.5000 270.9200 406.9800 3 VSS_CORE
<CMD> selectVia 262.9200 394.3000 270.9200 395.7800 3 VSS_CORE
<CMD> selectVia 262.9200 383.1000 270.9200 384.5800 3 VSS_CORE
<CMD> selectVia 262.9200 371.9000 270.9200 373.3800 3 VSS_CORE
<CMD> selectVia 262.9200 360.7000 270.9200 362.1800 3 VSS_CORE
<CMD> selectVia 262.9200 349.5000 270.9200 350.9800 3 VSS_CORE
<CMD> selectVia 262.9200 338.3000 270.9200 339.7800 3 VSS_CORE
<CMD> selectVia 262.9200 327.1000 270.9200 328.5800 3 VSS_CORE
<CMD> selectVia 262.9200 315.9000 270.9200 317.3800 3 VSS_CORE
<CMD> selectVia 262.9200 954.3000 270.9200 955.7800 3 VSS_CORE
<CMD> selectVia 262.9200 943.1000 270.9200 944.5800 3 VSS_CORE
<CMD> selectVia 262.9200 931.9000 270.9200 933.3800 3 VSS_CORE
<CMD> selectVia 262.9200 920.7000 270.9200 922.1800 3 VSS_CORE
<CMD> selectVia 262.9200 909.5000 270.9200 910.9800 3 VSS_CORE
<CMD> selectVia 262.9200 898.3000 270.9200 899.7800 3 VSS_CORE
<CMD> selectVia 262.9200 887.1000 270.9200 888.5800 3 VSS_CORE
<CMD> selectVia 262.9200 875.9000 270.9200 877.3800 3 VSS_CORE
<CMD> selectVia 262.9200 864.7000 270.9200 866.1800 3 VSS_CORE
<CMD> selectVia 262.9200 853.5000 270.9200 854.9800 3 VSS_CORE
<CMD> selectVia 262.9200 842.3000 270.9200 843.7800 3 VSS_CORE
<CMD> selectVia 262.9200 831.1000 270.9200 832.5800 3 VSS_CORE
<CMD> selectVia 262.9200 819.9000 270.9200 821.3800 3 VSS_CORE
<CMD> selectVia 262.9200 808.7000 270.9200 810.1800 3 VSS_CORE
<CMD> selectVia 262.9200 797.5000 270.9200 798.9800 3 VSS_CORE
<CMD> selectVia 262.9200 786.3000 270.9200 787.7800 3 VSS_CORE
<CMD> selectVia 262.9200 775.1000 270.9200 776.5800 3 VSS_CORE
<CMD> selectVia 262.9200 763.9000 270.9200 765.3800 3 VSS_CORE
<CMD> selectVia 994.0600 954.3000 1002.0600 955.7800 4 VSS_CORE
<CMD> selectVia 994.0600 943.1000 1002.0600 944.5800 4 VSS_CORE
<CMD> selectVia 994.0600 931.9000 1002.0600 933.3800 4 VSS_CORE
<CMD> selectVia 994.0600 920.7000 1002.0600 922.1800 4 VSS_CORE
<CMD> selectVia 994.0600 909.5000 1002.0600 910.9800 4 VSS_CORE
<CMD> selectVia 994.0600 898.3000 1002.0600 899.7800 4 VSS_CORE
<CMD> selectVia 994.0600 887.1000 1002.0600 888.5800 4 VSS_CORE
<CMD> selectVia 994.0600 875.9000 1002.0600 877.3800 4 VSS_CORE
<CMD> selectVia 994.0600 864.7000 1002.0600 866.1800 4 VSS_CORE
<CMD> selectVia 994.0600 853.5000 1002.0600 854.9800 4 VSS_CORE
<CMD> selectVia 994.0600 842.3000 1002.0600 843.7800 4 VSS_CORE
<CMD> selectVia 994.0600 831.1000 1002.0600 832.5800 4 VSS_CORE
<CMD> selectVia 994.0600 819.9000 1002.0600 821.3800 4 VSS_CORE
<CMD> selectVia 994.0600 808.7000 1002.0600 810.1800 4 VSS_CORE
<CMD> selectVia 994.0600 797.5000 1002.0600 798.9800 4 VSS_CORE
<CMD> selectVia 994.0600 786.3000 1002.0600 787.7800 4 VSS_CORE
<CMD> selectVia 994.0600 775.1000 1002.0600 776.5800 4 VSS_CORE
<CMD> selectVia 994.0600 763.9000 1002.0600 765.3800 4 VSS_CORE
<CMD> selectVia 994.0600 752.7000 1002.0600 754.1800 4 VSS_CORE
<CMD> selectVia 994.0600 741.5000 1002.0600 742.9800 4 VSS_CORE
<CMD> selectVia 994.0600 730.3000 1002.0600 731.7800 4 VSS_CORE
<CMD> selectVia 994.0600 719.1000 1002.0600 720.5800 4 VSS_CORE
<CMD> selectVia 994.0600 707.9000 1002.0600 709.3800 4 VSS_CORE
<CMD> selectVia 994.0600 696.7000 1002.0600 698.1800 4 VSS_CORE
<CMD> selectVia 994.0600 685.5000 1002.0600 686.9800 4 VSS_CORE
<CMD> selectVia 994.0600 674.3000 1002.0600 675.7800 4 VSS_CORE
<CMD> selectVia 994.0600 663.1000 1002.0600 664.5800 4 VSS_CORE
<CMD> selectVia 994.0600 651.9000 1002.0600 653.3800 4 VSS_CORE
<CMD> selectVia 994.0600 640.7000 1002.0600 642.1800 4 VSS_CORE
<CMD> selectVia 994.0600 629.5000 1002.0600 630.9800 4 VSS_CORE
<CMD> selectVia 994.0600 618.3000 1002.0600 619.7800 4 VSS_CORE
<CMD> selectVia 994.0600 607.1000 1002.0600 608.5800 4 VSS_CORE
<CMD> selectVia 994.0600 595.9000 1002.0600 597.3800 4 VSS_CORE
<CMD> selectVia 994.0600 584.7000 1002.0600 586.1800 4 VSS_CORE
<CMD> selectVia 994.0600 573.5000 1002.0600 574.9800 4 VSS_CORE
<CMD> selectVia 994.0600 562.3000 1002.0600 563.7800 4 VSS_CORE
<CMD> selectVia 994.0600 551.1000 1002.0600 552.5800 4 VSS_CORE
<CMD> selectVia 994.0600 539.9000 1002.0600 541.3800 4 VSS_CORE
<CMD> selectVia 994.0600 528.7000 1002.0600 530.1800 4 VSS_CORE
<CMD> selectVia 994.0600 517.5000 1002.0600 518.9800 4 VSS_CORE
<CMD> selectVia 994.0600 506.3000 1002.0600 507.7800 4 VSS_CORE
<CMD> selectVia 994.0600 495.1000 1002.0600 496.5800 4 VSS_CORE
<CMD> selectVia 994.0600 483.9000 1002.0600 485.3800 4 VSS_CORE
<CMD> selectVia 994.0600 472.7000 1002.0600 474.1800 4 VSS_CORE
<CMD> selectVia 994.0600 461.5000 1002.0600 462.9800 4 VSS_CORE
<CMD> selectVia 994.0600 450.3000 1002.0600 451.7800 4 VSS_CORE
<CMD> selectVia 994.0600 439.1000 1002.0600 440.5800 4 VSS_CORE
<CMD> selectVia 994.0600 427.9000 1002.0600 429.3800 4 VSS_CORE
<CMD> selectVia 994.0600 416.7000 1002.0600 418.1800 4 VSS_CORE
<CMD> selectVia 994.0600 405.5000 1002.0600 406.9800 4 VSS_CORE
<CMD> selectVia 994.0600 394.3000 1002.0600 395.7800 4 VSS_CORE
<CMD> selectVia 994.0600 383.1000 1002.0600 384.5800 4 VSS_CORE
<CMD> selectVia 994.0600 371.9000 1002.0600 373.3800 4 VSS_CORE
<CMD> selectVia 994.0600 360.7000 1002.0600 362.1800 4 VSS_CORE
<CMD> selectVia 994.0600 349.5000 1002.0600 350.9800 4 VSS_CORE
<CMD> selectVia 994.0600 338.3000 1002.0600 339.7800 4 VSS_CORE
<CMD> selectVia 994.0600 327.1000 1002.0600 328.5800 4 VSS_CORE
<CMD> selectVia 994.0600 315.9000 1002.0600 317.3800 4 VSS_CORE
<CMD> selectVia 994.0600 304.7000 1002.0600 306.1800 4 VSS_CORE
<CMD> selectVia 262.9200 696.7000 270.9200 698.1800 4 VSS_CORE
<CMD> selectVia 262.9200 685.5000 270.9200 686.9800 4 VSS_CORE
<CMD> selectVia 262.9200 674.3000 270.9200 675.7800 4 VSS_CORE
<CMD> selectVia 262.9200 663.1000 270.9200 664.5800 4 VSS_CORE
<CMD> selectVia 262.9200 651.9000 270.9200 653.3800 4 VSS_CORE
<CMD> selectVia 262.9200 640.7000 270.9200 642.1800 4 VSS_CORE
<CMD> selectVia 262.9200 629.5000 270.9200 630.9800 4 VSS_CORE
<CMD> selectVia 262.9200 618.3000 270.9200 619.7800 4 VSS_CORE
<CMD> selectVia 262.9200 607.1000 270.9200 608.5800 4 VSS_CORE
<CMD> selectVia 262.9200 595.9000 270.9200 597.3800 4 VSS_CORE
<CMD> selectVia 262.9200 584.7000 270.9200 586.1800 4 VSS_CORE
<CMD> selectVia 262.9200 573.5000 270.9200 574.9800 4 VSS_CORE
<CMD> selectVia 262.9200 562.3000 270.9200 563.7800 4 VSS_CORE
<CMD> selectVia 262.9200 551.1000 270.9200 552.5800 4 VSS_CORE
<CMD> selectVia 262.9200 539.9000 270.9200 541.3800 4 VSS_CORE
<CMD> selectVia 262.9200 528.7000 270.9200 530.1800 4 VSS_CORE
<CMD> selectVia 262.9200 517.5000 270.9200 518.9800 4 VSS_CORE
<CMD> selectVia 262.9200 506.3000 270.9200 507.7800 4 VSS_CORE
<CMD> selectVia 262.9200 495.1000 270.9200 496.5800 4 VSS_CORE
<CMD> selectVia 262.9200 483.9000 270.9200 485.3800 4 VSS_CORE
<CMD> selectVia 262.9200 472.7000 270.9200 474.1800 4 VSS_CORE
<CMD> selectVia 262.9200 461.5000 270.9200 462.9800 4 VSS_CORE
<CMD> selectVia 262.9200 450.3000 270.9200 451.7800 4 VSS_CORE
<CMD> selectVia 262.9200 439.1000 270.9200 440.5800 4 VSS_CORE
<CMD> selectVia 262.9200 427.9000 270.9200 429.3800 4 VSS_CORE
<CMD> selectVia 262.9200 416.7000 270.9200 418.1800 4 VSS_CORE
<CMD> selectVia 262.9200 405.5000 270.9200 406.9800 4 VSS_CORE
<CMD> selectVia 262.9200 394.3000 270.9200 395.7800 4 VSS_CORE
<CMD> selectVia 262.9200 383.1000 270.9200 384.5800 4 VSS_CORE
<CMD> selectVia 262.9200 371.9000 270.9200 373.3800 4 VSS_CORE
<CMD> selectVia 262.9200 360.7000 270.9200 362.1800 4 VSS_CORE
<CMD> selectVia 262.9200 349.5000 270.9200 350.9800 4 VSS_CORE
<CMD> selectVia 262.9200 338.3000 270.9200 339.7800 4 VSS_CORE
<CMD> selectVia 262.9200 327.1000 270.9200 328.5800 4 VSS_CORE
<CMD> selectVia 262.9200 315.9000 270.9200 317.3800 4 VSS_CORE
<CMD> selectVia 262.9200 954.3000 270.9200 955.7800 4 VSS_CORE
<CMD> selectVia 262.9200 943.1000 270.9200 944.5800 4 VSS_CORE
<CMD> selectVia 262.9200 931.9000 270.9200 933.3800 4 VSS_CORE
<CMD> selectVia 262.9200 920.7000 270.9200 922.1800 4 VSS_CORE
<CMD> selectVia 262.9200 909.5000 270.9200 910.9800 4 VSS_CORE
<CMD> selectVia 262.9200 898.3000 270.9200 899.7800 4 VSS_CORE
<CMD> selectVia 262.9200 887.1000 270.9200 888.5800 4 VSS_CORE
<CMD> selectVia 262.9200 875.9000 270.9200 877.3800 4 VSS_CORE
<CMD> selectVia 262.9200 864.7000 270.9200 866.1800 4 VSS_CORE
<CMD> selectVia 262.9200 853.5000 270.9200 854.9800 4 VSS_CORE
<CMD> selectVia 262.9200 842.3000 270.9200 843.7800 4 VSS_CORE
<CMD> selectVia 262.9200 831.1000 270.9200 832.5800 4 VSS_CORE
<CMD> selectWire 299.8400 948.7000 965.1200 950.1800 1 VDD_CORE
<CMD> selectWire 299.8400 937.5000 965.1200 938.9800 1 VDD_CORE
<CMD> selectWire 299.8400 926.3000 965.1200 927.7800 1 VDD_CORE
<CMD> selectWire 299.8400 915.1000 965.1200 916.5800 1 VDD_CORE
<CMD> selectWire 299.8400 903.9000 965.1200 905.3800 1 VDD_CORE
<CMD> selectWire 299.8400 892.7000 965.1200 894.1800 1 VDD_CORE
<CMD> selectWire 299.8400 881.5000 965.1200 882.9800 1 VDD_CORE
<CMD> selectWire 299.8400 870.3000 965.1200 871.7800 1 VDD_CORE
<CMD> selectWire 299.8400 859.1000 965.1200 860.5800 1 VDD_CORE
<CMD> selectWire 299.8400 847.9000 965.1200 849.3800 1 VDD_CORE
<CMD> selectWire 299.8400 836.7000 965.1200 838.1800 1 VDD_CORE
<CMD> selectWire 299.8400 825.5000 965.1200 826.9800 1 VDD_CORE
<CMD> selectWire 299.8400 814.3000 965.1200 815.7800 1 VDD_CORE
<CMD> selectWire 299.8400 803.1000 965.1200 804.5800 1 VDD_CORE
<CMD> selectWire 299.8400 791.9000 965.1200 793.3800 1 VDD_CORE
<CMD> selectWire 299.8400 780.7000 965.1200 782.1800 1 VDD_CORE
<CMD> selectWire 299.8400 769.5000 965.1200 770.9800 1 VDD_CORE
<CMD> selectWire 299.8400 758.3000 965.1200 759.7800 1 VDD_CORE
<CMD> selectWire 299.8400 747.1000 965.1200 748.5800 1 VDD_CORE
<CMD> selectWire 299.8400 735.9000 965.1200 737.3800 1 VDD_CORE
<CMD> selectWire 299.8400 724.7000 965.1200 726.1800 1 VDD_CORE
<CMD> selectWire 299.8400 713.5000 965.1200 714.9800 1 VDD_CORE
<CMD> selectWire 299.8400 702.3000 965.1200 703.7800 1 VDD_CORE
<CMD> selectWire 299.8400 691.1000 965.1200 692.5800 1 VDD_CORE
<CMD> selectWire 299.8400 679.9000 965.1200 681.3800 1 VDD_CORE
<CMD> selectWire 299.8400 668.7000 965.1200 670.1800 1 VDD_CORE
<CMD> selectWire 299.8400 657.5000 965.1200 658.9800 1 VDD_CORE
<CMD> selectWire 299.8400 646.3000 965.1200 647.7800 1 VDD_CORE
<CMD> selectWire 299.8400 635.1000 965.1200 636.5800 1 VDD_CORE
<CMD> selectWire 299.8400 623.9000 965.1200 625.3800 1 VDD_CORE
<CMD> selectWire 299.8400 612.7000 965.1200 614.1800 1 VDD_CORE
<CMD> selectWire 299.8400 601.5000 965.1200 602.9800 1 VDD_CORE
<CMD> selectWire 299.8400 590.3000 965.1200 591.7800 1 VDD_CORE
<CMD> selectWire 299.8400 579.1000 965.1200 580.5800 1 VDD_CORE
<CMD> selectWire 299.8400 567.9000 965.1200 569.3800 1 VDD_CORE
<CMD> selectWire 299.8400 556.7000 965.1200 558.1800 1 VDD_CORE
<CMD> selectWire 299.8400 545.5000 965.1200 546.9800 1 VDD_CORE
<CMD> selectWire 299.8400 534.3000 965.1200 535.7800 1 VDD_CORE
<CMD> selectWire 299.8400 523.1000 965.1200 524.5800 1 VDD_CORE
<CMD> selectWire 299.8400 511.9000 965.1200 513.3800 1 VDD_CORE
<CMD> selectWire 299.8400 500.7000 965.1200 502.1800 1 VDD_CORE
<CMD> selectWire 299.8400 489.5000 965.1200 490.9800 1 VDD_CORE
<CMD> selectWire 299.8400 478.3000 965.1200 479.7800 1 VDD_CORE
<CMD> selectWire 299.8400 467.1000 965.1200 468.5800 1 VDD_CORE
<CMD> selectWire 299.8400 455.9000 965.1200 457.3800 1 VDD_CORE
<CMD> selectWire 299.8400 444.7000 965.1200 446.1800 1 VDD_CORE
<CMD> selectWire 299.8400 433.5000 965.1200 434.9800 1 VDD_CORE
<CMD> selectWire 299.8400 422.3000 965.1200 423.7800 1 VDD_CORE
<CMD> selectWire 299.8400 411.1000 965.1200 412.5800 1 VDD_CORE
<CMD> selectWire 299.8400 399.9000 965.1200 401.3800 1 VDD_CORE
<CMD> selectWire 299.8400 388.7000 965.1200 390.1800 1 VDD_CORE
<CMD> selectWire 299.8400 377.5000 965.1200 378.9800 1 VDD_CORE
<CMD> selectWire 299.8400 366.3000 965.1200 367.7800 1 VDD_CORE
<CMD> selectWire 299.8400 355.1000 965.1200 356.5800 1 VDD_CORE
<CMD> selectWire 299.8400 343.9000 965.1200 345.3800 1 VDD_CORE
<CMD> selectWire 299.8400 332.7000 965.1200 334.1800 1 VDD_CORE
<CMD> selectWire 299.8400 321.5000 965.1200 322.9800 1 VDD_CORE
<CMD> selectWire 278.9200 948.7000 299.8400 950.1800 1 VDD_CORE
<CMD> selectWire 278.9200 937.5000 299.8400 938.9800 1 VDD_CORE
<CMD> selectWire 278.9200 926.3000 299.8400 927.7800 1 VDD_CORE
<CMD> selectWire 278.9200 915.1000 299.8400 916.5800 1 VDD_CORE
<CMD> selectWire 278.9200 903.9000 299.8400 905.3800 1 VDD_CORE
<CMD> selectWire 278.9200 892.7000 299.8400 894.1800 1 VDD_CORE
<CMD> selectWire 278.9200 881.5000 299.8400 882.9800 1 VDD_CORE
<CMD> selectWire 278.9200 870.3000 299.8400 871.7800 1 VDD_CORE
<CMD> selectWire 278.9200 859.1000 299.8400 860.5800 1 VDD_CORE
<CMD> selectWire 278.9200 847.9000 299.8400 849.3800 1 VDD_CORE
<CMD> selectWire 278.9200 836.7000 299.8400 838.1800 1 VDD_CORE
<CMD> selectWire 278.9200 825.5000 299.8400 826.9800 1 VDD_CORE
<CMD> selectWire 278.9200 814.3000 299.8400 815.7800 1 VDD_CORE
<CMD> selectWire 278.9200 803.1000 299.8400 804.5800 1 VDD_CORE
<CMD> selectWire 278.9200 791.9000 299.8400 793.3800 1 VDD_CORE
<CMD> selectWire 278.9200 780.7000 299.8400 782.1800 1 VDD_CORE
<CMD> selectWire 278.9200 769.5000 299.8400 770.9800 1 VDD_CORE
<CMD> selectWire 278.9200 758.3000 299.8400 759.7800 1 VDD_CORE
<CMD> selectWire 278.9200 747.1000 299.8400 748.5800 1 VDD_CORE
<CMD> selectWire 278.9200 735.9000 299.8400 737.3800 1 VDD_CORE
<CMD> selectWire 278.9200 724.7000 299.8400 726.1800 1 VDD_CORE
<CMD> selectWire 278.9200 713.5000 299.8400 714.9800 1 VDD_CORE
<CMD> selectWire 278.9200 702.3000 299.8400 703.7800 1 VDD_CORE
<CMD> selectWire 278.9200 691.1000 299.8400 692.5800 1 VDD_CORE
<CMD> selectWire 278.9200 679.9000 299.8400 681.3800 1 VDD_CORE
<CMD> selectWire 278.9200 668.7000 299.8400 670.1800 1 VDD_CORE
<CMD> selectWire 278.9200 657.5000 299.8400 658.9800 1 VDD_CORE
<CMD> selectWire 278.9200 646.3000 299.8400 647.7800 1 VDD_CORE
<CMD> selectWire 278.9200 635.1000 299.8400 636.5800 1 VDD_CORE
<CMD> selectWire 278.9200 623.9000 299.8400 625.3800 1 VDD_CORE
<CMD> selectWire 278.9200 612.7000 299.8400 614.1800 1 VDD_CORE
<CMD> selectWire 278.9200 601.5000 299.8400 602.9800 1 VDD_CORE
<CMD> selectWire 278.9200 590.3000 299.8400 591.7800 1 VDD_CORE
<CMD> selectWire 278.9200 579.1000 299.8400 580.5800 1 VDD_CORE
<CMD> selectWire 278.9200 567.9000 299.8400 569.3800 1 VDD_CORE
<CMD> selectWire 278.9200 556.7000 299.8400 558.1800 1 VDD_CORE
<CMD> selectWire 278.9200 545.5000 299.8400 546.9800 1 VDD_CORE
<CMD> selectWire 278.9200 534.3000 299.8400 535.7800 1 VDD_CORE
<CMD> selectWire 278.9200 523.1000 299.8400 524.5800 1 VDD_CORE
<CMD> selectWire 278.9200 511.9000 299.8400 513.3800 1 VDD_CORE
<CMD> selectWire 278.9200 500.7000 299.8400 502.1800 1 VDD_CORE
<CMD> selectWire 278.9200 489.5000 299.8400 490.9800 1 VDD_CORE
<CMD> selectWire 278.9200 478.3000 299.8400 479.7800 1 VDD_CORE
<CMD> selectWire 278.9200 467.1000 299.8400 468.5800 1 VDD_CORE
<CMD> selectWire 278.9200 455.9000 299.8400 457.3800 1 VDD_CORE
<CMD> selectWire 278.9200 444.7000 299.8400 446.1800 1 VDD_CORE
<CMD> selectWire 278.9200 433.5000 299.8400 434.9800 1 VDD_CORE
<CMD> selectWire 278.9200 422.3000 299.8400 423.7800 1 VDD_CORE
<CMD> selectWire 278.9200 411.1000 299.8400 412.5800 1 VDD_CORE
<CMD> selectWire 278.9200 399.9000 299.8400 401.3800 1 VDD_CORE
<CMD> selectWire 278.9200 388.7000 299.8400 390.1800 1 VDD_CORE
<CMD> selectWire 278.9200 377.5000 299.8400 378.9800 1 VDD_CORE
<CMD> selectWire 278.9200 366.3000 299.8400 367.7800 1 VDD_CORE
<CMD> selectWire 278.9200 355.1000 299.8400 356.5800 1 VDD_CORE
<CMD> selectWire 278.9200 343.9000 299.8400 345.3800 1 VDD_CORE
<CMD> selectWire 278.9200 332.7000 299.8400 334.1800 1 VDD_CORE
<CMD> selectWire 278.9200 321.5000 299.8400 322.9800 1 VDD_CORE
<CMD> selectWire 965.1200 948.7000 986.0600 950.1800 1 VDD_CORE
<CMD> selectWire 965.1200 937.5000 986.0600 938.9800 1 VDD_CORE
<CMD> selectWire 965.1200 926.3000 986.0600 927.7800 1 VDD_CORE
<CMD> selectWire 965.1200 915.1000 986.0600 916.5800 1 VDD_CORE
<CMD> selectWire 965.1200 903.9000 986.0600 905.3800 1 VDD_CORE
<CMD> selectWire 965.1200 892.7000 986.0600 894.1800 1 VDD_CORE
<CMD> selectWire 965.1200 881.5000 986.0600 882.9800 1 VDD_CORE
<CMD> selectWire 965.1200 870.3000 986.0600 871.7800 1 VDD_CORE
<CMD> selectWire 965.1200 859.1000 986.0600 860.5800 1 VDD_CORE
<CMD> selectWire 965.1200 847.9000 986.0600 849.3800 1 VDD_CORE
<CMD> selectWire 965.1200 836.7000 986.0600 838.1800 1 VDD_CORE
<CMD> selectWire 965.1200 825.5000 986.0600 826.9800 1 VDD_CORE
<CMD> selectWire 965.1200 814.3000 986.0600 815.7800 1 VDD_CORE
<CMD> selectWire 965.1200 803.1000 986.0600 804.5800 1 VDD_CORE
<CMD> selectWire 965.1200 791.9000 986.0600 793.3800 1 VDD_CORE
<CMD> selectWire 965.1200 780.7000 986.0600 782.1800 1 VDD_CORE
<CMD> selectWire 965.1200 769.5000 986.0600 770.9800 1 VDD_CORE
<CMD> selectWire 965.1200 758.3000 986.0600 759.7800 1 VDD_CORE
<CMD> selectWire 965.1200 747.1000 986.0600 748.5800 1 VDD_CORE
<CMD> selectWire 965.1200 735.9000 986.0600 737.3800 1 VDD_CORE
<CMD> selectWire 965.1200 724.7000 986.0600 726.1800 1 VDD_CORE
<CMD> selectWire 965.1200 713.5000 986.0600 714.9800 1 VDD_CORE
<CMD> selectWire 965.1200 702.3000 986.0600 703.7800 1 VDD_CORE
<CMD> selectWire 965.1200 691.1000 986.0600 692.5800 1 VDD_CORE
<CMD> selectWire 965.1200 679.9000 986.0600 681.3800 1 VDD_CORE
<CMD> selectWire 965.1200 668.7000 986.0600 670.1800 1 VDD_CORE
<CMD> selectWire 965.1200 657.5000 986.0600 658.9800 1 VDD_CORE
<CMD> selectWire 965.1200 646.3000 986.0600 647.7800 1 VDD_CORE
<CMD> selectWire 965.1200 635.1000 986.0600 636.5800 1 VDD_CORE
<CMD> selectWire 965.1200 623.9000 986.0600 625.3800 1 VDD_CORE
<CMD> selectWire 965.1200 612.7000 986.0600 614.1800 1 VDD_CORE
<CMD> selectWire 965.1200 601.5000 986.0600 602.9800 1 VDD_CORE
<CMD> selectWire 965.1200 590.3000 986.0600 591.7800 1 VDD_CORE
<CMD> selectWire 965.1200 579.1000 986.0600 580.5800 1 VDD_CORE
<CMD> selectWire 965.1200 567.9000 986.0600 569.3800 1 VDD_CORE
<CMD> selectWire 965.1200 556.7000 986.0600 558.1800 1 VDD_CORE
<CMD> selectWire 965.1200 545.5000 986.0600 546.9800 1 VDD_CORE
<CMD> selectWire 965.1200 534.3000 986.0600 535.7800 1 VDD_CORE
<CMD> selectWire 965.1200 523.1000 986.0600 524.5800 1 VDD_CORE
<CMD> selectWire 965.1200 511.9000 986.0600 513.3800 1 VDD_CORE
<CMD> selectWire 965.1200 500.7000 986.0600 502.1800 1 VDD_CORE
<CMD> selectWire 965.1200 489.5000 986.0600 490.9800 1 VDD_CORE
<CMD> selectWire 965.1200 478.3000 986.0600 479.7800 1 VDD_CORE
<CMD> selectWire 965.1200 467.1000 986.0600 468.5800 1 VDD_CORE
<CMD> selectWire 965.1200 455.9000 986.0600 457.3800 1 VDD_CORE
<CMD> selectWire 965.1200 444.7000 986.0600 446.1800 1 VDD_CORE
<CMD> selectWire 965.1200 433.5000 986.0600 434.9800 1 VDD_CORE
<CMD> selectWire 965.1200 422.3000 986.0600 423.7800 1 VDD_CORE
<CMD> selectWire 965.1200 411.1000 986.0600 412.5800 1 VDD_CORE
<CMD> selectWire 965.1200 399.9000 986.0600 401.3800 1 VDD_CORE
<CMD> selectWire 965.1200 388.7000 986.0600 390.1800 1 VDD_CORE
<CMD> selectWire 965.1200 377.5000 986.0600 378.9800 1 VDD_CORE
<CMD> selectWire 965.1200 366.3000 986.0600 367.7800 1 VDD_CORE
<CMD> selectWire 965.1200 355.1000 986.0600 356.5800 1 VDD_CORE
<CMD> selectWire 965.1200 343.9000 986.0600 345.3800 1 VDD_CORE
<CMD> selectWire 965.1200 332.7000 986.0600 334.1800 1 VDD_CORE
<CMD> selectWire 965.1200 321.5000 986.0600 322.9800 1 VDD_CORE
<CMD> selectVia 978.0600 948.7000 986.0600 950.1800 2 VDD_CORE
<CMD> selectVia 978.0600 937.5000 986.0600 938.9800 2 VDD_CORE
<CMD> selectVia 978.0600 926.3000 986.0600 927.7800 2 VDD_CORE
<CMD> selectVia 978.0600 915.1000 986.0600 916.5800 2 VDD_CORE
<CMD> selectVia 978.0600 903.9000 986.0600 905.3800 2 VDD_CORE
<CMD> selectVia 978.0600 892.7000 986.0600 894.1800 2 VDD_CORE
<CMD> selectVia 978.0600 881.5000 986.0600 882.9800 2 VDD_CORE
<CMD> selectVia 978.0600 870.3000 986.0600 871.7800 2 VDD_CORE
<CMD> selectVia 978.0600 859.1000 986.0600 860.5800 2 VDD_CORE
<CMD> selectVia 978.0600 847.9000 986.0600 849.3800 2 VDD_CORE
<CMD> selectVia 978.0600 836.7000 986.0600 838.1800 2 VDD_CORE
<CMD> selectVia 978.0600 825.5000 986.0600 826.9800 2 VDD_CORE
<CMD> selectVia 978.0600 814.3000 986.0600 815.7800 2 VDD_CORE
<CMD> selectVia 978.0600 803.1000 986.0600 804.5800 2 VDD_CORE
<CMD> selectVia 978.0600 791.9000 986.0600 793.3800 2 VDD_CORE
<CMD> selectVia 978.0600 780.7000 986.0600 782.1800 2 VDD_CORE
<CMD> selectVia 978.0600 769.5000 986.0600 770.9800 2 VDD_CORE
<CMD> selectVia 978.0600 758.3000 986.0600 759.7800 2 VDD_CORE
<CMD> selectVia 978.0600 747.1000 986.0600 748.5800 2 VDD_CORE
<CMD> selectVia 978.0600 735.9000 986.0600 737.3800 2 VDD_CORE
<CMD> selectVia 978.0600 724.7000 986.0600 726.1800 2 VDD_CORE
<CMD> selectVia 978.0600 713.5000 986.0600 714.9800 2 VDD_CORE
<CMD> selectVia 978.0600 702.3000 986.0600 703.7800 2 VDD_CORE
<CMD> selectVia 978.0600 691.1000 986.0600 692.5800 2 VDD_CORE
<CMD> selectVia 978.0600 679.9000 986.0600 681.3800 2 VDD_CORE
<CMD> selectVia 978.0600 668.7000 986.0600 670.1800 2 VDD_CORE
<CMD> selectVia 978.0600 657.5000 986.0600 658.9800 2 VDD_CORE
<CMD> selectVia 978.0600 646.3000 986.0600 647.7800 2 VDD_CORE
<CMD> selectVia 978.0600 635.1000 986.0600 636.5800 2 VDD_CORE
<CMD> selectVia 978.0600 623.9000 986.0600 625.3800 2 VDD_CORE
<CMD> selectVia 978.0600 612.7000 986.0600 614.1800 2 VDD_CORE
<CMD> selectVia 978.0600 601.5000 986.0600 602.9800 2 VDD_CORE
<CMD> selectVia 978.0600 590.3000 986.0600 591.7800 2 VDD_CORE
<CMD> selectVia 978.0600 579.1000 986.0600 580.5800 2 VDD_CORE
<CMD> selectVia 978.0600 567.9000 986.0600 569.3800 2 VDD_CORE
<CMD> selectVia 978.0600 556.7000 986.0600 558.1800 2 VDD_CORE
<CMD> selectVia 978.0600 545.5000 986.0600 546.9800 2 VDD_CORE
<CMD> selectVia 978.0600 534.3000 986.0600 535.7800 2 VDD_CORE
<CMD> selectVia 978.0600 523.1000 986.0600 524.5800 2 VDD_CORE
<CMD> selectVia 978.0600 511.9000 986.0600 513.3800 2 VDD_CORE
<CMD> selectVia 978.0600 500.7000 986.0600 502.1800 2 VDD_CORE
<CMD> selectVia 978.0600 489.5000 986.0600 490.9800 2 VDD_CORE
<CMD> selectVia 978.0600 478.3000 986.0600 479.7800 2 VDD_CORE
<CMD> selectVia 978.0600 467.1000 986.0600 468.5800 2 VDD_CORE
<CMD> selectVia 978.0600 455.9000 986.0600 457.3800 2 VDD_CORE
<CMD> selectVia 978.0600 444.7000 986.0600 446.1800 2 VDD_CORE
<CMD> selectVia 978.0600 433.5000 986.0600 434.9800 2 VDD_CORE
<CMD> selectVia 978.0600 422.3000 986.0600 423.7800 2 VDD_CORE
<CMD> selectVia 978.0600 411.1000 986.0600 412.5800 2 VDD_CORE
<CMD> selectVia 978.0600 399.9000 986.0600 401.3800 2 VDD_CORE
<CMD> selectVia 978.0600 388.7000 986.0600 390.1800 2 VDD_CORE
<CMD> selectVia 978.0600 377.5000 986.0600 378.9800 2 VDD_CORE
<CMD> selectVia 978.0600 366.3000 986.0600 367.7800 2 VDD_CORE
<CMD> selectVia 978.0600 355.1000 986.0600 356.5800 2 VDD_CORE
<CMD> selectVia 978.0600 343.9000 986.0600 345.3800 2 VDD_CORE
<CMD> selectVia 978.0600 332.7000 986.0600 334.1800 2 VDD_CORE
<CMD> selectVia 978.0600 321.5000 986.0600 322.9800 2 VDD_CORE
<CMD> selectVia 978.0600 310.3000 986.0600 311.7800 2 VDD_CORE
<CMD> selectVia 278.9200 948.7000 286.9200 950.1800 2 VDD_CORE
<CMD> selectVia 278.9200 937.5000 286.9200 938.9800 2 VDD_CORE
<CMD> selectVia 278.9200 926.3000 286.9200 927.7800 2 VDD_CORE
<CMD> selectVia 278.9200 915.1000 286.9200 916.5800 2 VDD_CORE
<CMD> selectVia 278.9200 903.9000 286.9200 905.3800 2 VDD_CORE
<CMD> selectVia 278.9200 892.7000 286.9200 894.1800 2 VDD_CORE
<CMD> selectVia 278.9200 881.5000 286.9200 882.9800 2 VDD_CORE
<CMD> selectVia 278.9200 870.3000 286.9200 871.7800 2 VDD_CORE
<CMD> selectVia 278.9200 859.1000 286.9200 860.5800 2 VDD_CORE
<CMD> selectVia 278.9200 847.9000 286.9200 849.3800 2 VDD_CORE
<CMD> selectVia 278.9200 836.7000 286.9200 838.1800 2 VDD_CORE
<CMD> selectVia 278.9200 825.5000 286.9200 826.9800 2 VDD_CORE
<CMD> selectVia 278.9200 814.3000 286.9200 815.7800 2 VDD_CORE
<CMD> selectVia 278.9200 803.1000 286.9200 804.5800 2 VDD_CORE
<CMD> selectVia 278.9200 791.9000 286.9200 793.3800 2 VDD_CORE
<CMD> selectVia 278.9200 780.7000 286.9200 782.1800 2 VDD_CORE
<CMD> selectVia 278.9200 769.5000 286.9200 770.9800 2 VDD_CORE
<CMD> selectVia 278.9200 758.3000 286.9200 759.7800 2 VDD_CORE
<CMD> selectVia 278.9200 747.1000 286.9200 748.5800 2 VDD_CORE
<CMD> selectVia 278.9200 735.9000 286.9200 737.3800 2 VDD_CORE
<CMD> selectVia 278.9200 724.7000 286.9200 726.1800 2 VDD_CORE
<CMD> selectVia 278.9200 713.5000 286.9200 714.9800 2 VDD_CORE
<CMD> selectVia 278.9200 702.3000 286.9200 703.7800 2 VDD_CORE
<CMD> selectVia 278.9200 691.1000 286.9200 692.5800 2 VDD_CORE
<CMD> selectVia 278.9200 679.9000 286.9200 681.3800 2 VDD_CORE
<CMD> selectVia 278.9200 668.7000 286.9200 670.1800 2 VDD_CORE
<CMD> selectVia 278.9200 657.5000 286.9200 658.9800 2 VDD_CORE
<CMD> selectVia 278.9200 646.3000 286.9200 647.7800 2 VDD_CORE
<CMD> selectVia 278.9200 635.1000 286.9200 636.5800 2 VDD_CORE
<CMD> selectVia 278.9200 623.9000 286.9200 625.3800 2 VDD_CORE
<CMD> selectVia 278.9200 612.7000 286.9200 614.1800 2 VDD_CORE
<CMD> selectVia 278.9200 601.5000 286.9200 602.9800 2 VDD_CORE
<CMD> selectVia 278.9200 590.3000 286.9200 591.7800 2 VDD_CORE
<CMD> selectVia 278.9200 579.1000 286.9200 580.5800 2 VDD_CORE
<CMD> selectVia 278.9200 567.9000 286.9200 569.3800 2 VDD_CORE
<CMD> selectVia 278.9200 556.7000 286.9200 558.1800 2 VDD_CORE
<CMD> selectVia 278.9200 545.5000 286.9200 546.9800 2 VDD_CORE
<CMD> selectVia 278.9200 534.3000 286.9200 535.7800 2 VDD_CORE
<CMD> selectVia 278.9200 523.1000 286.9200 524.5800 2 VDD_CORE
<CMD> selectVia 278.9200 511.9000 286.9200 513.3800 2 VDD_CORE
<CMD> selectVia 278.9200 500.7000 286.9200 502.1800 2 VDD_CORE
<CMD> selectVia 278.9200 489.5000 286.9200 490.9800 2 VDD_CORE
<CMD> selectVia 278.9200 478.3000 286.9200 479.7800 2 VDD_CORE
<CMD> selectVia 278.9200 467.1000 286.9200 468.5800 2 VDD_CORE
<CMD> selectVia 278.9200 455.9000 286.9200 457.3800 2 VDD_CORE
<CMD> selectVia 278.9200 444.7000 286.9200 446.1800 2 VDD_CORE
<CMD> selectVia 278.9200 433.5000 286.9200 434.9800 2 VDD_CORE
<CMD> selectVia 278.9200 422.3000 286.9200 423.7800 2 VDD_CORE
<CMD> selectVia 278.9200 411.1000 286.9200 412.5800 2 VDD_CORE
<CMD> selectVia 278.9200 399.9000 286.9200 401.3800 2 VDD_CORE
<CMD> selectVia 278.9200 388.7000 286.9200 390.1800 2 VDD_CORE
<CMD> selectVia 278.9200 377.5000 286.9200 378.9800 2 VDD_CORE
<CMD> selectVia 278.9200 366.3000 286.9200 367.7800 2 VDD_CORE
<CMD> selectVia 278.9200 355.1000 286.9200 356.5800 2 VDD_CORE
<CMD> selectVia 278.9200 343.9000 286.9200 345.3800 2 VDD_CORE
<CMD> selectVia 278.9200 332.7000 286.9200 334.1800 2 VDD_CORE
<CMD> selectVia 278.9200 321.5000 286.9200 322.9800 2 VDD_CORE
<CMD> selectVia 978.0600 948.7000 986.0600 950.1800 3 VDD_CORE
<CMD> selectVia 978.0600 937.5000 986.0600 938.9800 3 VDD_CORE
<CMD> selectVia 978.0600 926.3000 986.0600 927.7800 3 VDD_CORE
<CMD> selectVia 978.0600 915.1000 986.0600 916.5800 3 VDD_CORE
<CMD> selectVia 978.0600 903.9000 986.0600 905.3800 3 VDD_CORE
<CMD> selectVia 978.0600 892.7000 986.0600 894.1800 3 VDD_CORE
<CMD> selectVia 978.0600 881.5000 986.0600 882.9800 3 VDD_CORE
<CMD> selectVia 978.0600 870.3000 986.0600 871.7800 3 VDD_CORE
<CMD> selectVia 978.0600 859.1000 986.0600 860.5800 3 VDD_CORE
<CMD> selectVia 978.0600 847.9000 986.0600 849.3800 3 VDD_CORE
<CMD> selectVia 978.0600 836.7000 986.0600 838.1800 3 VDD_CORE
<CMD> selectVia 978.0600 825.5000 986.0600 826.9800 3 VDD_CORE
<CMD> selectVia 978.0600 814.3000 986.0600 815.7800 3 VDD_CORE
<CMD> selectVia 978.0600 803.1000 986.0600 804.5800 3 VDD_CORE
<CMD> selectVia 978.0600 791.9000 986.0600 793.3800 3 VDD_CORE
<CMD> selectVia 978.0600 780.7000 986.0600 782.1800 3 VDD_CORE
<CMD> selectVia 978.0600 769.5000 986.0600 770.9800 3 VDD_CORE
<CMD> selectVia 978.0600 758.3000 986.0600 759.7800 3 VDD_CORE
<CMD> selectVia 978.0600 747.1000 986.0600 748.5800 3 VDD_CORE
<CMD> selectVia 978.0600 735.9000 986.0600 737.3800 3 VDD_CORE
<CMD> selectVia 978.0600 724.7000 986.0600 726.1800 3 VDD_CORE
<CMD> selectVia 978.0600 713.5000 986.0600 714.9800 3 VDD_CORE
<CMD> selectVia 978.0600 702.3000 986.0600 703.7800 3 VDD_CORE
<CMD> selectVia 978.0600 691.1000 986.0600 692.5800 3 VDD_CORE
<CMD> selectVia 978.0600 679.9000 986.0600 681.3800 3 VDD_CORE
<CMD> selectVia 978.0600 668.7000 986.0600 670.1800 3 VDD_CORE
<CMD> selectVia 978.0600 657.5000 986.0600 658.9800 3 VDD_CORE
<CMD> selectVia 978.0600 646.3000 986.0600 647.7800 3 VDD_CORE
<CMD> selectVia 978.0600 635.1000 986.0600 636.5800 3 VDD_CORE
<CMD> selectVia 978.0600 623.9000 986.0600 625.3800 3 VDD_CORE
<CMD> selectVia 978.0600 612.7000 986.0600 614.1800 3 VDD_CORE
<CMD> selectVia 978.0600 601.5000 986.0600 602.9800 3 VDD_CORE
<CMD> selectVia 978.0600 590.3000 986.0600 591.7800 3 VDD_CORE
<CMD> selectVia 978.0600 579.1000 986.0600 580.5800 3 VDD_CORE
<CMD> selectVia 978.0600 567.9000 986.0600 569.3800 3 VDD_CORE
<CMD> selectVia 978.0600 556.7000 986.0600 558.1800 3 VDD_CORE
<CMD> selectVia 978.0600 545.5000 986.0600 546.9800 3 VDD_CORE
<CMD> selectVia 978.0600 534.3000 986.0600 535.7800 3 VDD_CORE
<CMD> selectVia 978.0600 523.1000 986.0600 524.5800 3 VDD_CORE
<CMD> selectVia 978.0600 511.9000 986.0600 513.3800 3 VDD_CORE
<CMD> selectVia 978.0600 500.7000 986.0600 502.1800 3 VDD_CORE
<CMD> selectVia 978.0600 489.5000 986.0600 490.9800 3 VDD_CORE
<CMD> selectVia 978.0600 478.3000 986.0600 479.7800 3 VDD_CORE
<CMD> selectVia 978.0600 467.1000 986.0600 468.5800 3 VDD_CORE
<CMD> selectVia 978.0600 455.9000 986.0600 457.3800 3 VDD_CORE
<CMD> selectVia 978.0600 444.7000 986.0600 446.1800 3 VDD_CORE
<CMD> selectVia 978.0600 433.5000 986.0600 434.9800 3 VDD_CORE
<CMD> selectVia 978.0600 422.3000 986.0600 423.7800 3 VDD_CORE
<CMD> selectVia 978.0600 411.1000 986.0600 412.5800 3 VDD_CORE
<CMD> selectVia 978.0600 399.9000 986.0600 401.3800 3 VDD_CORE
<CMD> selectVia 978.0600 388.7000 986.0600 390.1800 3 VDD_CORE
<CMD> selectVia 978.0600 377.5000 986.0600 378.9800 3 VDD_CORE
<CMD> selectVia 978.0600 366.3000 986.0600 367.7800 3 VDD_CORE
<CMD> selectVia 978.0600 355.1000 986.0600 356.5800 3 VDD_CORE
<CMD> selectVia 978.0600 343.9000 986.0600 345.3800 3 VDD_CORE
<CMD> selectVia 978.0600 332.7000 986.0600 334.1800 3 VDD_CORE
<CMD> selectVia 978.0600 321.5000 986.0600 322.9800 3 VDD_CORE
<CMD> selectVia 978.0600 310.3000 986.0600 311.7800 3 VDD_CORE
<CMD> selectVia 278.9200 948.7000 286.9200 950.1800 3 VDD_CORE
<CMD> selectVia 278.9200 937.5000 286.9200 938.9800 3 VDD_CORE
<CMD> selectVia 278.9200 926.3000 286.9200 927.7800 3 VDD_CORE
<CMD> selectVia 278.9200 915.1000 286.9200 916.5800 3 VDD_CORE
<CMD> selectVia 278.9200 903.9000 286.9200 905.3800 3 VDD_CORE
<CMD> selectVia 278.9200 892.7000 286.9200 894.1800 3 VDD_CORE
<CMD> selectVia 278.9200 881.5000 286.9200 882.9800 3 VDD_CORE
<CMD> selectVia 278.9200 870.3000 286.9200 871.7800 3 VDD_CORE
<CMD> selectVia 278.9200 859.1000 286.9200 860.5800 3 VDD_CORE
<CMD> selectVia 278.9200 847.9000 286.9200 849.3800 3 VDD_CORE
<CMD> selectVia 278.9200 836.7000 286.9200 838.1800 3 VDD_CORE
<CMD> selectVia 278.9200 825.5000 286.9200 826.9800 3 VDD_CORE
<CMD> selectVia 278.9200 814.3000 286.9200 815.7800 3 VDD_CORE
<CMD> selectVia 278.9200 803.1000 286.9200 804.5800 3 VDD_CORE
<CMD> selectVia 278.9200 791.9000 286.9200 793.3800 3 VDD_CORE
<CMD> selectVia 278.9200 780.7000 286.9200 782.1800 3 VDD_CORE
<CMD> selectVia 278.9200 769.5000 286.9200 770.9800 3 VDD_CORE
<CMD> selectVia 278.9200 758.3000 286.9200 759.7800 3 VDD_CORE
<CMD> selectVia 278.9200 747.1000 286.9200 748.5800 3 VDD_CORE
<CMD> selectVia 278.9200 735.9000 286.9200 737.3800 3 VDD_CORE
<CMD> selectVia 278.9200 724.7000 286.9200 726.1800 3 VDD_CORE
<CMD> selectVia 278.9200 713.5000 286.9200 714.9800 3 VDD_CORE
<CMD> selectVia 278.9200 702.3000 286.9200 703.7800 3 VDD_CORE
<CMD> selectVia 278.9200 691.1000 286.9200 692.5800 3 VDD_CORE
<CMD> selectVia 278.9200 679.9000 286.9200 681.3800 3 VDD_CORE
<CMD> selectVia 278.9200 668.7000 286.9200 670.1800 3 VDD_CORE
<CMD> selectVia 278.9200 657.5000 286.9200 658.9800 3 VDD_CORE
<CMD> selectVia 278.9200 646.3000 286.9200 647.7800 3 VDD_CORE
<CMD> selectVia 278.9200 635.1000 286.9200 636.5800 3 VDD_CORE
<CMD> selectVia 278.9200 623.9000 286.9200 625.3800 3 VDD_CORE
<CMD> selectVia 278.9200 612.7000 286.9200 614.1800 3 VDD_CORE
<CMD> selectVia 278.9200 601.5000 286.9200 602.9800 3 VDD_CORE
<CMD> selectVia 278.9200 590.3000 286.9200 591.7800 3 VDD_CORE
<CMD> selectVia 278.9200 579.1000 286.9200 580.5800 3 VDD_CORE
<CMD> selectVia 278.9200 567.9000 286.9200 569.3800 3 VDD_CORE
<CMD> selectVia 278.9200 556.7000 286.9200 558.1800 3 VDD_CORE
<CMD> selectVia 278.9200 545.5000 286.9200 546.9800 3 VDD_CORE
<CMD> selectVia 278.9200 534.3000 286.9200 535.7800 3 VDD_CORE
<CMD> selectVia 278.9200 523.1000 286.9200 524.5800 3 VDD_CORE
<CMD> selectVia 278.9200 511.9000 286.9200 513.3800 3 VDD_CORE
<CMD> selectVia 278.9200 500.7000 286.9200 502.1800 3 VDD_CORE
<CMD> selectVia 278.9200 489.5000 286.9200 490.9800 3 VDD_CORE
<CMD> selectVia 278.9200 478.3000 286.9200 479.7800 3 VDD_CORE
<CMD> selectVia 278.9200 467.1000 286.9200 468.5800 3 VDD_CORE
<CMD> selectVia 278.9200 455.9000 286.9200 457.3800 3 VDD_CORE
<CMD> selectVia 278.9200 444.7000 286.9200 446.1800 3 VDD_CORE
<CMD> selectVia 278.9200 433.5000 286.9200 434.9800 3 VDD_CORE
<CMD> selectVia 278.9200 422.3000 286.9200 423.7800 3 VDD_CORE
<CMD> selectVia 278.9200 411.1000 286.9200 412.5800 3 VDD_CORE
<CMD> selectVia 278.9200 399.9000 286.9200 401.3800 3 VDD_CORE
<CMD> selectVia 278.9200 388.7000 286.9200 390.1800 3 VDD_CORE
<CMD> selectVia 278.9200 377.5000 286.9200 378.9800 3 VDD_CORE
<CMD> selectVia 278.9200 366.3000 286.9200 367.7800 3 VDD_CORE
<CMD> selectVia 278.9200 355.1000 286.9200 356.5800 3 VDD_CORE
<CMD> selectVia 278.9200 343.9000 286.9200 345.3800 3 VDD_CORE
<CMD> selectVia 278.9200 332.7000 286.9200 334.1800 3 VDD_CORE
<CMD> selectVia 278.9200 321.5000 286.9200 322.9800 3 VDD_CORE
<CMD> selectVia 978.0600 948.7000 986.0600 950.1800 4 VDD_CORE
<CMD> selectVia 978.0600 937.5000 986.0600 938.9800 4 VDD_CORE
<CMD> selectVia 978.0600 926.3000 986.0600 927.7800 4 VDD_CORE
<CMD> selectVia 978.0600 915.1000 986.0600 916.5800 4 VDD_CORE
<CMD> selectVia 978.0600 903.9000 986.0600 905.3800 4 VDD_CORE
<CMD> selectVia 978.0600 892.7000 986.0600 894.1800 4 VDD_CORE
<CMD> selectVia 978.0600 881.5000 986.0600 882.9800 4 VDD_CORE
<CMD> selectVia 978.0600 870.3000 986.0600 871.7800 4 VDD_CORE
<CMD> selectVia 978.0600 859.1000 986.0600 860.5800 4 VDD_CORE
<CMD> selectVia 978.0600 847.9000 986.0600 849.3800 4 VDD_CORE
<CMD> selectVia 978.0600 836.7000 986.0600 838.1800 4 VDD_CORE
<CMD> selectVia 978.0600 825.5000 986.0600 826.9800 4 VDD_CORE
<CMD> selectVia 978.0600 814.3000 986.0600 815.7800 4 VDD_CORE
<CMD> selectVia 978.0600 803.1000 986.0600 804.5800 4 VDD_CORE
<CMD> selectVia 978.0600 791.9000 986.0600 793.3800 4 VDD_CORE
<CMD> selectVia 978.0600 780.7000 986.0600 782.1800 4 VDD_CORE
<CMD> selectVia 978.0600 769.5000 986.0600 770.9800 4 VDD_CORE
<CMD> selectVia 978.0600 758.3000 986.0600 759.7800 4 VDD_CORE
<CMD> selectVia 978.0600 747.1000 986.0600 748.5800 4 VDD_CORE
<CMD> selectVia 978.0600 735.9000 986.0600 737.3800 4 VDD_CORE
<CMD> selectVia 978.0600 724.7000 986.0600 726.1800 4 VDD_CORE
<CMD> selectVia 978.0600 713.5000 986.0600 714.9800 4 VDD_CORE
<CMD> selectVia 978.0600 702.3000 986.0600 703.7800 4 VDD_CORE
<CMD> selectVia 978.0600 691.1000 986.0600 692.5800 4 VDD_CORE
<CMD> selectVia 978.0600 679.9000 986.0600 681.3800 4 VDD_CORE
<CMD> selectVia 978.0600 668.7000 986.0600 670.1800 4 VDD_CORE
<CMD> selectVia 978.0600 657.5000 986.0600 658.9800 4 VDD_CORE
<CMD> selectVia 978.0600 646.3000 986.0600 647.7800 4 VDD_CORE
<CMD> selectVia 978.0600 635.1000 986.0600 636.5800 4 VDD_CORE
<CMD> selectVia 978.0600 623.9000 986.0600 625.3800 4 VDD_CORE
<CMD> selectVia 978.0600 612.7000 986.0600 614.1800 4 VDD_CORE
<CMD> selectVia 978.0600 601.5000 986.0600 602.9800 4 VDD_CORE
<CMD> selectVia 978.0600 590.3000 986.0600 591.7800 4 VDD_CORE
<CMD> selectVia 978.0600 579.1000 986.0600 580.5800 4 VDD_CORE
<CMD> selectVia 978.0600 567.9000 986.0600 569.3800 4 VDD_CORE
<CMD> selectVia 978.0600 556.7000 986.0600 558.1800 4 VDD_CORE
<CMD> selectVia 978.0600 545.5000 986.0600 546.9800 4 VDD_CORE
<CMD> selectVia 978.0600 534.3000 986.0600 535.7800 4 VDD_CORE
<CMD> selectVia 978.0600 523.1000 986.0600 524.5800 4 VDD_CORE
<CMD> selectVia 978.0600 511.9000 986.0600 513.3800 4 VDD_CORE
<CMD> selectVia 978.0600 500.7000 986.0600 502.1800 4 VDD_CORE
<CMD> selectVia 978.0600 489.5000 986.0600 490.9800 4 VDD_CORE
<CMD> selectVia 978.0600 478.3000 986.0600 479.7800 4 VDD_CORE
<CMD> selectVia 978.0600 467.1000 986.0600 468.5800 4 VDD_CORE
<CMD> selectVia 978.0600 455.9000 986.0600 457.3800 4 VDD_CORE
<CMD> selectVia 978.0600 444.7000 986.0600 446.1800 4 VDD_CORE
<CMD> selectVia 978.0600 433.5000 986.0600 434.9800 4 VDD_CORE
<CMD> selectVia 978.0600 422.3000 986.0600 423.7800 4 VDD_CORE
<CMD> selectVia 978.0600 411.1000 986.0600 412.5800 4 VDD_CORE
<CMD> selectVia 978.0600 399.9000 986.0600 401.3800 4 VDD_CORE
<CMD> selectVia 978.0600 388.7000 986.0600 390.1800 4 VDD_CORE
<CMD> selectVia 978.0600 377.5000 986.0600 378.9800 4 VDD_CORE
<CMD> selectVia 978.0600 366.3000 986.0600 367.7800 4 VDD_CORE
<CMD> selectVia 978.0600 355.1000 986.0600 356.5800 4 VDD_CORE
<CMD> selectVia 978.0600 343.9000 986.0600 345.3800 4 VDD_CORE
<CMD> selectVia 978.0600 332.7000 986.0600 334.1800 4 VDD_CORE
<CMD> selectVia 978.0600 321.5000 986.0600 322.9800 4 VDD_CORE
<CMD> selectVia 978.0600 310.3000 986.0600 311.7800 4 VDD_CORE
<CMD> selectVia 278.9200 702.3000 286.9200 703.7800 4 VDD_CORE
<CMD> selectVia 278.9200 691.1000 286.9200 692.5800 4 VDD_CORE
<CMD> selectVia 278.9200 679.9000 286.9200 681.3800 4 VDD_CORE
<CMD> selectVia 278.9200 668.7000 286.9200 670.1800 4 VDD_CORE
<CMD> selectVia 278.9200 657.5000 286.9200 658.9800 4 VDD_CORE
<CMD> selectVia 278.9200 646.3000 286.9200 647.7800 4 VDD_CORE
<CMD> selectVia 278.9200 635.1000 286.9200 636.5800 4 VDD_CORE
<CMD> selectVia 278.9200 623.9000 286.9200 625.3800 4 VDD_CORE
<CMD> selectVia 278.9200 612.7000 286.9200 614.1800 4 VDD_CORE
<CMD> selectVia 278.9200 601.5000 286.9200 602.9800 4 VDD_CORE
<CMD> selectVia 278.9200 590.3000 286.9200 591.7800 4 VDD_CORE
<CMD> selectVia 278.9200 579.1000 286.9200 580.5800 4 VDD_CORE
<CMD> selectVia 278.9200 567.9000 286.9200 569.3800 4 VDD_CORE
<CMD> selectVia 278.9200 556.7000 286.9200 558.1800 4 VDD_CORE
<CMD> selectVia 278.9200 545.5000 286.9200 546.9800 4 VDD_CORE
<CMD> selectVia 278.9200 534.3000 286.9200 535.7800 4 VDD_CORE
<CMD> selectVia 278.9200 523.1000 286.9200 524.5800 4 VDD_CORE
<CMD> selectVia 278.9200 511.9000 286.9200 513.3800 4 VDD_CORE
<CMD> selectVia 278.9200 500.7000 286.9200 502.1800 4 VDD_CORE
<CMD> selectVia 278.9200 489.5000 286.9200 490.9800 4 VDD_CORE
<CMD> selectVia 278.9200 478.3000 286.9200 479.7800 4 VDD_CORE
<CMD> selectVia 278.9200 467.1000 286.9200 468.5800 4 VDD_CORE
<CMD> selectVia 278.9200 455.9000 286.9200 457.3800 4 VDD_CORE
<CMD> selectVia 278.9200 444.7000 286.9200 446.1800 4 VDD_CORE
<CMD> selectVia 278.9200 433.5000 286.9200 434.9800 4 VDD_CORE
<CMD> selectVia 278.9200 422.3000 286.9200 423.7800 4 VDD_CORE
<CMD> selectVia 278.9200 411.1000 286.9200 412.5800 4 VDD_CORE
<CMD> selectVia 278.9200 399.9000 286.9200 401.3800 4 VDD_CORE
<CMD> selectVia 278.9200 388.7000 286.9200 390.1800 4 VDD_CORE
<CMD> selectVia 278.9200 377.5000 286.9200 378.9800 4 VDD_CORE
<CMD> selectVia 278.9200 366.3000 286.9200 367.7800 4 VDD_CORE
<CMD> selectVia 278.9200 355.1000 286.9200 356.5800 4 VDD_CORE
<CMD> selectVia 278.9200 343.9000 286.9200 345.3800 4 VDD_CORE
<CMD> selectVia 278.9200 332.7000 286.9200 334.1800 4 VDD_CORE
<CMD> selectVia 278.9200 321.5000 286.9200 322.9800 4 VDD_CORE
<CMD> selectVia 278.9200 948.7000 286.9200 950.1800 4 VDD_CORE
<CMD> selectVia 278.9200 937.5000 286.9200 938.9800 4 VDD_CORE
<CMD> selectVia 278.9200 926.3000 286.9200 927.7800 4 VDD_CORE
<CMD> selectVia 278.9200 915.1000 286.9200 916.5800 4 VDD_CORE
<CMD> selectVia 278.9200 903.9000 286.9200 905.3800 4 VDD_CORE
<CMD> selectVia 278.9200 892.7000 286.9200 894.1800 4 VDD_CORE
<CMD> selectVia 278.9200 881.5000 286.9200 882.9800 4 VDD_CORE
<CMD> selectVia 278.9200 870.3000 286.9200 871.7800 4 VDD_CORE
<CMD> selectVia 278.9200 859.1000 286.9200 860.5800 4 VDD_CORE
<CMD> selectVia 278.9200 847.9000 286.9200 849.3800 4 VDD_CORE
<CMD> selectVia 278.9200 836.7000 286.9200 838.1800 4 VDD_CORE
<CMD> selectVia 278.9200 825.5000 286.9200 826.9800 4 VDD_CORE
<CMD> selectVia 278.9200 814.3000 286.9200 815.7800 4 VDD_CORE
<CMD> selectVia 278.9200 803.1000 286.9200 804.5800 4 VDD_CORE
<CMD> selectVia 278.9200 791.9000 286.9200 793.3800 4 VDD_CORE
<CMD> selectVia 278.9200 780.7000 286.9200 782.1800 4 VDD_CORE
<CMD> selectVia 278.9200 769.5000 286.9200 770.9800 4 VDD_CORE
<CMD> selectVia 278.9200 758.3000 286.9200 759.7800 4 VDD_CORE
<CMD> selectVia 278.9200 747.1000 286.9200 748.5800 4 VDD_CORE
<CMD> selectVia 907.8400 991.8200 911.8400 999.8200 4 VSS_CORE
<CMD> selectVia 807.8400 991.8200 811.8400 999.8200 4 VSS_CORE
<CMD> selectVia 707.8400 991.8200 711.8400 999.8200 4 VSS_CORE
<CMD> selectVia 994.0600 991.8200 1002.0600 999.8200 4 VSS_CORE
<CMD> selectWire 965.1200 959.9000 986.0600 960.6400 1 VDD_CORE
<CMD> selectVia 978.0600 975.8200 986.0600 983.8200 4 VDD_CORE
<CMD> selectVia 699.8400 975.8200 703.8400 983.8200 4 VDD_CORE
<CMD> selectVia 799.8400 975.8200 803.8400 983.8200 4 VDD_CORE
<CMD> selectVia 899.8400 975.8200 903.8400 983.8200 4 VDD_CORE
<CMD> selectVia 978.0600 959.9000 986.0600 960.6400 2 VDD_CORE
<CMD> selectVia 978.0600 959.9000 986.0600 960.6400 3 VDD_CORE
<CMD> selectVia 978.0600 959.9000 986.0600 960.6400 4 VDD_CORE
<CMD> selectVia 262.9200 991.8200 270.9200 999.8200 4 VSS_CORE
<CMD> selectVia 307.8400 991.8200 311.8400 999.8200 4 VSS_CORE
<CMD> selectVia 407.8400 991.8200 411.8400 999.8200 4 VSS_CORE
<CMD> selectVia 507.8400 991.8200 511.8400 999.8200 4 VSS_CORE
<CMD> selectVia 607.8400 991.8200 611.8400 999.8200 4 VSS_CORE
<CMD> selectWire 278.9200 959.9000 299.8400 960.6400 1 VDD_CORE
<CMD> selectVia 278.9200 975.8200 286.9200 983.8200 4 VDD_CORE
<CMD> selectVia 299.8400 975.8200 303.8400 983.8200 4 VDD_CORE
<CMD> selectVia 399.8400 975.8200 403.8400 983.8200 4 VDD_CORE
<CMD> selectVia 499.8400 975.8200 503.8400 983.8200 4 VDD_CORE
<CMD> selectVia 599.8400 975.8200 603.8400 983.8200 4 VDD_CORE
<CMD> selectVia 278.9200 959.9000 286.9200 960.6400 2 VDD_CORE
<CMD> selectVia 278.9200 959.9000 286.9200 960.6400 3 VDD_CORE
<CMD> selectVia 278.9200 959.9000 286.9200 960.6400 4 VDD_CORE
<CMD> selectVia 276.9800 745.4200 278.4600 746.9000 2 VSS_CORE
<CMD> selectVia 276.9800 730.3000 278.4600 731.7800 2 VSS_CORE
<CMD> selectVia 270.2600 719.1000 271.7400 720.5800 2 VSS_CORE
<CMD> selectVia 262.9200 786.3000 270.9200 787.7800 4 VSS_CORE
<CMD> selectVia 262.9200 775.1000 270.9200 776.5800 4 VSS_CORE
<CMD> selectWire 276.9800 731.0400 278.4600 746.1600 2 VSS_CORE
<CMD> selectWire 270.2600 709.2000 271.7400 719.8400 2 VSS_CORE
<CMD> selectWire 271.3800 741.5000 272.8600 746.9000 1 VSS_CORE
<CMD> selectWire 262.9200 708.4600 271.0000 709.9400 3 VSS_CORE
<CMD> selectWire 271.0000 719.1000 299.8400 720.5800 1 VSS_CORE
<CMD> selectWire 271.3800 741.5000 299.8400 742.9800 1 VSS_CORE
<CMD> selectWire 277.7200 730.3000 299.8400 731.7800 1 VSS_CORE
<CMD> selectWire 262.9200 745.4200 277.7200 746.9000 1 VSS_CORE
<CMD> selectWire 262.9200 745.4200 272.8600 746.9000 1 VSS_CORE
<CMD> selectWire 276.9800 745.4200 278.4600 746.9000 1 VSS_CORE
<CMD> selectWire 276.9800 730.3000 278.4600 731.7800 1 VSS_CORE
<CMD> selectWire 248.7100 795.6200 270.9200 829.4400 3 VSS_CORE
<CMD> selectVia 262.9200 795.6200 270.9200 829.4400 4 VSS_CORE
<CMD> selectVia 262.9200 745.4200 270.9200 746.9000 2 VSS_CORE
<CMD> selectVia 262.9200 752.7000 270.9200 754.1800 2 VSS_CORE
<CMD> selectVia 262.9200 745.4200 270.9200 746.9000 3 VSS_CORE
<CMD> selectVia 262.9200 752.7000 270.9200 754.1800 3 VSS_CORE
<CMD> selectVia 262.9200 745.4200 270.9200 746.9000 4 VSS_CORE
<CMD> selectVia 262.9200 752.7000 270.9200 754.1800 4 VSS_CORE
<CMD> selectVia 262.9200 763.9000 270.9200 765.3800 4 VSS_CORE
<CMD> selectVia 262.9200 707.9000 270.9200 709.9400 4 VSS_CORE
<CMD> selectVia 270.2600 708.4600 271.7400 709.9400 3 VSS_CORE
<CMD> selectWire 248.7200 710.6200 286.9200 744.4400 3 VDD_CORE
<CMD> selectVia 278.9200 710.6200 286.9200 744.4400 4 VDD_CORE
<CMD> selectWire 262.9200 991.8200 1002.0600 999.8200 3 VSS_CORE
<CMD> selectWire 278.9200 975.8200 986.0600 983.8200 3 VDD_CORE
<CMD> selectWire 299.8400 959.9000 965.1200 960.6400 1 VDD_CORE
<CMD> selectVia 978.0600 278.9200 986.0600 286.9200 4 VDD_CORE
<CMD> selectWire 710.5600 248.3000 744.3800 286.9200 2 VDD_CORE
<CMD> selectWire 965.1200 310.3000 986.0600 311.7800 1 VDD_CORE
<CMD> selectWire 965.1200 299.8400 986.0600 300.5800 1 VDD_CORE
<CMD> selectVia 795.5600 262.9200 829.3800 270.9200 4 VSS_CORE
<CMD> selectVia 907.8400 262.9200 911.8400 270.9200 4 VSS_CORE
<CMD> selectVia 707.8400 262.9200 711.8400 270.9200 4 VSS_CORE
<CMD> selectWire 965.1200 304.7000 1002.0600 306.1800 1 VSS_CORE
<CMD> selectWire 795.5600 248.7100 829.3800 270.9200 4 VSS_CORE
<CMD> selectVia 994.0600 262.9200 1002.0600 270.9200 4 VSS_CORE
<CMD> selectVia 699.8400 278.9200 703.8400 286.9200 4 VDD_CORE
<CMD> selectVia 799.8400 278.9200 803.8400 286.9200 4 VDD_CORE
<CMD> selectVia 899.8400 278.9200 903.8400 286.9200 4 VDD_CORE
<CMD> selectVia 710.5600 278.9200 744.3800 286.9200 3 VDD_CORE
<CMD> selectVia 978.0600 299.8400 986.0600 300.5800 2 VDD_CORE
<CMD> selectVia 978.0600 299.8400 986.0600 300.5800 3 VDD_CORE
<CMD> selectVia 978.0600 299.8400 986.0600 300.5800 4 VDD_CORE
<CMD> selectVia 499.8400 278.9200 503.8400 286.9200 4 VDD_CORE
<CMD> selectVia 399.8400 278.9200 403.8400 286.9200 4 VDD_CORE
<CMD> selectVia 299.8400 278.9200 303.8400 286.9200 4 VDD_CORE
<CMD> selectVia 278.9200 278.9200 286.9200 286.9200 4 VDD_CORE
<CMD> selectWire 278.9200 310.3000 299.8400 311.7800 1 VDD_CORE
<CMD> selectWire 278.9200 299.8400 299.8400 300.5800 1 VDD_CORE
<CMD> selectVia 262.9200 304.7000 270.9200 306.1800 4 VSS_CORE
<CMD> selectVia 262.9200 304.7000 270.9200 306.1800 3 VSS_CORE
<CMD> selectVia 262.9200 304.7000 270.9200 306.1800 2 VSS_CORE
<CMD> selectVia 607.8400 262.9200 611.8400 270.9200 4 VSS_CORE
<CMD> selectVia 507.8400 262.9200 511.8400 270.9200 4 VSS_CORE
<CMD> selectVia 407.8400 262.9200 411.8400 270.9200 4 VSS_CORE
<CMD> selectVia 307.8400 262.9200 311.8400 270.9200 4 VSS_CORE
<CMD> selectWire 262.9200 304.7000 299.8400 306.1800 1 VSS_CORE
<CMD> selectVia 262.9200 262.9200 270.9200 270.9200 4 VSS_CORE
<CMD> selectVia 599.8400 278.9200 603.8400 286.9200 4 VDD_CORE
<CMD> selectVia 278.9200 299.8400 286.9200 300.5800 2 VDD_CORE
<CMD> selectVia 278.9200 299.8400 286.9200 300.5800 3 VDD_CORE
<CMD> selectVia 278.9200 299.8400 286.9200 300.5800 4 VDD_CORE
<CMD> selectVia 278.9200 310.3000 286.9200 311.7800 2 VDD_CORE
<CMD> selectVia 278.9200 310.3000 286.9200 311.7800 3 VDD_CORE
<CMD> selectVia 278.9200 310.3000 286.9200 311.7800 4 VDD_CORE
<CMD> selectWire 299.8400 304.7000 965.1200 306.1800 1 VSS_CORE
<CMD> selectWire 262.9200 262.9200 1002.0600 270.9200 3 VSS_CORE
<CMD> selectWire 278.9200 278.9200 986.0600 286.9200 3 VDD_CORE
<CMD> selectWire 299.8400 299.8400 965.1200 300.5800 1 VDD_CORE
<CMD> selectWire 299.8400 310.3000 965.1200 311.7800 1 VDD_CORE
<CMD> selectWire 262.9200 262.9200 270.9200 999.8200 4 VSS_CORE
<CMD> selectWire 994.0600 262.9200 1002.0600 999.8200 4 VSS_CORE
<CMD> selectWire 307.8400 262.9200 311.8400 999.8200 4 VSS_CORE
<CMD> selectWire 407.8400 262.9200 411.8400 999.8200 4 VSS_CORE
<CMD> selectWire 507.8400 262.9200 511.8400 999.8200 4 VSS_CORE
<CMD> selectWire 607.8400 262.9200 611.8400 999.8200 4 VSS_CORE
<CMD> selectWire 707.8400 262.9200 711.8400 999.8200 4 VSS_CORE
<CMD> selectWire 807.8400 262.9200 811.8400 999.8200 4 VSS_CORE
<CMD> selectWire 907.8400 262.9200 911.8400 999.8200 4 VSS_CORE
<CMD> selectWire 278.9200 278.9200 286.9200 983.8200 4 VDD_CORE
<CMD> selectWire 978.0600 278.9200 986.0600 983.8200 4 VDD_CORE
<CMD> selectWire 299.8400 278.9200 303.8400 983.8200 4 VDD_CORE
<CMD> selectWire 399.8400 278.9200 403.8400 983.8200 4 VDD_CORE
<CMD> selectWire 499.8400 278.9200 503.8400 983.8200 4 VDD_CORE
<CMD> selectWire 599.8400 278.9200 603.8400 983.8200 4 VDD_CORE
<CMD> selectWire 699.8400 278.9200 703.8400 983.8200 4 VDD_CORE
<CMD> selectWire 799.8400 278.9200 803.8400 983.8200 4 VDD_CORE
<CMD> selectWire 899.8400 278.9200 903.8400 983.8200 4 VDD_CORE
<CMD> deselectInst u_pad_framing_error
<CMD> deselectObject Pin u_pad_framing_error/PAD
<CMD> deselectObject Pin u_pad_framing_error/I
<CMD> deselectInst {g_tx_data_pads[4].u_pad_tx_data}
<CMD> deselectObject Pin {g_tx_data_pads[4].u_pad_tx_data/CIN}
<CMD> deselectObject Pin {g_tx_data_pads[4].u_pad_tx_data/PAD}
<CMD> deselectObject Pin u_pad_rx_serial/CIN
<CMD> deselectObject Pin u_pad_rx_serial/PAD
<CMD> deselectInst u_uart_top/u_uart_tx/FE_OFC52_baud_tick_16x
<CMD> deselectObject Pin u_uart_top/u_uart_tx/FE_OFC52_baud_tick_16x/Z
<CMD> deselectObject Pin u_uart_top/u_uart_tx/FE_OFC52_baud_tick_16x/I
<CMD> deselectInst u_uart_top/u_baud_gen/g351__7482
<CMD> deselectObject Pin u_uart_top/u_baud_gen/g351__7482/Z
<CMD> deselectObject Pin u_uart_top/u_baud_gen/g351__7482/A2
<CMD> deselectObject Pin u_uart_top/u_baud_gen/g351__7482/A1
<CMD> deselectInst u_uart_top/u_baud_gen/g344__5122
<CMD> deselectObject Pin u_uart_top/u_baud_gen/g344__5122/S
<CMD> deselectObject Pin u_uart_top/u_baud_gen/g344__5122/CO
<CMD> deselectObject Pin u_uart_top/u_baud_gen/g344__5122/B
<CMD> deselectObject Pin u_uart_top/u_baud_gen/g344__5122/A
<CMD> deselectInst {u_uart_top/u_baud_gen/count_reg[0]}
<CMD> deselectObject Pin {u_uart_top/u_baud_gen/count_reg[0]/Q}
<CMD> deselectObject Pin {u_uart_top/u_baud_gen/count_reg[0]/D}
<CMD> deselectObject Pin {u_uart_top/u_baud_gen/count_reg[0]/CP}
<CMD> deselectObject Pin {u_uart_top/u_baud_gen/count_reg[0]/CDN}
<CMD> deselectInst {u_uart_top/u_baud_gen/count_reg[3]}
<CMD> deselectObject Pin {u_uart_top/u_baud_gen/count_reg[3]/Q}
<CMD> deselectObject Pin {u_uart_top/u_baud_gen/count_reg[3]/D}
<CMD> deselectObject Pin {u_uart_top/u_baud_gen/count_reg[3]/CP}
<CMD> deselectObject Pin {u_uart_top/u_baud_gen/count_reg[3]/CDN}
<CMD> deselectInst u_pad_tx_busy
<CMD> deselectObject Pin u_pad_tx_busy/PAD
<CMD> deselectObject Pin u_pad_tx_busy/I
<CMD> deselectInst FE_FILLER_W_0
<CMD> deselectInst FE_FILLER_W_1
<CMD> deselectObject Pin u_pad_tx_start/CIN
<CMD> deselectObject Pin u_pad_tx_start/PAD
<CMD> deselectObject Pin u_pad_rst_n/CIN
<CMD> deselectObject Pin u_pad_rst_n/PAD
<CMD> deselectObject Pin u_pad_clk/CIN
<CMD> deselectObject Pin u_pad_clk/PAD
<CMD> deselectObject Pin u_clkbuf/CP
<CMD> deselectObject Pin u_clkbuf/CCLK
<CMD> deselectInst u_uart_top/u_uart_tx/FE_OFC33_tx_start_core
<CMD> deselectObject Pin u_uart_top/u_uart_tx/FE_OFC33_tx_start_core/Z
<CMD> deselectObject Pin u_uart_top/u_uart_tx/FE_OFC33_tx_start_core/I
<CMD> deselectInst u_uart_top/u_uart_tx/FE_OFC51_tx_start_core
<CMD> deselectObject Pin u_uart_top/u_uart_tx/FE_OFC51_tx_start_core/Z
<CMD> deselectObject Pin u_uart_top/u_uart_tx/FE_OFC51_tx_start_core/I
<CMD> deselectInst u_uart_top/FE_OFC22_rst_n_core
<CMD> deselectObject Pin u_uart_top/FE_OFC22_rst_n_core/ZN
<CMD> deselectObject Pin u_uart_top/FE_OFC22_rst_n_core/I
<CMD> deselectInst u_uart_top/FE_OFC49_rst_n_core
<CMD> deselectObject Pin u_uart_top/FE_OFC49_rst_n_core/Z
<CMD> deselectObject Pin u_uart_top/FE_OFC49_rst_n_core/I
<CMD> deselectInst FE_OFC17_clk_pad_to_buf
<CMD> deselectObject Pin FE_OFC17_clk_pad_to_buf/Z
<CMD> deselectObject Pin FE_OFC17_clk_pad_to_buf/I
<CMD> deselectInst FE_OFC46_clk_pad_to_buf
<CMD> deselectObject Pin FE_OFC46_clk_pad_to_buf/Z
<CMD> deselectObject Pin FE_OFC46_clk_pad_to_buf/I
<CMD> deselectInst FE_FILLER_W_2
<CMD> deselectInst FE_FILLER_W_3
<CMD> deselectInst FE_FILLER_W_4
<CMD> deselectInst FE_FILLER_W_5
<CMD> deselectInst FE_FILLER_W_6
<CMD> deselectInst FE_FILLER_W_7
<CMD> deselectInst FE_FILLER_W_8
<CMD> deselectInst FE_FILLER_W_9
<CMD> deselectInst u_pad_tx_serial
<CMD> deselectObject Pin u_pad_tx_serial/PAD
<CMD> deselectObject Pin u_pad_tx_serial/I
<CMD> deselectInst u_pad_rx_done
<CMD> deselectObject Pin u_pad_rx_done/PAD
<CMD> deselectObject Pin u_pad_rx_done/I
<CMD> deselectInst u_pad_parity_error
<CMD> deselectObject Pin u_pad_parity_error/PAD
<CMD> deselectObject Pin u_pad_parity_error/I
<CMD> deselectInst u_uart_top/u_uart_rx/rx_sync_ff1_reg
<CMD> deselectObject Pin u_uart_top/u_uart_rx/rx_sync_ff1_reg/SDN
<CMD> deselectObject Pin u_uart_top/u_uart_rx/rx_sync_ff1_reg/QN
<CMD> deselectObject Pin u_uart_top/u_uart_rx/rx_sync_ff1_reg/Q
<CMD> deselectObject Pin u_uart_top/u_uart_rx/rx_sync_ff1_reg/D
<CMD> deselectObject Pin u_uart_top/u_uart_rx/rx_sync_ff1_reg/CP
<CMD> deselectInst u_uart_top/u_uart_rx/rx_done_reg
<CMD> deselectObject Pin u_uart_top/u_uart_rx/rx_done_reg/Q
<CMD> deselectObject Pin u_uart_top/u_uart_rx/rx_done_reg/D
<CMD> deselectObject Pin u_uart_top/u_uart_rx/rx_done_reg/CP
<CMD> deselectObject Pin u_uart_top/u_uart_rx/rx_done_reg/CDN
<CMD> deselectInst u_uart_top/u_uart_rx/FE_OFC38_rx_sync_ff1
<CMD> deselectObject Pin u_uart_top/u_uart_rx/FE_OFC38_rx_sync_ff1/Z
<CMD> deselectObject Pin u_uart_top/u_uart_rx/FE_OFC38_rx_sync_ff1/I
<CMD> deselectInst u_uart_top/u_baud_gen/g2__4733
<CMD> deselectObject Pin u_uart_top/u_baud_gen/g2__4733/Z
<CMD> deselectObject Pin u_uart_top/u_baud_gen/g2__4733/A2
<CMD> deselectObject Pin u_uart_top/u_baud_gen/g2__4733/A1
<CMD> deselectInst {u_uart_top/u_baud_gen/count_reg[1]}
<CMD> deselectObject Pin {u_uart_top/u_baud_gen/count_reg[1]/Q}
<CMD> deselectObject Pin {u_uart_top/u_baud_gen/count_reg[1]/D}
<CMD> deselectObject Pin {u_uart_top/u_baud_gen/count_reg[1]/CP}
<CMD> deselectObject Pin {u_uart_top/u_baud_gen/count_reg[1]/CDN}
<CMD> deselectInst u_uart_top/u_baud_gen/baud_tick_16x_reg
<CMD> deselectObject Pin u_uart_top/u_baud_gen/baud_tick_16x_reg/Q
<CMD> deselectObject Pin u_uart_top/u_baud_gen/baud_tick_16x_reg/D
<CMD> deselectObject Pin u_uart_top/u_baud_gen/baud_tick_16x_reg/CP
<CMD> deselectObject Pin u_uart_top/u_baud_gen/baud_tick_16x_reg/CDN
<CMD> deselectInst {u_uart_top/u_baud_gen/count_reg[2]}
<CMD> deselectObject Pin {u_uart_top/u_baud_gen/count_reg[2]/Q}
<CMD> deselectObject Pin {u_uart_top/u_baud_gen/count_reg[2]/D}
<CMD> deselectObject Pin {u_uart_top/u_baud_gen/count_reg[2]/CP}
<CMD> deselectObject Pin {u_uart_top/u_baud_gen/count_reg[2]/CDN}
<CMD> deselectInst u_uart_top/FE_OFC23_rst_n_core
<CMD> deselectObject Pin u_uart_top/FE_OFC23_rst_n_core/ZN
<CMD> deselectObject Pin u_uart_top/FE_OFC23_rst_n_core/I
<CMD> deselectInst u_uart_top/FE_OFC40_clk_core
<CMD> deselectObject Pin u_uart_top/FE_OFC40_clk_core/Z
<CMD> deselectObject Pin u_uart_top/FE_OFC40_clk_core/I
<CMD> deselectInst FE_OFC21_parity_error_core
<CMD> deselectObject Pin FE_OFC21_parity_error_core/ZN
<CMD> deselectObject Pin FE_OFC21_parity_error_core/I
<CMD> deselectInst FE_OFC27_rx_done_core
<CMD> deselectObject Pin FE_OFC27_rx_done_core/ZN
<CMD> deselectObject Pin FE_OFC27_rx_done_core/I
<CMD> deselectInst FE_OFC28_rx_done_core
<CMD> deselectObject Pin FE_OFC28_rx_done_core/ZN
<CMD> deselectObject Pin FE_OFC28_rx_done_core/I
<CMD> deselectInst FE_OFC31_tx_busy_core
<CMD> deselectObject Pin FE_OFC31_tx_busy_core/Z
<CMD> deselectObject Pin FE_OFC31_tx_busy_core/I
<CMD> deselectInst FE_OFC50_rx_done_core
<CMD> deselectObject Pin FE_OFC50_rx_done_core/Z
<CMD> deselectObject Pin FE_OFC50_rx_done_core/I
<CMD> deselectInst {g_tx_data_pads[0].u_pad_tx_data}
<CMD> deselectObject Pin {g_tx_data_pads[0].u_pad_tx_data/CIN}
<CMD> deselectObject Pin {g_tx_data_pads[0].u_pad_tx_data/PAD}
<CMD> deselectInst FE_FILLER_E_2
<CMD> deselectInst FE_FILLER_E_3
<CMD> deselectInst u_uart_top/u_uart_tx/FE_OFC16_tx_data_core_0
<CMD> deselectObject Pin u_uart_top/u_uart_tx/FE_OFC16_tx_data_core_0/Z
<CMD> deselectObject Pin u_uart_top/u_uart_tx/FE_OFC16_tx_data_core_0/I
<CMD> deselectInst u_uart_top/u_uart_rx/FE_OFC29_rx_serial_core
<CMD> deselectObject Pin u_uart_top/u_uart_rx/FE_OFC29_rx_serial_core/Z
<CMD> deselectObject Pin u_uart_top/u_uart_rx/FE_OFC29_rx_serial_core/I
<CMD> deselectInst u_uart_top/u_uart_tx/g2149__2346
<CMD> deselectObject Pin u_uart_top/u_uart_tx/g2149__2346/Z
<CMD> deselectObject Pin u_uart_top/u_uart_tx/g2149__2346/S1
<CMD> deselectObject Pin u_uart_top/u_uart_tx/g2149__2346/S0
<CMD> deselectObject Pin u_uart_top/u_uart_tx/g2149__2346/I3
<CMD> deselectObject Pin u_uart_top/u_uart_tx/g2149__2346/I2
<CMD> deselectObject Pin u_uart_top/u_uart_tx/g2149__2346/I1
<CMD> deselectObject Pin u_uart_top/u_uart_tx/g2149__2346/I0
<CMD> deselectInst {u_uart_top/u_uart_tx/data_reg_reg[7]}
<CMD> deselectObject Pin {u_uart_top/u_uart_tx/data_reg_reg[7]/Q}
<CMD> deselectObject Pin {u_uart_top/u_uart_tx/data_reg_reg[7]/ENN}
<CMD> deselectObject Pin {u_uart_top/u_uart_tx/data_reg_reg[7]/D}
<CMD> deselectObject Pin {u_uart_top/u_uart_tx/data_reg_reg[7]/CP}
<CMD> deselectObject Pin {u_uart_top/u_uart_tx/data_reg_reg[7]/CDN}
<CMD> deselectInst {u_uart_top/u_uart_tx/data_reg_reg[5]}
<CMD> deselectObject Pin {u_uart_top/u_uart_tx/data_reg_reg[5]/Q}
<CMD> deselectObject Pin {u_uart_top/u_uart_tx/data_reg_reg[5]/ENN}
<CMD> deselectObject Pin {u_uart_top/u_uart_tx/data_reg_reg[5]/D}
<CMD> deselectObject Pin {u_uart_top/u_uart_tx/data_reg_reg[5]/CP}
<CMD> deselectObject Pin {u_uart_top/u_uart_tx/data_reg_reg[5]/CDN}
<CMD> deselectInst {u_uart_top/u_uart_tx/data_reg_reg[4]}
<CMD> deselectObject Pin {u_uart_top/u_uart_tx/data_reg_reg[4]/Q}
<CMD> deselectObject Pin {u_uart_top/u_uart_tx/data_reg_reg[4]/ENN}
<CMD> deselectObject Pin {u_uart_top/u_uart_tx/data_reg_reg[4]/D}
<CMD> deselectObject Pin {u_uart_top/u_uart_tx/data_reg_reg[4]/CP}
<CMD> deselectObject Pin {u_uart_top/u_uart_tx/data_reg_reg[4]/CDN}
<CMD> deselectInst {u_uart_top/u_uart_tx/data_reg_reg[1]}
<CMD> deselectObject Pin {u_uart_top/u_uart_tx/data_reg_reg[1]/Q}
<CMD> deselectObject Pin {u_uart_top/u_uart_tx/data_reg_reg[1]/ENN}
<CMD> deselectObject Pin {u_uart_top/u_uart_tx/data_reg_reg[1]/D}
<CMD> deselectObject Pin {u_uart_top/u_uart_tx/data_reg_reg[1]/CP}
<CMD> deselectObject Pin {u_uart_top/u_uart_tx/data_reg_reg[1]/CDN}
<CMD> deselectInst {u_uart_top/u_uart_tx/data_reg_reg[0]}
<CMD> deselectObject Pin {u_uart_top/u_uart_tx/data_reg_reg[0]/Q}
<CMD> deselectObject Pin {u_uart_top/u_uart_tx/data_reg_reg[0]/ENN}
<CMD> deselectObject Pin {u_uart_top/u_uart_tx/data_reg_reg[0]/D}
<CMD> deselectObject Pin {u_uart_top/u_uart_tx/data_reg_reg[0]/CP}
<CMD> deselectObject Pin {u_uart_top/u_uart_tx/data_reg_reg[0]/CDN}
<CMD> deselectInst u_uart_top/u_baud_gen/g2
<CMD> deselectObject Pin u_uart_top/u_baud_gen/g2/ZN
<CMD> deselectObject Pin u_uart_top/u_baud_gen/g2/C2
<CMD> deselectObject Pin u_uart_top/u_baud_gen/g2/C1
<CMD> deselectObject Pin u_uart_top/u_baud_gen/g2/B
<CMD> deselectObject Pin u_uart_top/u_baud_gen/g2/A
<CMD> deselectInst u_uart_top/u_baud_gen/g353__6161
<CMD> deselectObject Pin u_uart_top/u_baud_gen/g353__6161/ZN
<CMD> deselectObject Pin u_uart_top/u_baud_gen/g353__6161/A2
<CMD> deselectObject Pin u_uart_top/u_baud_gen/g353__6161/A1
<CMD> deselectInst u_uart_top/u_baud_gen/g350__5115
<CMD> deselectObject Pin u_uart_top/u_baud_gen/g350__5115/ZN
<CMD> deselectObject Pin u_uart_top/u_baud_gen/g350__5115/A2
<CMD> deselectObject Pin u_uart_top/u_baud_gen/g350__5115/A1
<CMD> deselectInst u_uart_top/u_baud_gen/g349__1881
<CMD> deselectObject Pin u_uart_top/u_baud_gen/g349__1881/ZN
<CMD> deselectObject Pin u_uart_top/u_baud_gen/g349__1881/A2
<CMD> deselectObject Pin u_uart_top/u_baud_gen/g349__1881/A1
<CMD> deselectInst u_uart_top/u_baud_gen/g348__6131
<CMD> deselectObject Pin u_uart_top/u_baud_gen/g348__6131/ZN
<CMD> deselectObject Pin u_uart_top/u_baud_gen/g348__6131/A3
<CMD> deselectObject Pin u_uart_top/u_baud_gen/g348__6131/A2
<CMD> deselectObject Pin u_uart_top/u_baud_gen/g348__6131/A1
<CMD> deselectInst u_uart_top/u_baud_gen/g347__7098
<CMD> deselectObject Pin u_uart_top/u_baud_gen/g347__7098/ZN
<CMD> deselectObject Pin u_uart_top/u_baud_gen/g347__7098/A2
<CMD> deselectObject Pin u_uart_top/u_baud_gen/g347__7098/A1
<CMD> deselectInst u_uart_top/u_baud_gen/g346__8246
<CMD> deselectObject Pin u_uart_top/u_baud_gen/g346__8246/ZN
<CMD> deselectObject Pin u_uart_top/u_baud_gen/g346__8246/A2
<CMD> deselectObject Pin u_uart_top/u_baud_gen/g346__8246/A1
<CMD> deselectInst u_uart_top/u_baud_gen/g342__1705
<CMD> deselectObject Pin u_uart_top/u_baud_gen/g342__1705/Z
<CMD> deselectObject Pin u_uart_top/u_baud_gen/g342__1705/A4
<CMD> deselectObject Pin u_uart_top/u_baud_gen/g342__1705/A3
<CMD> deselectObject Pin u_uart_top/u_baud_gen/g342__1705/A2
<CMD> deselectObject Pin u_uart_top/u_baud_gen/g342__1705/A1
<CMD> deselectInst u_uart_top/u_baud_gen/g340__2802
<CMD> deselectObject Pin u_uart_top/u_baud_gen/g340__2802/ZN
<CMD> deselectObject Pin u_uart_top/u_baud_gen/g340__2802/A2
<CMD> deselectObject Pin u_uart_top/u_baud_gen/g340__2802/A1
<CMD> deselectInst u_uart_top/u_baud_gen/g338__1617
<CMD> deselectObject Pin u_uart_top/u_baud_gen/g338__1617/S
<CMD> deselectObject Pin u_uart_top/u_baud_gen/g338__1617/CO
<CMD> deselectObject Pin u_uart_top/u_baud_gen/g338__1617/B
<CMD> deselectObject Pin u_uart_top/u_baud_gen/g338__1617/A
<CMD> deselectInst u_uart_top/u_baud_gen/g334__3680
<CMD> deselectObject Pin u_uart_top/u_baud_gen/g334__3680/S
<CMD> deselectObject Pin u_uart_top/u_baud_gen/g334__3680/CO
<CMD> deselectObject Pin u_uart_top/u_baud_gen/g334__3680/B
<CMD> deselectObject Pin u_uart_top/u_baud_gen/g334__3680/A
<CMD> deselectInst {u_uart_top/u_baud_gen/count_reg[4]}
<CMD> deselectObject Pin {u_uart_top/u_baud_gen/count_reg[4]/Q}
<CMD> deselectObject Pin {u_uart_top/u_baud_gen/count_reg[4]/D}
<CMD> deselectObject Pin {u_uart_top/u_baud_gen/count_reg[4]/CP}
<CMD> deselectObject Pin {u_uart_top/u_baud_gen/count_reg[4]/CDN}
<CMD> deselectInst u_uart_top/u_baud_gen/g332__6783
<CMD> deselectObject Pin u_uart_top/u_baud_gen/g332__6783/S
<CMD> deselectObject Pin u_uart_top/u_baud_gen/g332__6783/CO
<CMD> deselectObject Pin u_uart_top/u_baud_gen/g332__6783/B
<CMD> deselectObject Pin u_uart_top/u_baud_gen/g332__6783/A
<CMD> deselectInst u_uart_top/u_baud_gen/g331__5526
<CMD> deselectObject Pin u_uart_top/u_baud_gen/g331__5526/Z
<CMD> deselectObject Pin u_uart_top/u_baud_gen/g331__5526/A2
<CMD> deselectObject Pin u_uart_top/u_baud_gen/g331__5526/A1
<CMD> deselectInst {u_uart_top/u_baud_gen/count_reg[5]}
<CMD> deselectObject Pin {u_uart_top/u_baud_gen/count_reg[5]/Q}
<CMD> deselectObject Pin {u_uart_top/u_baud_gen/count_reg[5]/D}
<CMD> deselectObject Pin {u_uart_top/u_baud_gen/count_reg[5]/CP}
<CMD> deselectObject Pin {u_uart_top/u_baud_gen/count_reg[5]/CDN}
<CMD> deselectInst {u_uart_top/u_baud_gen/count_reg[6]}
<CMD> deselectObject Pin {u_uart_top/u_baud_gen/count_reg[6]/Q}
<CMD> deselectObject Pin {u_uart_top/u_baud_gen/count_reg[6]/D}
<CMD> deselectObject Pin {u_uart_top/u_baud_gen/count_reg[6]/CP}
<CMD> deselectObject Pin {u_uart_top/u_baud_gen/count_reg[6]/CDN}
<CMD> deselectInst u_uart_top/u_baud_gen/g325__5107
<CMD> deselectObject Pin u_uart_top/u_baud_gen/g325__5107/S
<CMD> deselectObject Pin u_uart_top/u_baud_gen/g325__5107/CO
<CMD> deselectObject Pin u_uart_top/u_baud_gen/g325__5107/B
<CMD> deselectObject Pin u_uart_top/u_baud_gen/g325__5107/A
<CMD> deselectInst {u_uart_top/u_baud_gen/count_reg[7]}
<CMD> deselectObject Pin {u_uart_top/u_baud_gen/count_reg[7]/Q}
<CMD> deselectObject Pin {u_uart_top/u_baud_gen/count_reg[7]/D}
<CMD> deselectObject Pin {u_uart_top/u_baud_gen/count_reg[7]/CP}
<CMD> deselectObject Pin {u_uart_top/u_baud_gen/count_reg[7]/CDN}
<CMD> deselectInst u_uart_top/u_baud_gen/g322__2398
<CMD> deselectObject Pin u_uart_top/u_baud_gen/g322__2398/ZN
<CMD> deselectObject Pin u_uart_top/u_baud_gen/g322__2398/A2
<CMD> deselectObject Pin u_uart_top/u_baud_gen/g322__2398/A1
<CMD> deselectInst {u_uart_top/u_baud_gen/count_reg[8]}
<CMD> deselectObject Pin {u_uart_top/u_baud_gen/count_reg[8]/Q}
<CMD> deselectObject Pin {u_uart_top/u_baud_gen/count_reg[8]/D}
<CMD> deselectObject Pin {u_uart_top/u_baud_gen/count_reg[8]/CP}
<CMD> deselectObject Pin {u_uart_top/u_baud_gen/count_reg[8]/CDN}
<CMD> deselectInst u_uart_top/FE_OFC42_clk_core
<CMD> deselectObject Pin u_uart_top/FE_OFC42_clk_core/Z
<CMD> deselectObject Pin u_uart_top/FE_OFC42_clk_core/I
<CMD> deselectInst u_uart_top/u_uart_tx/g2148__2883
<CMD> deselectObject Pin u_uart_top/u_uart_tx/g2148__2883/ZN
<CMD> deselectObject Pin u_uart_top/u_uart_tx/g2148__2883/B2
<CMD> deselectObject Pin u_uart_top/u_uart_tx/g2148__2883/B1
<CMD> deselectObject Pin u_uart_top/u_uart_tx/g2148__2883/A
<CMD> deselectInst u_uart_top/u_uart_tx/g2146__9945
<CMD> deselectObject Pin u_uart_top/u_uart_tx/g2146__9945/ZN
<CMD> deselectObject Pin u_uart_top/u_uart_tx/g2146__9945/B2
<CMD> deselectObject Pin u_uart_top/u_uart_tx/g2146__9945/B1
<CMD> deselectObject Pin u_uart_top/u_uart_tx/g2146__9945/A
<CMD> deselectInst u_uart_top/u_uart_tx/g2122__5526
<CMD> deselectObject Pin u_uart_top/u_uart_tx/g2122__5526/Z
<CMD> deselectObject Pin u_uart_top/u_uart_tx/g2122__5526/S
<CMD> deselectObject Pin u_uart_top/u_uart_tx/g2122__5526/I1
<CMD> deselectObject Pin u_uart_top/u_uart_tx/g2122__5526/I0
<CMD> deselectInst {u_uart_top/u_uart_tx/tick_cnt_reg[3]}
<CMD> deselectObject Pin {u_uart_top/u_uart_tx/tick_cnt_reg[3]/Q}
<CMD> deselectObject Pin {u_uart_top/u_uart_tx/tick_cnt_reg[3]/D}
<CMD> deselectObject Pin {u_uart_top/u_uart_tx/tick_cnt_reg[3]/CP}
<CMD> deselectObject Pin {u_uart_top/u_uart_tx/tick_cnt_reg[3]/CDN}
<CMD> deselectInst {u_uart_top/u_uart_tx/tick_cnt_reg[1]}
<CMD> deselectObject Pin {u_uart_top/u_uart_tx/tick_cnt_reg[1]/QN}
<CMD> deselectObject Pin {u_uart_top/u_uart_tx/tick_cnt_reg[1]/Q}
<CMD> deselectObject Pin {u_uart_top/u_uart_tx/tick_cnt_reg[1]/D}
<CMD> deselectObject Pin {u_uart_top/u_uart_tx/tick_cnt_reg[1]/CP}
<CMD> deselectObject Pin {u_uart_top/u_uart_tx/tick_cnt_reg[1]/CDN}
<CMD> deselectInst u_uart_top/u_uart_tx/g2179
<CMD> deselectObject Pin u_uart_top/u_uart_tx/g2179/ZN
<CMD> deselectObject Pin u_uart_top/u_uart_tx/g2179/I
<CMD> deselectInst u_uart_top/u_uart_tx/g2175__8246
<CMD> deselectObject Pin u_uart_top/u_uart_tx/g2175__8246/Z
<CMD> deselectObject Pin u_uart_top/u_uart_tx/g2175__8246/A2
<CMD> deselectObject Pin u_uart_top/u_uart_tx/g2175__8246/A1
<CMD> deselectInst u_uart_top/u_uart_tx/g2173
<CMD> deselectObject Pin u_uart_top/u_uart_tx/g2173/ZN
<CMD> deselectObject Pin u_uart_top/u_uart_tx/g2173/I
<CMD> deselectInst u_uart_top/u_uart_tx/g2165
<CMD> deselectObject Pin u_uart_top/u_uart_tx/g2165/ZN
<CMD> deselectObject Pin u_uart_top/u_uart_tx/g2165/I
<CMD> deselectInst u_uart_top/u_uart_tx/g2163__5526
<CMD> deselectObject Pin u_uart_top/u_uart_tx/g2163__5526/ZN
<CMD> deselectObject Pin u_uart_top/u_uart_tx/g2163__5526/A2
<CMD> deselectObject Pin u_uart_top/u_uart_tx/g2163__5526/A1
<CMD> deselectInst u_uart_top/u_uart_tx/g2161__4319
<CMD> deselectObject Pin u_uart_top/u_uart_tx/g2161__4319/ZN
<CMD> deselectObject Pin u_uart_top/u_uart_tx/g2161__4319/A2
<CMD> deselectObject Pin u_uart_top/u_uart_tx/g2161__4319/A1
<CMD> deselectInst u_uart_top/u_uart_tx/g2159
<CMD> deselectObject Pin u_uart_top/u_uart_tx/g2159/ZN
<CMD> deselectObject Pin u_uart_top/u_uart_tx/g2159/I
<CMD> deselectInst u_uart_top/u_uart_tx/g2154__5477
<CMD> deselectObject Pin u_uart_top/u_uart_tx/g2154__5477/ZN
<CMD> deselectObject Pin u_uart_top/u_uart_tx/g2154__5477/A2
<CMD> deselectObject Pin u_uart_top/u_uart_tx/g2154__5477/A1
<CMD> deselectInst u_uart_top/u_uart_tx/g2153__6417
<CMD> deselectObject Pin u_uart_top/u_uart_tx/g2153__6417/ZN
<CMD> deselectObject Pin u_uart_top/u_uart_tx/g2153__6417/A2
<CMD> deselectObject Pin u_uart_top/u_uart_tx/g2153__6417/A1
<CMD> deselectInst u_uart_top/u_uart_tx/g2147
<CMD> deselectObject Pin u_uart_top/u_uart_tx/g2147/ZN
<CMD> deselectObject Pin u_uart_top/u_uart_tx/g2147/I
<CMD> deselectInst u_uart_top/u_uart_tx/g2143__4733
<CMD> deselectObject Pin u_uart_top/u_uart_tx/g2143__4733/ZN
<CMD> deselectObject Pin u_uart_top/u_uart_tx/g2143__4733/B2
<CMD> deselectObject Pin u_uart_top/u_uart_tx/g2143__4733/B1
<CMD> deselectObject Pin u_uart_top/u_uart_tx/g2143__4733/A
<CMD> deselectInst u_uart_top/u_uart_tx/g2141__5115
<CMD> deselectObject Pin u_uart_top/u_uart_tx/g2141__5115/Z
<CMD> deselectObject Pin u_uart_top/u_uart_tx/g2141__5115/A2
<CMD> deselectObject Pin u_uart_top/u_uart_tx/g2141__5115/A1
<CMD> deselectInst u_uart_top/u_uart_tx/g2140__1881
<CMD> deselectObject Pin u_uart_top/u_uart_tx/g2140__1881/ZN
<CMD> deselectObject Pin u_uart_top/u_uart_tx/g2140__1881/B2
<CMD> deselectObject Pin u_uart_top/u_uart_tx/g2140__1881/B1
<CMD> deselectObject Pin u_uart_top/u_uart_tx/g2140__1881/A
<CMD> deselectInst u_uart_top/u_uart_tx/g2139__6131
<CMD> deselectObject Pin u_uart_top/u_uart_tx/g2139__6131/ZN
<CMD> deselectObject Pin u_uart_top/u_uart_tx/g2139__6131/B2
<CMD> deselectObject Pin u_uart_top/u_uart_tx/g2139__6131/B1
<CMD> deselectObject Pin u_uart_top/u_uart_tx/g2139__6131/A
<CMD> deselectInst u_uart_top/u_uart_tx/g2134__2802
<CMD> deselectObject Pin u_uart_top/u_uart_tx/g2134__2802/ZN
<CMD> deselectObject Pin u_uart_top/u_uart_tx/g2134__2802/A2
<CMD> deselectObject Pin u_uart_top/u_uart_tx/g2134__2802/A1
<CMD> deselectInst u_uart_top/u_uart_tx/g2133__1617
<CMD> deselectObject Pin u_uart_top/u_uart_tx/g2133__1617/ZN
<CMD> deselectObject Pin u_uart_top/u_uart_tx/g2133__1617/A2
<CMD> deselectObject Pin u_uart_top/u_uart_tx/g2133__1617/A1
<CMD> deselectInst u_uart_top/u_uart_tx/g2131__6783
<CMD> deselectObject Pin u_uart_top/u_uart_tx/g2131__6783/ZN
<CMD> deselectObject Pin u_uart_top/u_uart_tx/g2131__6783/A2
<CMD> deselectObject Pin u_uart_top/u_uart_tx/g2131__6783/A1
<CMD> deselectInst u_uart_top/u_uart_tx/g2118__5107
<CMD> deselectObject Pin u_uart_top/u_uart_tx/g2118__5107/ZN
<CMD> deselectObject Pin u_uart_top/u_uart_tx/g2118__5107/B2
<CMD> deselectObject Pin u_uart_top/u_uart_tx/g2118__5107/B1
<CMD> deselectObject Pin u_uart_top/u_uart_tx/g2118__5107/A
<CMD> deselectInst u_uart_top/u_uart_tx/g2117__2398
<CMD> deselectObject Pin u_uart_top/u_uart_tx/g2117__2398/ZN
<CMD> deselectObject Pin u_uart_top/u_uart_tx/g2117__2398/B2
<CMD> deselectObject Pin u_uart_top/u_uart_tx/g2117__2398/B1
<CMD> deselectObject Pin u_uart_top/u_uart_tx/g2117__2398/A
<CMD> deselectInst u_uart_top/u_uart_tx/g2113__6417
<CMD> deselectObject Pin u_uart_top/u_uart_tx/g2113__6417/ZN
<CMD> deselectObject Pin u_uart_top/u_uart_tx/g2113__6417/B3
<CMD> deselectObject Pin u_uart_top/u_uart_tx/g2113__6417/B2
<CMD> deselectObject Pin u_uart_top/u_uart_tx/g2113__6417/B1
<CMD> deselectObject Pin u_uart_top/u_uart_tx/g2113__6417/A
<CMD> deselectInst u_uart_top/u_uart_tx/tx_busy_reg
<CMD> deselectObject Pin u_uart_top/u_uart_tx/tx_busy_reg/Q
<CMD> deselectObject Pin u_uart_top/u_uart_tx/tx_busy_reg/D
<CMD> deselectObject Pin u_uart_top/u_uart_tx/tx_busy_reg/CP
<CMD> deselectObject Pin u_uart_top/u_uart_tx/tx_busy_reg/CDN
<CMD> deselectInst {u_uart_top/u_uart_tx/tick_cnt_reg[2]}
<CMD> deselectObject Pin {u_uart_top/u_uart_tx/tick_cnt_reg[2]/Q}
<CMD> deselectObject Pin {u_uart_top/u_uart_tx/tick_cnt_reg[2]/D}
<CMD> deselectObject Pin {u_uart_top/u_uart_tx/tick_cnt_reg[2]/CP}
<CMD> deselectObject Pin {u_uart_top/u_uart_tx/tick_cnt_reg[2]/CDN}
<CMD> deselectInst {u_uart_top/u_uart_tx/tick_cnt_reg[0]}
<CMD> deselectObject Pin {u_uart_top/u_uart_tx/tick_cnt_reg[0]/SD}
<CMD> deselectObject Pin {u_uart_top/u_uart_tx/tick_cnt_reg[0]/SC}
<CMD> deselectObject Pin {u_uart_top/u_uart_tx/tick_cnt_reg[0]/Q}
<CMD> deselectObject Pin {u_uart_top/u_uart_tx/tick_cnt_reg[0]/D}
<CMD> deselectObject Pin {u_uart_top/u_uart_tx/tick_cnt_reg[0]/CP}
<CMD> deselectObject Pin {u_uart_top/u_uart_tx/tick_cnt_reg[0]/CDN}
<CMD> deselectInst u_uart_top/u_uart_tx/FE_OFC30_tx_busy_core
<CMD> deselectObject Pin u_uart_top/u_uart_tx/FE_OFC30_tx_busy_core/Z
<CMD> deselectObject Pin u_uart_top/u_uart_tx/FE_OFC30_tx_busy_core/I
<CMD> deselectInst u_uart_top/u_uart_tx/FE_OFC39_n_21
<CMD> deselectObject Pin u_uart_top/u_uart_tx/FE_OFC39_n_21/Z
<CMD> deselectObject Pin u_uart_top/u_uart_tx/FE_OFC39_n_21/I
<CMD> deselectInst {u_uart_top/u_uart_tx/bit_idx_reg[1]}
<CMD> deselectObject Pin {u_uart_top/u_uart_tx/bit_idx_reg[1]/QN}
<CMD> deselectObject Pin {u_uart_top/u_uart_tx/bit_idx_reg[1]/Q}
<CMD> deselectObject Pin {u_uart_top/u_uart_tx/bit_idx_reg[1]/D}
<CMD> deselectObject Pin {u_uart_top/u_uart_tx/bit_idx_reg[1]/CP}
<CMD> deselectObject Pin {u_uart_top/u_uart_tx/bit_idx_reg[1]/CDN}
<CMD> deselectInst u_uart_top/u_uart_tx/g2174
<CMD> deselectObject Pin u_uart_top/u_uart_tx/g2174/ZN
<CMD> deselectObject Pin u_uart_top/u_uart_tx/g2174/I
<CMD> deselectInst u_uart_top/u_uart_tx/g2099__9315
<CMD> deselectObject Pin u_uart_top/u_uart_tx/g2099__9315/Z
<CMD> deselectObject Pin u_uart_top/u_uart_tx/g2099__9315/C2
<CMD> deselectObject Pin u_uart_top/u_uart_tx/g2099__9315/C1
<CMD> deselectObject Pin u_uart_top/u_uart_tx/g2099__9315/B2
<CMD> deselectObject Pin u_uart_top/u_uart_tx/g2099__9315/B1
<CMD> deselectObject Pin u_uart_top/u_uart_tx/g2099__9315/A
<CMD> deselectInst {u_uart_top/u_uart_tx/state_reg[1]}
<CMD> deselectObject Pin {u_uart_top/u_uart_tx/state_reg[1]/SD}
<CMD> deselectObject Pin {u_uart_top/u_uart_tx/state_reg[1]/SC}
<CMD> deselectObject Pin {u_uart_top/u_uart_tx/state_reg[1]/Q}
<CMD> deselectObject Pin {u_uart_top/u_uart_tx/state_reg[1]/D}
<CMD> deselectObject Pin {u_uart_top/u_uart_tx/state_reg[1]/CP}
<CMD> deselectObject Pin {u_uart_top/u_uart_tx/state_reg[1]/CDN}
<CMD> deselectInst {u_uart_top/u_uart_tx/bit_idx_reg[0]}
<CMD> deselectObject Pin {u_uart_top/u_uart_tx/bit_idx_reg[0]/Q}
<CMD> deselectObject Pin {u_uart_top/u_uart_tx/bit_idx_reg[0]/D}
<CMD> deselectObject Pin {u_uart_top/u_uart_tx/bit_idx_reg[0]/CP}
<CMD> deselectObject Pin {u_uart_top/u_uart_tx/bit_idx_reg[0]/CDN}
<CMD> deselectInst u_uart_top/u_uart_tx/g2151
<CMD> deselectObject Pin u_uart_top/u_uart_tx/g2151/ZN
<CMD> deselectObject Pin u_uart_top/u_uart_tx/g2151/I
<CMD> deselectInst u_uart_top/u_uart_tx/tx_serial_reg
<CMD> deselectObject Pin u_uart_top/u_uart_tx/tx_serial_reg/SDN
<CMD> deselectObject Pin u_uart_top/u_uart_tx/tx_serial_reg/QN
<CMD> deselectObject Pin u_uart_top/u_uart_tx/tx_serial_reg/Q
<CMD> deselectObject Pin u_uart_top/u_uart_tx/tx_serial_reg/D
<CMD> deselectObject Pin u_uart_top/u_uart_tx/tx_serial_reg/CP
<CMD> deselectInst {u_uart_top/u_uart_tx/data_reg_reg[2]}
<CMD> deselectObject Pin {u_uart_top/u_uart_tx/data_reg_reg[2]/Q}
<CMD> deselectObject Pin {u_uart_top/u_uart_tx/data_reg_reg[2]/ENN}
<CMD> deselectObject Pin {u_uart_top/u_uart_tx/data_reg_reg[2]/D}
<CMD> deselectObject Pin {u_uart_top/u_uart_tx/data_reg_reg[2]/CP}
<CMD> deselectObject Pin {u_uart_top/u_uart_tx/data_reg_reg[2]/CDN}
<CMD> deselectInst u_uart_top/u_uart_tx/FE_OFC32_tx_serial_core
<CMD> deselectObject Pin u_uart_top/u_uart_tx/FE_OFC32_tx_serial_core/Z
<CMD> deselectObject Pin u_uart_top/u_uart_tx/FE_OFC32_tx_serial_core/I
<CMD> deselectInst u_uart_top/u_uart_tx/g2144__6161
<CMD> deselectObject Pin u_uart_top/u_uart_tx/g2144__6161/ZN
<CMD> deselectObject Pin u_uart_top/u_uart_tx/g2144__6161/A3
<CMD> deselectObject Pin u_uart_top/u_uart_tx/g2144__6161/A2
<CMD> deselectObject Pin u_uart_top/u_uart_tx/g2144__6161/A1
<CMD> deselectInst u_uart_top/u_uart_tx/parity_bit_reg
<CMD> deselectObject Pin u_uart_top/u_uart_tx/parity_bit_reg/Q
<CMD> deselectObject Pin u_uart_top/u_uart_tx/parity_bit_reg/ENN
<CMD> deselectObject Pin u_uart_top/u_uart_tx/parity_bit_reg/D
<CMD> deselectObject Pin u_uart_top/u_uart_tx/parity_bit_reg/CP
<CMD> deselectObject Pin u_uart_top/u_uart_tx/parity_bit_reg/CDN
<CMD> deselectInst {u_uart_top/u_uart_tx/bit_idx_reg[2]}
<CMD> deselectObject Pin {u_uart_top/u_uart_tx/bit_idx_reg[2]/Q}
<CMD> deselectObject Pin {u_uart_top/u_uart_tx/bit_idx_reg[2]/D}
<CMD> deselectObject Pin {u_uart_top/u_uart_tx/bit_idx_reg[2]/CP}
<CMD> deselectObject Pin {u_uart_top/u_uart_tx/bit_idx_reg[2]/CDN}
<CMD> deselectInst {u_uart_top/u_uart_tx/state_reg[2]}
<CMD> deselectObject Pin {u_uart_top/u_uart_tx/state_reg[2]/QN}
<CMD> deselectObject Pin {u_uart_top/u_uart_tx/state_reg[2]/Q}
<CMD> deselectObject Pin {u_uart_top/u_uart_tx/state_reg[2]/D}
<CMD> deselectObject Pin {u_uart_top/u_uart_tx/state_reg[2]/CP}
<CMD> deselectObject Pin {u_uart_top/u_uart_tx/state_reg[2]/CDN}
<CMD> deselectInst u_uart_top/u_uart_tx/g2__6131
<CMD> deselectObject Pin u_uart_top/u_uart_tx/g2__6131/ZN
<CMD> deselectObject Pin u_uart_top/u_uart_tx/g2__6131/A2
<CMD> deselectObject Pin u_uart_top/u_uart_tx/g2__6131/A1
<CMD> deselectInst u_uart_top/u_uart_tx/g2182
<CMD> deselectObject Pin u_uart_top/u_uart_tx/g2182/ZN
<CMD> deselectObject Pin u_uart_top/u_uart_tx/g2182/I
<CMD> deselectInst u_uart_top/u_uart_tx/g2176__7098
<CMD> deselectObject Pin u_uart_top/u_uart_tx/g2176__7098/Z
<CMD> deselectObject Pin u_uart_top/u_uart_tx/g2176__7098/A2
<CMD> deselectObject Pin u_uart_top/u_uart_tx/g2176__7098/A1
<CMD> deselectInst u_uart_top/u_uart_tx/g2172__5122
<CMD> deselectObject Pin u_uart_top/u_uart_tx/g2172__5122/Z
<CMD> deselectObject Pin u_uart_top/u_uart_tx/g2172__5122/A2
<CMD> deselectObject Pin u_uart_top/u_uart_tx/g2172__5122/A1
<CMD> deselectInst u_uart_top/u_uart_tx/g2171__1705
<CMD> deselectObject Pin u_uart_top/u_uart_tx/g2171__1705/Z
<CMD> deselectObject Pin u_uart_top/u_uart_tx/g2171__1705/A2
<CMD> deselectObject Pin u_uart_top/u_uart_tx/g2171__1705/A1
<CMD> deselectInst u_uart_top/u_uart_tx/g2169__2802
<CMD> deselectObject Pin u_uart_top/u_uart_tx/g2169__2802/Z
<CMD> deselectObject Pin u_uart_top/u_uart_tx/g2169__2802/A2
<CMD> deselectObject Pin u_uart_top/u_uart_tx/g2169__2802/A1
<CMD> deselectInst u_uart_top/u_uart_tx/g2162__8428
<CMD> deselectObject Pin u_uart_top/u_uart_tx/g2162__8428/ZN
<CMD> deselectObject Pin u_uart_top/u_uart_tx/g2162__8428/A2
<CMD> deselectObject Pin u_uart_top/u_uart_tx/g2162__8428/A1
<CMD> deselectInst u_uart_top/u_uart_tx/g2158__6260
<CMD> deselectObject Pin u_uart_top/u_uart_tx/g2158__6260/ZN
<CMD> deselectObject Pin u_uart_top/u_uart_tx/g2158__6260/A3
<CMD> deselectObject Pin u_uart_top/u_uart_tx/g2158__6260/A2
<CMD> deselectObject Pin u_uart_top/u_uart_tx/g2158__6260/A1
<CMD> deselectInst u_uart_top/u_uart_tx/g2157__5107
<CMD> deselectObject Pin u_uart_top/u_uart_tx/g2157__5107/ZN
<CMD> deselectObject Pin u_uart_top/u_uart_tx/g2157__5107/B2
<CMD> deselectObject Pin u_uart_top/u_uart_tx/g2157__5107/B1
<CMD> deselectObject Pin u_uart_top/u_uart_tx/g2157__5107/A
<CMD> deselectInst u_uart_top/u_uart_tx/g2155
<CMD> deselectObject Pin u_uart_top/u_uart_tx/g2155/ZN
<CMD> deselectObject Pin u_uart_top/u_uart_tx/g2155/I
<CMD> deselectInst u_uart_top/u_uart_tx/g2142__7482
<CMD> deselectObject Pin u_uart_top/u_uart_tx/g2142__7482/ZN
<CMD> deselectObject Pin u_uart_top/u_uart_tx/g2142__7482/B2
<CMD> deselectObject Pin u_uart_top/u_uart_tx/g2142__7482/B1
<CMD> deselectObject Pin u_uart_top/u_uart_tx/g2142__7482/A
<CMD> deselectInst u_uart_top/u_uart_tx/g2136__5122
<CMD> deselectObject Pin u_uart_top/u_uart_tx/g2136__5122/Z
<CMD> deselectObject Pin u_uart_top/u_uart_tx/g2136__5122/A2
<CMD> deselectObject Pin u_uart_top/u_uart_tx/g2136__5122/A1
<CMD> deselectInst u_uart_top/u_uart_tx/g2108__7410
<CMD> deselectObject Pin u_uart_top/u_uart_tx/g2108__7410/ZN
<CMD> deselectObject Pin u_uart_top/u_uart_tx/g2108__7410/C2
<CMD> deselectObject Pin u_uart_top/u_uart_tx/g2108__7410/C1
<CMD> deselectObject Pin u_uart_top/u_uart_tx/g2108__7410/B
<CMD> deselectObject Pin u_uart_top/u_uart_tx/g2108__7410/A
<CMD> deselectInst u_uart_top/u_uart_tx/g2107__1666
<CMD> deselectObject Pin u_uart_top/u_uart_tx/g2107__1666/Z
<CMD> deselectObject Pin u_uart_top/u_uart_tx/g2107__1666/B2
<CMD> deselectObject Pin u_uart_top/u_uart_tx/g2107__1666/B1
<CMD> deselectObject Pin u_uart_top/u_uart_tx/g2107__1666/A2
<CMD> deselectObject Pin u_uart_top/u_uart_tx/g2107__1666/A1
<CMD> deselectInst u_uart_top/u_uart_tx/g2106
<CMD> deselectObject Pin u_uart_top/u_uart_tx/g2106/ZN
<CMD> deselectObject Pin u_uart_top/u_uart_tx/g2106/I
<CMD> deselectInst u_uart_top/u_uart_tx/g2102__2883
<CMD> deselectObject Pin u_uart_top/u_uart_tx/g2102__2883/ZN
<CMD> deselectObject Pin u_uart_top/u_uart_tx/g2102__2883/A3
<CMD> deselectObject Pin u_uart_top/u_uart_tx/g2102__2883/A2
<CMD> deselectObject Pin u_uart_top/u_uart_tx/g2102__2883/A1
<CMD> deselectInst u_uart_top/u_uart_tx/g2101__9945
<CMD> deselectObject Pin u_uart_top/u_uart_tx/g2101__9945/ZN
<CMD> deselectObject Pin u_uart_top/u_uart_tx/g2101__9945/B2
<CMD> deselectObject Pin u_uart_top/u_uart_tx/g2101__9945/B1
<CMD> deselectObject Pin u_uart_top/u_uart_tx/g2101__9945/A
<CMD> deselectInst {u_uart_top/u_uart_tx/state_reg[0]}
<CMD> deselectObject Pin {u_uart_top/u_uart_tx/state_reg[0]/Q}
<CMD> deselectObject Pin {u_uart_top/u_uart_tx/state_reg[0]/ENN}
<CMD> deselectObject Pin {u_uart_top/u_uart_tx/state_reg[0]/D}
<CMD> deselectObject Pin {u_uart_top/u_uart_tx/state_reg[0]/CP}
<CMD> deselectObject Pin {u_uart_top/u_uart_tx/state_reg[0]/CDN}
<CMD> deselectInst u_uart_top/u_uart_tx/FE_OFC25_rst_n_core
<CMD> deselectObject Pin u_uart_top/u_uart_tx/FE_OFC25_rst_n_core/Z
<CMD> deselectObject Pin u_uart_top/u_uart_tx/FE_OFC25_rst_n_core/I
<CMD> deselectInst u_uart_top/u_uart_tx/g2183
<CMD> deselectObject Pin u_uart_top/u_uart_tx/g2183/ZN
<CMD> deselectObject Pin u_uart_top/u_uart_tx/g2183/I
<CMD> deselectInst u_uart_top/u_uart_tx/g2178
<CMD> deselectObject Pin u_uart_top/u_uart_tx/g2178/ZN
<CMD> deselectObject Pin u_uart_top/u_uart_tx/g2178/I
<CMD> deselectInst u_uart_top/u_uart_tx/g2167__3680
<CMD> deselectObject Pin u_uart_top/u_uart_tx/g2167__3680/Z
<CMD> deselectObject Pin u_uart_top/u_uart_tx/g2167__3680/S
<CMD> deselectObject Pin u_uart_top/u_uart_tx/g2167__3680/I1
<CMD> deselectObject Pin u_uart_top/u_uart_tx/g2167__3680/I0
<CMD> deselectInst u_uart_top/u_uart_tx/g2166__6783
<CMD> deselectObject Pin u_uart_top/u_uart_tx/g2166__6783/Z
<CMD> deselectObject Pin u_uart_top/u_uart_tx/g2166__6783/S
<CMD> deselectObject Pin u_uart_top/u_uart_tx/g2166__6783/I1
<CMD> deselectObject Pin u_uart_top/u_uart_tx/g2166__6783/I0
<CMD> deselectInst u_uart_top/u_uart_tx/g2160
<CMD> deselectObject Pin u_uart_top/u_uart_tx/g2160/ZN
<CMD> deselectObject Pin u_uart_top/u_uart_tx/g2160/I
<CMD> deselectInst u_uart_top/u_uart_tx/g2156__2398
<CMD> deselectObject Pin u_uart_top/u_uart_tx/g2156__2398/ZN
<CMD> deselectObject Pin u_uart_top/u_uart_tx/g2156__2398/A2
<CMD> deselectObject Pin u_uart_top/u_uart_tx/g2156__2398/A1
<CMD> deselectInst u_uart_top/u_uart_tx/g2152__7410
<CMD> deselectObject Pin u_uart_top/u_uart_tx/g2152__7410/S
<CMD> deselectObject Pin u_uart_top/u_uart_tx/g2152__7410/CO
<CMD> deselectObject Pin u_uart_top/u_uart_tx/g2152__7410/B
<CMD> deselectObject Pin u_uart_top/u_uart_tx/g2152__7410/A
<CMD> deselectInst u_uart_top/u_uart_tx/g2145__9315
<CMD> deselectObject Pin u_uart_top/u_uart_tx/g2145__9315/Z
<CMD> deselectObject Pin u_uart_top/u_uart_tx/g2145__9315/S
<CMD> deselectObject Pin u_uart_top/u_uart_tx/g2145__9315/I1
<CMD> deselectObject Pin u_uart_top/u_uart_tx/g2145__9315/I0
<CMD> deselectInst u_uart_top/u_uart_tx/g2137__8246
<CMD> deselectObject Pin u_uart_top/u_uart_tx/g2137__8246/Z
<CMD> deselectObject Pin u_uart_top/u_uart_tx/g2137__8246/B2
<CMD> deselectObject Pin u_uart_top/u_uart_tx/g2137__8246/B1
<CMD> deselectObject Pin u_uart_top/u_uart_tx/g2137__8246/A2
<CMD> deselectObject Pin u_uart_top/u_uart_tx/g2137__8246/A1
<CMD> deselectInst u_uart_top/u_uart_tx/g2135__1705
<CMD> deselectObject Pin u_uart_top/u_uart_tx/g2135__1705/ZN
<CMD> deselectObject Pin u_uart_top/u_uart_tx/g2135__1705/A2
<CMD> deselectObject Pin u_uart_top/u_uart_tx/g2135__1705/A1
<CMD> deselectInst u_uart_top/u_uart_tx/g2132__3680
<CMD> deselectObject Pin u_uart_top/u_uart_tx/g2132__3680/ZN
<CMD> deselectObject Pin u_uart_top/u_uart_tx/g2132__3680/A2
<CMD> deselectObject Pin u_uart_top/u_uart_tx/g2132__3680/A1
<CMD> deselectInst u_uart_top/u_uart_tx/g2121__8428
<CMD> deselectObject Pin u_uart_top/u_uart_tx/g2121__8428/Z
<CMD> deselectObject Pin u_uart_top/u_uart_tx/g2121__8428/B3
<CMD> deselectObject Pin u_uart_top/u_uart_tx/g2121__8428/B2
<CMD> deselectObject Pin u_uart_top/u_uart_tx/g2121__8428/B1
<CMD> deselectObject Pin u_uart_top/u_uart_tx/g2121__8428/A
<CMD> deselectInst u_uart_top/u_uart_tx/g2120__4319
<CMD> deselectObject Pin u_uart_top/u_uart_tx/g2120__4319/Z
<CMD> deselectObject Pin u_uart_top/u_uart_tx/g2120__4319/B3
<CMD> deselectObject Pin u_uart_top/u_uart_tx/g2120__4319/B2
<CMD> deselectObject Pin u_uart_top/u_uart_tx/g2120__4319/B1
<CMD> deselectObject Pin u_uart_top/u_uart_tx/g2120__4319/A
<CMD> deselectInst u_uart_top/u_uart_tx/g2119__6260
<CMD> deselectObject Pin u_uart_top/u_uart_tx/g2119__6260/Z
<CMD> deselectObject Pin u_uart_top/u_uart_tx/g2119__6260/S
<CMD> deselectObject Pin u_uart_top/u_uart_tx/g2119__6260/I1
<CMD> deselectObject Pin u_uart_top/u_uart_tx/g2119__6260/I0
<CMD> deselectInst u_uart_top/u_uart_tx/g2114__5477
<CMD> deselectObject Pin u_uart_top/u_uart_tx/g2114__5477/Z
<CMD> deselectObject Pin u_uart_top/u_uart_tx/g2114__5477/S
<CMD> deselectObject Pin u_uart_top/u_uart_tx/g2114__5477/I1
<CMD> deselectObject Pin u_uart_top/u_uart_tx/g2114__5477/I0
<CMD> deselectInst {u_uart_top/u_uart_tx/data_reg_reg[6]}
<CMD> deselectObject Pin {u_uart_top/u_uart_tx/data_reg_reg[6]/Q}
<CMD> deselectObject Pin {u_uart_top/u_uart_tx/data_reg_reg[6]/ENN}
<CMD> deselectObject Pin {u_uart_top/u_uart_tx/data_reg_reg[6]/D}
<CMD> deselectObject Pin {u_uart_top/u_uart_tx/data_reg_reg[6]/CP}
<CMD> deselectObject Pin {u_uart_top/u_uart_tx/data_reg_reg[6]/CDN}
<CMD> deselectInst {u_uart_top/u_uart_tx/data_reg_reg[3]}
<CMD> deselectObject Pin {u_uart_top/u_uart_tx/data_reg_reg[3]/Q}
<CMD> deselectObject Pin {u_uart_top/u_uart_tx/data_reg_reg[3]/ENN}
<CMD> deselectObject Pin {u_uart_top/u_uart_tx/data_reg_reg[3]/D}
<CMD> deselectObject Pin {u_uart_top/u_uart_tx/data_reg_reg[3]/CP}
<CMD> deselectObject Pin {u_uart_top/u_uart_tx/data_reg_reg[3]/CDN}
<CMD> deselectInst FE_FILLER_E_4
<CMD> deselectInst FE_FILLER_E_5
<CMD> deselectInst FE_FILLER_E_6
<CMD> deselectInst FE_FILLER_E_7
<CMD> deselectInst FE_FILLER_E_8
<CMD> deselectInst FE_FILLER_E_9
<CMD> deselectInst FE_FILLER_E_10
<CMD> deselectInst FE_FILLER_E_11
<CMD> deselectInst {g_tx_data_pads[3].u_pad_tx_data}
<CMD> deselectObject Pin {g_tx_data_pads[3].u_pad_tx_data/CIN}
<CMD> deselectObject Pin {g_tx_data_pads[3].u_pad_tx_data/PAD}
<CMD> deselectInst {g_tx_data_pads[2].u_pad_tx_data}
<CMD> deselectObject Pin {g_tx_data_pads[2].u_pad_tx_data/CIN}
<CMD> deselectObject Pin {g_tx_data_pads[2].u_pad_tx_data/PAD}
<CMD> deselectInst {g_tx_data_pads[1].u_pad_tx_data}
<CMD> deselectObject Pin {g_tx_data_pads[1].u_pad_tx_data/CIN}
<CMD> deselectObject Pin {g_tx_data_pads[1].u_pad_tx_data/PAD}
<CMD> deselectInst u_uart_top/u_uart_tx/g2168__1617
<CMD> deselectObject Pin u_uart_top/u_uart_tx/g2168__1617/Z
<CMD> deselectObject Pin u_uart_top/u_uart_tx/g2168__1617/A2
<CMD> deselectObject Pin u_uart_top/u_uart_tx/g2168__1617/A1
<CMD> deselectInst u_uart_top/u_uart_tx/g2150__1666
<CMD> deselectObject Pin u_uart_top/u_uart_tx/g2150__1666/Z
<CMD> deselectObject Pin u_uart_top/u_uart_tx/g2150__1666/A3
<CMD> deselectObject Pin u_uart_top/u_uart_tx/g2150__1666/A2
<CMD> deselectObject Pin u_uart_top/u_uart_tx/g2150__1666/A1
<CMD> deselectInst u_uart_top/u_uart_tx/g2138__7098
<CMD> deselectObject Pin u_uart_top/u_uart_tx/g2138__7098/Z
<CMD> deselectObject Pin u_uart_top/u_uart_tx/g2138__7098/A3
<CMD> deselectObject Pin u_uart_top/u_uart_tx/g2138__7098/A2
<CMD> deselectObject Pin u_uart_top/u_uart_tx/g2138__7098/A1
<CMD> deselectInst u_uart_top/u_uart_tx/g2103__2346
<CMD> deselectObject Pin u_uart_top/u_uart_tx/g2103__2346/Z
<CMD> deselectObject Pin u_uart_top/u_uart_tx/g2103__2346/A3
<CMD> deselectObject Pin u_uart_top/u_uart_tx/g2103__2346/A2
<CMD> deselectObject Pin u_uart_top/u_uart_tx/g2103__2346/A1
<CMD> deselectInst u_uart_top/u_uart_tx/FE_OFC13_tx_data_core_3
<CMD> deselectObject Pin u_uart_top/u_uart_tx/FE_OFC13_tx_data_core_3/Z
<CMD> deselectObject Pin u_uart_top/u_uart_tx/FE_OFC13_tx_data_core_3/I
<CMD> deselectInst u_uart_top/u_uart_tx/FE_OFC14_tx_data_core_2
<CMD> deselectObject Pin u_uart_top/u_uart_tx/FE_OFC14_tx_data_core_2/Z
<CMD> deselectObject Pin u_uart_top/u_uart_tx/FE_OFC14_tx_data_core_2/I
<CMD> deselectInst u_uart_top/u_uart_tx/FE_OFC15_tx_data_core_1
<CMD> deselectObject Pin u_uart_top/u_uart_tx/FE_OFC15_tx_data_core_1/Z
<CMD> deselectObject Pin u_uart_top/u_uart_tx/FE_OFC15_tx_data_core_1/I
<CMD> deselectInst {g_rx_data_pads[4].u_pad_rx_data}
<CMD> deselectObject Pin {g_rx_data_pads[4].u_pad_rx_data/PAD}
<CMD> deselectObject Pin {g_rx_data_pads[4].u_pad_rx_data/I}
<CMD> deselectInst FE_FILLER_W_17
<CMD> deselectInst u_uart_top/u_uart_rx/g3513__2802
<CMD> deselectObject Pin u_uart_top/u_uart_rx/g3513__2802/Z
<CMD> deselectObject Pin u_uart_top/u_uart_rx/g3513__2802/S
<CMD> deselectObject Pin u_uart_top/u_uart_rx/g3513__2802/I1
<CMD> deselectObject Pin u_uart_top/u_uart_rx/g3513__2802/I0
<CMD> deselectInst u_uart_top/u_uart_rx/g3512__1617
<CMD> deselectObject Pin u_uart_top/u_uart_rx/g3512__1617/Z
<CMD> deselectObject Pin u_uart_top/u_uart_rx/g3512__1617/S
<CMD> deselectObject Pin u_uart_top/u_uart_rx/g3512__1617/I1
<CMD> deselectObject Pin u_uart_top/u_uart_rx/g3512__1617/I0
<CMD> deselectInst u_uart_top/u_uart_rx/g3509__5526
<CMD> deselectObject Pin u_uart_top/u_uart_rx/g3509__5526/Z
<CMD> deselectObject Pin u_uart_top/u_uart_rx/g3509__5526/S
<CMD> deselectObject Pin u_uart_top/u_uart_rx/g3509__5526/I1
<CMD> deselectObject Pin u_uart_top/u_uart_rx/g3509__5526/I0
<CMD> deselectInst u_uart_top/u_uart_rx/g3506__6260
<CMD> deselectObject Pin u_uart_top/u_uart_rx/g3506__6260/Z
<CMD> deselectObject Pin u_uart_top/u_uart_rx/g3506__6260/S
<CMD> deselectObject Pin u_uart_top/u_uart_rx/g3506__6260/I1
<CMD> deselectObject Pin u_uart_top/u_uart_rx/g3506__6260/I0
<CMD> deselectInst {u_uart_top/u_uart_rx/rx_data_reg[0]}
<CMD> deselectObject Pin {u_uart_top/u_uart_rx/rx_data_reg[0]/Q}
<CMD> deselectObject Pin {u_uart_top/u_uart_rx/rx_data_reg[0]/D}
<CMD> deselectObject Pin {u_uart_top/u_uart_rx/rx_data_reg[0]/CP}
<CMD> deselectObject Pin {u_uart_top/u_uart_rx/rx_data_reg[0]/CDN}
<CMD> deselectInst {u_uart_top/u_uart_rx/data_reg_reg[4]}
<CMD> deselectObject Pin {u_uart_top/u_uart_rx/data_reg_reg[4]/Q}
<CMD> deselectObject Pin {u_uart_top/u_uart_rx/data_reg_reg[4]/D}
<CMD> deselectObject Pin {u_uart_top/u_uart_rx/data_reg_reg[4]/CP}
<CMD> deselectObject Pin {u_uart_top/u_uart_rx/data_reg_reg[4]/CDN}
<CMD> deselectInst u_uart_top/u_uart_rx/FE_OFC3_rx_data_core_5
<CMD> deselectObject Pin u_uart_top/u_uart_rx/FE_OFC3_rx_data_core_5/Z
<CMD> deselectObject Pin u_uart_top/u_uart_rx/FE_OFC3_rx_data_core_5/I
<CMD> deselectInst FE_FILLER_W_10
<CMD> deselectInst FE_FILLER_W_11
<CMD> deselectInst FE_FILLER_W_12
<CMD> deselectInst FE_FILLER_W_13
<CMD> deselectInst FE_FILLER_W_14
<CMD> deselectInst FE_FILLER_W_15
<CMD> deselectInst FE_FILLER_W_16
<CMD> deselectInst pvda_VDDO_CORE_2
<CMD> deselectInst pv0i_VSS_CORE_2
<CMD> deselectInst pvdi_VDD_CORE_2
<CMD> deselectInst FE_OFC20_parity_error_core
<CMD> deselectObject Pin FE_OFC20_parity_error_core/ZN
<CMD> deselectObject Pin FE_OFC20_parity_error_core/I
<CMD> deselectInst u_uart_top/u_uart_rx/framing_error_reg
<CMD> deselectObject Pin u_uart_top/u_uart_rx/framing_error_reg/Q
<CMD> deselectObject Pin u_uart_top/u_uart_rx/framing_error_reg/D
<CMD> deselectObject Pin u_uart_top/u_uart_rx/framing_error_reg/CP
<CMD> deselectObject Pin u_uart_top/u_uart_rx/framing_error_reg/CDN
<CMD> deselectInst u_uart_top/u_uart_rx/parity_error_reg
<CMD> deselectObject Pin u_uart_top/u_uart_rx/parity_error_reg/Q
<CMD> deselectObject Pin u_uart_top/u_uart_rx/parity_error_reg/D
<CMD> deselectObject Pin u_uart_top/u_uart_rx/parity_error_reg/CP
<CMD> deselectObject Pin u_uart_top/u_uart_rx/parity_error_reg/CDN
<CMD> deselectInst u_uart_top/u_uart_rx/FE_OFC24_rst_n_core
<CMD> deselectObject Pin u_uart_top/u_uart_rx/FE_OFC24_rst_n_core/Z
<CMD> deselectObject Pin u_uart_top/u_uart_rx/FE_OFC24_rst_n_core/I
<CMD> deselectInst FE_OFC18_framing_error_core
<CMD> deselectObject Pin FE_OFC18_framing_error_core/ZN
<CMD> deselectObject Pin FE_OFC18_framing_error_core/I
<CMD> deselectInst FE_OFC19_framing_error_core
<CMD> deselectObject Pin FE_OFC19_framing_error_core/ZN
<CMD> deselectObject Pin FE_OFC19_framing_error_core/I
<CMD> deselectInst FE_OFC47_framing_error_core
<CMD> deselectObject Pin FE_OFC47_framing_error_core/Z
<CMD> deselectObject Pin FE_OFC47_framing_error_core/I
<CMD> deselectInst FE_OFC48_parity_error_core
<CMD> deselectObject Pin FE_OFC48_parity_error_core/Z
<CMD> deselectObject Pin FE_OFC48_parity_error_core/I
<CMD> deselectInst {u_uart_top/u_uart_rx/state_reg[2]}
<CMD> deselectObject Pin {u_uart_top/u_uart_rx/state_reg[2]/QN}
<CMD> deselectObject Pin {u_uart_top/u_uart_rx/state_reg[2]/Q}
<CMD> deselectObject Pin {u_uart_top/u_uart_rx/state_reg[2]/D}
<CMD> deselectObject Pin {u_uart_top/u_uart_rx/state_reg[2]/CP}
<CMD> deselectObject Pin {u_uart_top/u_uart_rx/state_reg[2]/CDN}
<CMD> deselectInst u_uart_top/u_uart_rx/g3516__5122
<CMD> deselectObject Pin u_uart_top/u_uart_rx/g3516__5122/Z
<CMD> deselectObject Pin u_uart_top/u_uart_rx/g3516__5122/A2
<CMD> deselectObject Pin u_uart_top/u_uart_rx/g3516__5122/A1
<CMD> deselectInst u_uart_top/u_uart_rx/rx_sync_ff2_reg
<CMD> deselectObject Pin u_uart_top/u_uart_rx/rx_sync_ff2_reg/SDN
<CMD> deselectObject Pin u_uart_top/u_uart_rx/rx_sync_ff2_reg/QN
<CMD> deselectObject Pin u_uart_top/u_uart_rx/rx_sync_ff2_reg/Q
<CMD> deselectObject Pin u_uart_top/u_uart_rx/rx_sync_ff2_reg/D
<CMD> deselectObject Pin u_uart_top/u_uart_rx/rx_sync_ff2_reg/CP
<CMD> deselectInst u_uart_top/u_uart_rx/g3117__5477
<CMD> deselectObject Pin u_uart_top/u_uart_rx/g3117__5477/ZN
<CMD> deselectObject Pin u_uart_top/u_uart_rx/g3117__5477/A2
<CMD> deselectObject Pin u_uart_top/u_uart_rx/g3117__5477/A1
<CMD> deselectInst u_uart_top/u_uart_rx/g3114
<CMD> deselectObject Pin u_uart_top/u_uart_rx/g3114/ZN
<CMD> deselectObject Pin u_uart_top/u_uart_rx/g3114/I
<CMD> deselectInst u_uart_top/u_uart_rx/FE_OFC37_n_111
<CMD> deselectObject Pin u_uart_top/u_uart_rx/FE_OFC37_n_111/Z
<CMD> deselectObject Pin u_uart_top/u_uart_rx/FE_OFC37_n_111/I
<CMD> deselectInst u_uart_top/u_uart_rx/FE_OFC43_n_113
<CMD> deselectObject Pin u_uart_top/u_uart_rx/FE_OFC43_n_113/Z
<CMD> deselectObject Pin u_uart_top/u_uart_rx/FE_OFC43_n_113/I
<CMD> deselectInst {u_uart_top/u_uart_rx/tick_cnt_reg[1]}
<CMD> deselectObject Pin {u_uart_top/u_uart_rx/tick_cnt_reg[1]/QN}
<CMD> deselectObject Pin {u_uart_top/u_uart_rx/tick_cnt_reg[1]/Q}
<CMD> deselectObject Pin {u_uart_top/u_uart_rx/tick_cnt_reg[1]/D}
<CMD> deselectObject Pin {u_uart_top/u_uart_rx/tick_cnt_reg[1]/CP}
<CMD> deselectObject Pin {u_uart_top/u_uart_rx/tick_cnt_reg[1]/CDN}
<CMD> deselectInst u_uart_top/u_uart_rx/g3138__4733
<CMD> deselectObject Pin u_uart_top/u_uart_rx/g3138__4733/ZN
<CMD> deselectObject Pin u_uart_top/u_uart_rx/g3138__4733/A3
<CMD> deselectObject Pin u_uart_top/u_uart_rx/g3138__4733/A2
<CMD> deselectObject Pin u_uart_top/u_uart_rx/g3138__4733/A1
<CMD> deselectInst u_uart_top/u_uart_rx/g3526
<CMD> deselectObject Pin u_uart_top/u_uart_rx/g3526/ZN
<CMD> deselectObject Pin u_uart_top/u_uart_rx/g3526/I
<CMD> deselectInst u_uart_top/u_uart_rx/g3515__1705
<CMD> deselectObject Pin u_uart_top/u_uart_rx/g3515__1705/ZN
<CMD> deselectObject Pin u_uart_top/u_uart_rx/g3515__1705/A2
<CMD> deselectObject Pin u_uart_top/u_uart_rx/g3515__1705/A1
<CMD> deselectInst u_uart_top/u_uart_rx/g3503__5477
<CMD> deselectObject Pin u_uart_top/u_uart_rx/g3503__5477/Z
<CMD> deselectObject Pin u_uart_top/u_uart_rx/g3503__5477/S
<CMD> deselectObject Pin u_uart_top/u_uart_rx/g3503__5477/I1
<CMD> deselectObject Pin u_uart_top/u_uart_rx/g3503__5477/I0
<CMD> deselectInst u_uart_top/u_uart_rx/g3500__1666
<CMD> deselectObject Pin u_uart_top/u_uart_rx/g3500__1666/Z
<CMD> deselectObject Pin u_uart_top/u_uart_rx/g3500__1666/B2
<CMD> deselectObject Pin u_uart_top/u_uart_rx/g3500__1666/B1
<CMD> deselectObject Pin u_uart_top/u_uart_rx/g3500__1666/A2
<CMD> deselectObject Pin u_uart_top/u_uart_rx/g3500__1666/A1
<CMD> deselectInst u_uart_top/u_uart_rx/g3495__9315
<CMD> deselectObject Pin u_uart_top/u_uart_rx/g3495__9315/ZN
<CMD> deselectObject Pin u_uart_top/u_uart_rx/g3495__9315/B2
<CMD> deselectObject Pin u_uart_top/u_uart_rx/g3495__9315/B1
<CMD> deselectObject Pin u_uart_top/u_uart_rx/g3495__9315/A2
<CMD> deselectObject Pin u_uart_top/u_uart_rx/g3495__9315/A1
<CMD> deselectInst u_uart_top/u_uart_rx/g3493
<CMD> deselectObject Pin u_uart_top/u_uart_rx/g3493/ZN
<CMD> deselectObject Pin u_uart_top/u_uart_rx/g3493/I
<CMD> deselectInst u_uart_top/u_uart_rx/g3483__7482
<CMD> deselectObject Pin u_uart_top/u_uart_rx/g3483__7482/Z
<CMD> deselectObject Pin u_uart_top/u_uart_rx/g3483__7482/B3
<CMD> deselectObject Pin u_uart_top/u_uart_rx/g3483__7482/B2
<CMD> deselectObject Pin u_uart_top/u_uart_rx/g3483__7482/B1
<CMD> deselectObject Pin u_uart_top/u_uart_rx/g3483__7482/A
<CMD> deselectInst u_uart_top/u_uart_rx/g3477__5122
<CMD> deselectObject Pin u_uart_top/u_uart_rx/g3477__5122/ZN
<CMD> deselectObject Pin u_uart_top/u_uart_rx/g3477__5122/A2
<CMD> deselectObject Pin u_uart_top/u_uart_rx/g3477__5122/A1
<CMD> deselectInst u_uart_top/u_uart_rx/g3476__1705
<CMD> deselectObject Pin u_uart_top/u_uart_rx/g3476__1705/Z
<CMD> deselectObject Pin u_uart_top/u_uart_rx/g3476__1705/A2
<CMD> deselectObject Pin u_uart_top/u_uart_rx/g3476__1705/A1
<CMD> deselectInst u_uart_top/u_uart_rx/g3475__2802
<CMD> deselectObject Pin u_uart_top/u_uart_rx/g3475__2802/ZN
<CMD> deselectObject Pin u_uart_top/u_uart_rx/g3475__2802/A2
<CMD> deselectObject Pin u_uart_top/u_uart_rx/g3475__2802/A1
<CMD> deselectInst u_uart_top/u_uart_rx/g3472__6783
<CMD> deselectObject Pin u_uart_top/u_uart_rx/g3472__6783/Z
<CMD> deselectObject Pin u_uart_top/u_uart_rx/g3472__6783/B2
<CMD> deselectObject Pin u_uart_top/u_uart_rx/g3472__6783/B1
<CMD> deselectObject Pin u_uart_top/u_uart_rx/g3472__6783/A
<CMD> deselectInst u_uart_top/u_uart_rx/g3466__5107
<CMD> deselectObject Pin u_uart_top/u_uart_rx/g3466__5107/ZN
<CMD> deselectObject Pin u_uart_top/u_uart_rx/g3466__5107/A2
<CMD> deselectObject Pin u_uart_top/u_uart_rx/g3466__5107/A1
<CMD> deselectInst u_uart_top/u_uart_rx/g3464__5477
<CMD> deselectObject Pin u_uart_top/u_uart_rx/g3464__5477/ZN
<CMD> deselectObject Pin u_uart_top/u_uart_rx/g3464__5477/C2
<CMD> deselectObject Pin u_uart_top/u_uart_rx/g3464__5477/C1
<CMD> deselectObject Pin u_uart_top/u_uart_rx/g3464__5477/B2
<CMD> deselectObject Pin u_uart_top/u_uart_rx/g3464__5477/B1
<CMD> deselectObject Pin u_uart_top/u_uart_rx/g3464__5477/A2
<CMD> deselectObject Pin u_uart_top/u_uart_rx/g3464__5477/A1
<CMD> deselectInst u_uart_top/u_uart_rx/g3452__6161
<CMD> deselectObject Pin u_uart_top/u_uart_rx/g3452__6161/ZN
<CMD> deselectObject Pin u_uart_top/u_uart_rx/g3452__6161/B2
<CMD> deselectObject Pin u_uart_top/u_uart_rx/g3452__6161/B1
<CMD> deselectObject Pin u_uart_top/u_uart_rx/g3452__6161/A
<CMD> deselectInst u_uart_top/u_uart_rx/g3442__1705
<CMD> deselectObject Pin u_uart_top/u_uart_rx/g3442__1705/Z
<CMD> deselectObject Pin u_uart_top/u_uart_rx/g3442__1705/B2
<CMD> deselectObject Pin u_uart_top/u_uart_rx/g3442__1705/B1
<CMD> deselectObject Pin u_uart_top/u_uart_rx/g3442__1705/A2
<CMD> deselectObject Pin u_uart_top/u_uart_rx/g3442__1705/A1
<CMD> deselectInst {u_uart_top/u_uart_rx/tick_cnt_reg[3]}
<CMD> deselectObject Pin {u_uart_top/u_uart_rx/tick_cnt_reg[3]/Q}
<CMD> deselectObject Pin {u_uart_top/u_uart_rx/tick_cnt_reg[3]/D}
<CMD> deselectObject Pin {u_uart_top/u_uart_rx/tick_cnt_reg[3]/CP}
<CMD> deselectObject Pin {u_uart_top/u_uart_rx/tick_cnt_reg[3]/CDN}
<CMD> deselectInst {u_uart_top/u_uart_rx/tick_cnt_reg[2]}
<CMD> deselectObject Pin {u_uart_top/u_uart_rx/tick_cnt_reg[2]/Q}
<CMD> deselectObject Pin {u_uart_top/u_uart_rx/tick_cnt_reg[2]/D}
<CMD> deselectObject Pin {u_uart_top/u_uart_rx/tick_cnt_reg[2]/CP}
<CMD> deselectObject Pin {u_uart_top/u_uart_rx/tick_cnt_reg[2]/CDN}
<CMD> deselectInst {u_uart_top/u_uart_rx/tick_cnt_reg[0]}
<CMD> deselectObject Pin {u_uart_top/u_uart_rx/tick_cnt_reg[0]/Q}
<CMD> deselectObject Pin {u_uart_top/u_uart_rx/tick_cnt_reg[0]/D}
<CMD> deselectObject Pin {u_uart_top/u_uart_rx/tick_cnt_reg[0]/CP}
<CMD> deselectObject Pin {u_uart_top/u_uart_rx/tick_cnt_reg[0]/CDN}
<CMD> deselectInst u_uart_top/u_uart_rx/g3119__2398
<CMD> deselectObject Pin u_uart_top/u_uart_rx/g3119__2398/ZN
<CMD> deselectObject Pin u_uart_top/u_uart_rx/g3119__2398/A3
<CMD> deselectObject Pin u_uart_top/u_uart_rx/g3119__2398/A2
<CMD> deselectObject Pin u_uart_top/u_uart_rx/g3119__2398/A1
<CMD> deselectInst u_uart_top/u_uart_rx/g3428__3680
<CMD> deselectObject Pin u_uart_top/u_uart_rx/g3428__3680/ZN
<CMD> deselectObject Pin u_uart_top/u_uart_rx/g3428__3680/B2
<CMD> deselectObject Pin u_uart_top/u_uart_rx/g3428__3680/B1
<CMD> deselectObject Pin u_uart_top/u_uart_rx/g3428__3680/A
<CMD> deselectInst {u_uart_top/u_uart_rx/state_reg[1]}
<CMD> deselectObject Pin {u_uart_top/u_uart_rx/state_reg[1]/Q}
<CMD> deselectObject Pin {u_uart_top/u_uart_rx/state_reg[1]/D}
<CMD> deselectObject Pin {u_uart_top/u_uart_rx/state_reg[1]/CP}
<CMD> deselectObject Pin {u_uart_top/u_uart_rx/state_reg[1]/CDN}
<CMD> deselectInst {u_uart_top/u_uart_rx/state_reg[0]}
<CMD> deselectObject Pin {u_uart_top/u_uart_rx/state_reg[0]/SD}
<CMD> deselectObject Pin {u_uart_top/u_uart_rx/state_reg[0]/SC}
<CMD> deselectObject Pin {u_uart_top/u_uart_rx/state_reg[0]/Q}
<CMD> deselectObject Pin {u_uart_top/u_uart_rx/state_reg[0]/D}
<CMD> deselectObject Pin {u_uart_top/u_uart_rx/state_reg[0]/CP}
<CMD> deselectObject Pin {u_uart_top/u_uart_rx/state_reg[0]/CDN}
<CMD> deselectInst u_uart_top/u_uart_rx/parity_calc_reg
<CMD> deselectObject Pin u_uart_top/u_uart_rx/parity_calc_reg/Q
<CMD> deselectObject Pin u_uart_top/u_uart_rx/parity_calc_reg/D
<CMD> deselectObject Pin u_uart_top/u_uart_rx/parity_calc_reg/CP
<CMD> deselectObject Pin u_uart_top/u_uart_rx/parity_calc_reg/CDN
<CMD> deselectInst {u_uart_top/u_uart_rx/data_reg_reg[3]}
<CMD> deselectObject Pin {u_uart_top/u_uart_rx/data_reg_reg[3]/Q}
<CMD> deselectObject Pin {u_uart_top/u_uart_rx/data_reg_reg[3]/D}
<CMD> deselectObject Pin {u_uart_top/u_uart_rx/data_reg_reg[3]/CP}
<CMD> deselectObject Pin {u_uart_top/u_uart_rx/data_reg_reg[3]/CDN}
<CMD> deselectInst {u_uart_top/u_uart_rx/data_reg_reg[2]}
<CMD> deselectObject Pin {u_uart_top/u_uart_rx/data_reg_reg[2]/Q}
<CMD> deselectObject Pin {u_uart_top/u_uart_rx/data_reg_reg[2]/D}
<CMD> deselectObject Pin {u_uart_top/u_uart_rx/data_reg_reg[2]/CP}
<CMD> deselectObject Pin {u_uart_top/u_uart_rx/data_reg_reg[2]/CDN}
<CMD> deselectInst {u_uart_top/u_uart_rx/data_reg_reg[1]}
<CMD> deselectObject Pin {u_uart_top/u_uart_rx/data_reg_reg[1]/Q}
<CMD> deselectObject Pin {u_uart_top/u_uart_rx/data_reg_reg[1]/D}
<CMD> deselectObject Pin {u_uart_top/u_uart_rx/data_reg_reg[1]/CP}
<CMD> deselectObject Pin {u_uart_top/u_uart_rx/data_reg_reg[1]/CDN}
<CMD> deselectInst u_uart_top/u_uart_rx/g3110__2346
<CMD> deselectObject Pin u_uart_top/u_uart_rx/g3110__2346/Z
<CMD> deselectObject Pin u_uart_top/u_uart_rx/g3110__2346/A3
<CMD> deselectObject Pin u_uart_top/u_uart_rx/g3110__2346/A2
<CMD> deselectObject Pin u_uart_top/u_uart_rx/g3110__2346/A1
<CMD> deselectInst u_uart_top/u_uart_rx/g3106__9945
<CMD> deselectObject Pin u_uart_top/u_uart_rx/g3106__9945/Z
<CMD> deselectObject Pin u_uart_top/u_uart_rx/g3106__9945/A3
<CMD> deselectObject Pin u_uart_top/u_uart_rx/g3106__9945/A2
<CMD> deselectObject Pin u_uart_top/u_uart_rx/g3106__9945/A1
<CMD> deselectInst u_uart_top/u_uart_rx/FE_OFC41_clk_core
<CMD> deselectObject Pin u_uart_top/u_uart_rx/FE_OFC41_clk_core/Z
<CMD> deselectObject Pin u_uart_top/u_uart_rx/FE_OFC41_clk_core/I
<CMD> deselectInst u_uart_top/u_uart_rx/g3507__4319
<CMD> deselectObject Pin u_uart_top/u_uart_rx/g3507__4319/Z
<CMD> deselectObject Pin u_uart_top/u_uart_rx/g3507__4319/S
<CMD> deselectObject Pin u_uart_top/u_uart_rx/g3507__4319/I1
<CMD> deselectObject Pin u_uart_top/u_uart_rx/g3507__4319/I0
<CMD> deselectInst {u_uart_top/u_uart_rx/rx_data_reg[2]}
<CMD> deselectObject Pin {u_uart_top/u_uart_rx/rx_data_reg[2]/Q}
<CMD> deselectObject Pin {u_uart_top/u_uart_rx/rx_data_reg[2]/D}
<CMD> deselectObject Pin {u_uart_top/u_uart_rx/rx_data_reg[2]/CP}
<CMD> deselectObject Pin {u_uart_top/u_uart_rx/rx_data_reg[2]/CDN}
<CMD> deselectInst u_uart_top/u_uart_rx/g2__6260
<CMD> deselectObject Pin u_uart_top/u_uart_rx/g2__6260/ZN
<CMD> deselectObject Pin u_uart_top/u_uart_rx/g2__6260/A2
<CMD> deselectObject Pin u_uart_top/u_uart_rx/g2__6260/A1
<CMD> deselectInst u_uart_top/u_uart_rx/g3112
<CMD> deselectObject Pin u_uart_top/u_uart_rx/g3112/ZN
<CMD> deselectObject Pin u_uart_top/u_uart_rx/g3112/I
<CMD> deselectInst u_uart_top/u_uart_rx/g3109__2883
<CMD> deselectObject Pin u_uart_top/u_uart_rx/g3109__2883/ZN
<CMD> deselectObject Pin u_uart_top/u_uart_rx/g3109__2883/A2
<CMD> deselectObject Pin u_uart_top/u_uart_rx/g3109__2883/A1
<CMD> deselectInst u_uart_top/u_uart_rx/g3103__9315
<CMD> deselectObject Pin u_uart_top/u_uart_rx/g3103__9315/ZN
<CMD> deselectObject Pin u_uart_top/u_uart_rx/g3103__9315/A2
<CMD> deselectObject Pin u_uart_top/u_uart_rx/g3103__9315/A1
<CMD> deselectInst u_uart_top/u_uart_rx/FE_OFC6_rx_data_core_2
<CMD> deselectObject Pin u_uart_top/u_uart_rx/FE_OFC6_rx_data_core_2/Z
<CMD> deselectObject Pin u_uart_top/u_uart_rx/FE_OFC6_rx_data_core_2/I
<CMD> deselectInst u_uart_top/u_uart_rx/FE_OFC36_data_reg_0
<CMD> deselectObject Pin u_uart_top/u_uart_rx/FE_OFC36_data_reg_0/Z
<CMD> deselectObject Pin u_uart_top/u_uart_rx/FE_OFC36_data_reg_0/I
<CMD> deselectInst u_uart_top/u_uart_rx/FE_OFC44_n_115
<CMD> deselectObject Pin u_uart_top/u_uart_rx/FE_OFC44_n_115/Z
<CMD> deselectObject Pin u_uart_top/u_uart_rx/FE_OFC44_n_115/I
<CMD> deselectInst u_uart_top/u_uart_rx/g3525__7482
<CMD> deselectObject Pin u_uart_top/u_uart_rx/g3525__7482/Z
<CMD> deselectObject Pin u_uart_top/u_uart_rx/g3525__7482/A2
<CMD> deselectObject Pin u_uart_top/u_uart_rx/g3525__7482/A1
<CMD> deselectInst u_uart_top/u_uart_rx/g3479__7098
<CMD> deselectObject Pin u_uart_top/u_uart_rx/g3479__7098/Z
<CMD> deselectObject Pin u_uart_top/u_uart_rx/g3479__7098/S
<CMD> deselectObject Pin u_uart_top/u_uart_rx/g3479__7098/I1
<CMD> deselectObject Pin u_uart_top/u_uart_rx/g3479__7098/I0
<CMD> deselectInst u_uart_top/u_uart_rx/g3478__8246
<CMD> deselectObject Pin u_uart_top/u_uart_rx/g3478__8246/Z
<CMD> deselectObject Pin u_uart_top/u_uart_rx/g3478__8246/B2
<CMD> deselectObject Pin u_uart_top/u_uart_rx/g3478__8246/B1
<CMD> deselectObject Pin u_uart_top/u_uart_rx/g3478__8246/A
<CMD> deselectInst u_uart_top/u_uart_rx/g3474__1617
<CMD> deselectObject Pin u_uart_top/u_uart_rx/g3474__1617/Z
<CMD> deselectObject Pin u_uart_top/u_uart_rx/g3474__1617/S
<CMD> deselectObject Pin u_uart_top/u_uart_rx/g3474__1617/I1
<CMD> deselectObject Pin u_uart_top/u_uart_rx/g3474__1617/I0
<CMD> deselectInst u_uart_top/u_uart_rx/g3470__8428
<CMD> deselectObject Pin u_uart_top/u_uart_rx/g3470__8428/Z
<CMD> deselectObject Pin u_uart_top/u_uart_rx/g3470__8428/B2
<CMD> deselectObject Pin u_uart_top/u_uart_rx/g3470__8428/B1
<CMD> deselectObject Pin u_uart_top/u_uart_rx/g3470__8428/A
<CMD> deselectInst u_uart_top/u_uart_rx/g3468__6260
<CMD> deselectObject Pin u_uart_top/u_uart_rx/g3468__6260/Z
<CMD> deselectObject Pin u_uart_top/u_uart_rx/g3468__6260/A2
<CMD> deselectObject Pin u_uart_top/u_uart_rx/g3468__6260/A1
<CMD> deselectInst {u_uart_top/u_uart_rx/bit_idx_reg[2]}
<CMD> deselectObject Pin {u_uart_top/u_uart_rx/bit_idx_reg[2]/QN}
<CMD> deselectObject Pin {u_uart_top/u_uart_rx/bit_idx_reg[2]/Q}
<CMD> deselectObject Pin {u_uart_top/u_uart_rx/bit_idx_reg[2]/D}
<CMD> deselectObject Pin {u_uart_top/u_uart_rx/bit_idx_reg[2]/CP}
<CMD> deselectObject Pin {u_uart_top/u_uart_rx/bit_idx_reg[2]/CDN}
<CMD> deselectInst u_uart_top/u_uart_rx/g3533
<CMD> deselectObject Pin u_uart_top/u_uart_rx/g3533/ZN
<CMD> deselectObject Pin u_uart_top/u_uart_rx/g3533/I
<CMD> deselectInst u_uart_top/u_uart_rx/g3521__7098
<CMD> deselectObject Pin u_uart_top/u_uart_rx/g3521__7098/Z
<CMD> deselectObject Pin u_uart_top/u_uart_rx/g3521__7098/A2
<CMD> deselectObject Pin u_uart_top/u_uart_rx/g3521__7098/A1
<CMD> deselectInst u_uart_top/u_uart_rx/g3520
<CMD> deselectObject Pin u_uart_top/u_uart_rx/g3520/ZN
<CMD> deselectObject Pin u_uart_top/u_uart_rx/g3520/I
<CMD> deselectInst u_uart_top/u_uart_rx/g3501__7410
<CMD> deselectObject Pin u_uart_top/u_uart_rx/g3501__7410/Z
<CMD> deselectObject Pin u_uart_top/u_uart_rx/g3501__7410/A3
<CMD> deselectObject Pin u_uart_top/u_uart_rx/g3501__7410/A2
<CMD> deselectObject Pin u_uart_top/u_uart_rx/g3501__7410/A1
<CMD> deselectInst u_uart_top/u_uart_rx/g3427__6783
<CMD> deselectObject Pin u_uart_top/u_uart_rx/g3427__6783/ZN
<CMD> deselectObject Pin u_uart_top/u_uart_rx/g3427__6783/B2
<CMD> deselectObject Pin u_uart_top/u_uart_rx/g3427__6783/B1
<CMD> deselectObject Pin u_uart_top/u_uart_rx/g3427__6783/A
<CMD> deselectInst u_uart_top/u_uart_rx/g3680__6161
<CMD> deselectObject Pin u_uart_top/u_uart_rx/g3680__6161/ZN
<CMD> deselectObject Pin u_uart_top/u_uart_rx/g3680__6161/A2
<CMD> deselectObject Pin u_uart_top/u_uart_rx/g3680__6161/A1
<CMD> deselectInst u_uart_top/u_uart_rx/g3523__1881
<CMD> deselectObject Pin u_uart_top/u_uart_rx/g3523__1881/Z
<CMD> deselectObject Pin u_uart_top/u_uart_rx/g3523__1881/A2
<CMD> deselectObject Pin u_uart_top/u_uart_rx/g3523__1881/A1
<CMD> deselectInst u_uart_top/u_uart_rx/g3519
<CMD> deselectObject Pin u_uart_top/u_uart_rx/g3519/ZN
<CMD> deselectObject Pin u_uart_top/u_uart_rx/g3519/I
<CMD> deselectInst u_uart_top/u_uart_rx/g3505__5107
<CMD> deselectObject Pin u_uart_top/u_uart_rx/g3505__5107/ZN
<CMD> deselectObject Pin u_uart_top/u_uart_rx/g3505__5107/A2
<CMD> deselectObject Pin u_uart_top/u_uart_rx/g3505__5107/A1
<CMD> deselectInst u_uart_top/u_uart_rx/g3504__2398
<CMD> deselectObject Pin u_uart_top/u_uart_rx/g3504__2398/Z
<CMD> deselectObject Pin u_uart_top/u_uart_rx/g3504__2398/A3
<CMD> deselectObject Pin u_uart_top/u_uart_rx/g3504__2398/A2
<CMD> deselectObject Pin u_uart_top/u_uart_rx/g3504__2398/A1
<CMD> deselectInst u_uart_top/u_uart_rx/g3498__2883
<CMD> deselectObject Pin u_uart_top/u_uart_rx/g3498__2883/ZN
<CMD> deselectObject Pin u_uart_top/u_uart_rx/g3498__2883/A3
<CMD> deselectObject Pin u_uart_top/u_uart_rx/g3498__2883/A2
<CMD> deselectObject Pin u_uart_top/u_uart_rx/g3498__2883/A1
<CMD> deselectInst u_uart_top/u_uart_rx/g3497__9945
<CMD> deselectObject Pin u_uart_top/u_uart_rx/g3497__9945/Z
<CMD> deselectObject Pin u_uart_top/u_uart_rx/g3497__9945/A4
<CMD> deselectObject Pin u_uart_top/u_uart_rx/g3497__9945/A3
<CMD> deselectObject Pin u_uart_top/u_uart_rx/g3497__9945/A2
<CMD> deselectObject Pin u_uart_top/u_uart_rx/g3497__9945/A1
<CMD> deselectInst u_uart_top/u_uart_rx/g3494__6161
<CMD> deselectObject Pin u_uart_top/u_uart_rx/g3494__6161/Z
<CMD> deselectObject Pin u_uart_top/u_uart_rx/g3494__6161/B2
<CMD> deselectObject Pin u_uart_top/u_uart_rx/g3494__6161/B1
<CMD> deselectObject Pin u_uart_top/u_uart_rx/g3494__6161/A2
<CMD> deselectObject Pin u_uart_top/u_uart_rx/g3494__6161/A1
<CMD> deselectInst u_uart_top/u_uart_rx/g3443__5122
<CMD> deselectObject Pin u_uart_top/u_uart_rx/g3443__5122/Z
<CMD> deselectObject Pin u_uart_top/u_uart_rx/g3443__5122/C2
<CMD> deselectObject Pin u_uart_top/u_uart_rx/g3443__5122/C1
<CMD> deselectObject Pin u_uart_top/u_uart_rx/g3443__5122/B
<CMD> deselectObject Pin u_uart_top/u_uart_rx/g3443__5122/A
<CMD> deselectInst u_uart_top/u_uart_rx/g3440__1617
<CMD> deselectObject Pin u_uart_top/u_uart_rx/g3440__1617/Z
<CMD> deselectObject Pin u_uart_top/u_uart_rx/g3440__1617/C2
<CMD> deselectObject Pin u_uart_top/u_uart_rx/g3440__1617/C1
<CMD> deselectObject Pin u_uart_top/u_uart_rx/g3440__1617/B
<CMD> deselectObject Pin u_uart_top/u_uart_rx/g3440__1617/A
<CMD> deselectInst u_uart_top/u_uart_rx/g3434
<CMD> deselectObject Pin u_uart_top/u_uart_rx/g3434/ZN
<CMD> deselectObject Pin u_uart_top/u_uart_rx/g3434/I
<CMD> deselectInst u_uart_top/u_uart_rx/g3425__5526
<CMD> deselectObject Pin u_uart_top/u_uart_rx/g3425__5526/Z
<CMD> deselectObject Pin u_uart_top/u_uart_rx/g3425__5526/A4
<CMD> deselectObject Pin u_uart_top/u_uart_rx/g3425__5526/A3
<CMD> deselectObject Pin u_uart_top/u_uart_rx/g3425__5526/A2
<CMD> deselectObject Pin u_uart_top/u_uart_rx/g3425__5526/A1
<CMD> deselectInst u_uart_top/u_uart_rx/g3123__5107
<CMD> deselectObject Pin u_uart_top/u_uart_rx/g3123__5107/Z
<CMD> deselectObject Pin u_uart_top/u_uart_rx/g3123__5107/A2
<CMD> deselectObject Pin u_uart_top/u_uart_rx/g3123__5107/A1
<CMD> deselectInst u_uart_top/u_uart_rx/g3122
<CMD> deselectObject Pin u_uart_top/u_uart_rx/g3122/ZN
<CMD> deselectObject Pin u_uart_top/u_uart_rx/g3122/I
<CMD> deselectInst u_uart_top/u_uart_rx/g3115__7410
<CMD> deselectObject Pin u_uart_top/u_uart_rx/g3115__7410/ZN
<CMD> deselectObject Pin u_uart_top/u_uart_rx/g3115__7410/A2
<CMD> deselectObject Pin u_uart_top/u_uart_rx/g3115__7410/A1
<CMD> deselectInst u_uart_top/u_uart_rx/g3113__1666
<CMD> deselectObject Pin u_uart_top/u_uart_rx/g3113__1666/Z
<CMD> deselectObject Pin u_uart_top/u_uart_rx/g3113__1666/A3
<CMD> deselectObject Pin u_uart_top/u_uart_rx/g3113__1666/A2
<CMD> deselectObject Pin u_uart_top/u_uart_rx/g3113__1666/A1
<CMD> deselectInst u_uart_top/u_uart_rx/g3028
<CMD> deselectObject Pin u_uart_top/u_uart_rx/g3028/ZN
<CMD> deselectObject Pin u_uart_top/u_uart_rx/g3028/I
<CMD> deselectInst u_uart_top/u_uart_rx/g3531
<CMD> deselectObject Pin u_uart_top/u_uart_rx/g3531/ZN
<CMD> deselectObject Pin u_uart_top/u_uart_rx/g3531/I
<CMD> deselectInst u_uart_top/u_uart_rx/g3502__6417
<CMD> deselectObject Pin u_uart_top/u_uart_rx/g3502__6417/Z
<CMD> deselectObject Pin u_uart_top/u_uart_rx/g3502__6417/B2
<CMD> deselectObject Pin u_uart_top/u_uart_rx/g3502__6417/B1
<CMD> deselectObject Pin u_uart_top/u_uart_rx/g3502__6417/A
<CMD> deselectInst u_uart_top/u_uart_rx/g3499__2346
<CMD> deselectObject Pin u_uart_top/u_uart_rx/g3499__2346/Z
<CMD> deselectObject Pin u_uart_top/u_uart_rx/g3499__2346/S
<CMD> deselectObject Pin u_uart_top/u_uart_rx/g3499__2346/I1
<CMD> deselectObject Pin u_uart_top/u_uart_rx/g3499__2346/I0
<CMD> deselectInst u_uart_top/u_uart_rx/g3484__4733
<CMD> deselectObject Pin u_uart_top/u_uart_rx/g3484__4733/Z
<CMD> deselectObject Pin u_uart_top/u_uart_rx/g3484__4733/A2
<CMD> deselectObject Pin u_uart_top/u_uart_rx/g3484__4733/A1
<CMD> deselectInst u_uart_top/u_uart_rx/g3482__5115
<CMD> deselectObject Pin u_uart_top/u_uart_rx/g3482__5115/Z
<CMD> deselectObject Pin u_uart_top/u_uart_rx/g3482__5115/A2
<CMD> deselectObject Pin u_uart_top/u_uart_rx/g3482__5115/A1
<CMD> deselectInst u_uart_top/u_uart_rx/g3481__1881
<CMD> deselectObject Pin u_uart_top/u_uart_rx/g3481__1881/Z
<CMD> deselectObject Pin u_uart_top/u_uart_rx/g3481__1881/A3
<CMD> deselectObject Pin u_uart_top/u_uart_rx/g3481__1881/A2
<CMD> deselectObject Pin u_uart_top/u_uart_rx/g3481__1881/A1
<CMD> deselectInst u_uart_top/u_uart_rx/g3480__6131
<CMD> deselectObject Pin u_uart_top/u_uart_rx/g3480__6131/Z
<CMD> deselectObject Pin u_uart_top/u_uart_rx/g3480__6131/A3
<CMD> deselectObject Pin u_uart_top/u_uart_rx/g3480__6131/A2
<CMD> deselectObject Pin u_uart_top/u_uart_rx/g3480__6131/A1
<CMD> deselectInst u_uart_top/u_uart_rx/g3473__3680
<CMD> deselectObject Pin u_uart_top/u_uart_rx/g3473__3680/Z
<CMD> deselectObject Pin u_uart_top/u_uart_rx/g3473__3680/B2
<CMD> deselectObject Pin u_uart_top/u_uart_rx/g3473__3680/B1
<CMD> deselectObject Pin u_uart_top/u_uart_rx/g3473__3680/A2
<CMD> deselectObject Pin u_uart_top/u_uart_rx/g3473__3680/A1
<CMD> deselectInst u_uart_top/u_uart_rx/g3471__5526
<CMD> deselectObject Pin u_uart_top/u_uart_rx/g3471__5526/Z
<CMD> deselectObject Pin u_uart_top/u_uart_rx/g3471__5526/A3
<CMD> deselectObject Pin u_uart_top/u_uart_rx/g3471__5526/A2
<CMD> deselectObject Pin u_uart_top/u_uart_rx/g3471__5526/A1
<CMD> deselectInst u_uart_top/u_uart_rx/g3423__8428
<CMD> deselectObject Pin u_uart_top/u_uart_rx/g3423__8428/ZN
<CMD> deselectObject Pin u_uart_top/u_uart_rx/g3423__8428/A2
<CMD> deselectObject Pin u_uart_top/u_uart_rx/g3423__8428/A1
<CMD> deselectInst {u_uart_top/u_uart_rx/bit_idx_reg[0]}
<CMD> deselectObject Pin {u_uart_top/u_uart_rx/bit_idx_reg[0]/QN}
<CMD> deselectObject Pin {u_uart_top/u_uart_rx/bit_idx_reg[0]/Q}
<CMD> deselectObject Pin {u_uart_top/u_uart_rx/bit_idx_reg[0]/D}
<CMD> deselectObject Pin {u_uart_top/u_uart_rx/bit_idx_reg[0]/CP}
<CMD> deselectObject Pin {u_uart_top/u_uart_rx/bit_idx_reg[0]/CDN}
<CMD> deselectInst u_uart_top/u_uart_rx/g3510__6783
<CMD> deselectObject Pin u_uart_top/u_uart_rx/g3510__6783/Z
<CMD> deselectObject Pin u_uart_top/u_uart_rx/g3510__6783/S
<CMD> deselectObject Pin u_uart_top/u_uart_rx/g3510__6783/I1
<CMD> deselectObject Pin u_uart_top/u_uart_rx/g3510__6783/I0
<CMD> deselectInst {u_uart_top/u_uart_rx/data_reg_reg[6]}
<CMD> deselectObject Pin {u_uart_top/u_uart_rx/data_reg_reg[6]/Q}
<CMD> deselectObject Pin {u_uart_top/u_uart_rx/data_reg_reg[6]/D}
<CMD> deselectObject Pin {u_uart_top/u_uart_rx/data_reg_reg[6]/CP}
<CMD> deselectObject Pin {u_uart_top/u_uart_rx/data_reg_reg[6]/CDN}
<CMD> deselectInst {u_uart_top/u_uart_rx/data_reg_reg[5]}
<CMD> deselectObject Pin {u_uart_top/u_uart_rx/data_reg_reg[5]/Q}
<CMD> deselectObject Pin {u_uart_top/u_uart_rx/data_reg_reg[5]/D}
<CMD> deselectObject Pin {u_uart_top/u_uart_rx/data_reg_reg[5]/CP}
<CMD> deselectObject Pin {u_uart_top/u_uart_rx/data_reg_reg[5]/CDN}
<CMD> deselectInst {u_uart_top/u_uart_rx/bit_idx_reg[1]}
<CMD> deselectObject Pin {u_uart_top/u_uart_rx/bit_idx_reg[1]/QN}
<CMD> deselectObject Pin {u_uart_top/u_uart_rx/bit_idx_reg[1]/Q}
<CMD> deselectObject Pin {u_uart_top/u_uart_rx/bit_idx_reg[1]/D}
<CMD> deselectObject Pin {u_uart_top/u_uart_rx/bit_idx_reg[1]/CP}
<CMD> deselectObject Pin {u_uart_top/u_uart_rx/bit_idx_reg[1]/CDN}
<CMD> deselectInst {u_uart_top/u_uart_rx/data_reg_reg[0]}
<CMD> deselectObject Pin {u_uart_top/u_uart_rx/data_reg_reg[0]/QN}
<CMD> deselectObject Pin {u_uart_top/u_uart_rx/data_reg_reg[0]/Q}
<CMD> deselectObject Pin {u_uart_top/u_uart_rx/data_reg_reg[0]/D}
<CMD> deselectObject Pin {u_uart_top/u_uart_rx/data_reg_reg[0]/CP}
<CMD> deselectObject Pin {u_uart_top/u_uart_rx/data_reg_reg[0]/CDN}
<CMD> deselectInst u_uart_top/u_uart_rx/g3524__5115
<CMD> deselectObject Pin u_uart_top/u_uart_rx/g3524__5115/Z
<CMD> deselectObject Pin u_uart_top/u_uart_rx/g3524__5115/A2
<CMD> deselectObject Pin u_uart_top/u_uart_rx/g3524__5115/A1
<CMD> deselectInst u_uart_top/u_uart_rx/g3522__6131
<CMD> deselectObject Pin u_uart_top/u_uart_rx/g3522__6131/Z
<CMD> deselectObject Pin u_uart_top/u_uart_rx/g3522__6131/A2
<CMD> deselectObject Pin u_uart_top/u_uart_rx/g3522__6131/A1
<CMD> deselectInst u_uart_top/u_uart_rx/g3518__8246
<CMD> deselectObject Pin u_uart_top/u_uart_rx/g3518__8246/Z
<CMD> deselectObject Pin u_uart_top/u_uart_rx/g3518__8246/A2
<CMD> deselectObject Pin u_uart_top/u_uart_rx/g3518__8246/A1
<CMD> deselectInst u_uart_top/u_uart_rx/g3469__4319
<CMD> deselectObject Pin u_uart_top/u_uart_rx/g3469__4319/Z
<CMD> deselectObject Pin u_uart_top/u_uart_rx/g3469__4319/A2
<CMD> deselectObject Pin u_uart_top/u_uart_rx/g3469__4319/A1
<CMD> deselectInst u_uart_top/u_uart_rx/g3465__2398
<CMD> deselectObject Pin u_uart_top/u_uart_rx/g3465__2398/ZN
<CMD> deselectObject Pin u_uart_top/u_uart_rx/g3465__2398/A2
<CMD> deselectObject Pin u_uart_top/u_uart_rx/g3465__2398/A1
<CMD> deselectInst u_uart_top/u_uart_rx/g3463__6417
<CMD> deselectObject Pin u_uart_top/u_uart_rx/g3463__6417/ZN
<CMD> deselectObject Pin u_uart_top/u_uart_rx/g3463__6417/B2
<CMD> deselectObject Pin u_uart_top/u_uart_rx/g3463__6417/B1
<CMD> deselectObject Pin u_uart_top/u_uart_rx/g3463__6417/A
<CMD> deselectInst u_uart_top/u_uart_rx/g3462__7410
<CMD> deselectObject Pin u_uart_top/u_uart_rx/g3462__7410/ZN
<CMD> deselectObject Pin u_uart_top/u_uart_rx/g3462__7410/B2
<CMD> deselectObject Pin u_uart_top/u_uart_rx/g3462__7410/B1
<CMD> deselectObject Pin u_uart_top/u_uart_rx/g3462__7410/A
<CMD> deselectInst u_uart_top/u_uart_rx/g3461__1666
<CMD> deselectObject Pin u_uart_top/u_uart_rx/g3461__1666/ZN
<CMD> deselectObject Pin u_uart_top/u_uart_rx/g3461__1666/B2
<CMD> deselectObject Pin u_uart_top/u_uart_rx/g3461__1666/B1
<CMD> deselectObject Pin u_uart_top/u_uart_rx/g3461__1666/A
<CMD> deselectInst u_uart_top/u_uart_rx/g3460__2346
<CMD> deselectObject Pin u_uart_top/u_uart_rx/g3460__2346/ZN
<CMD> deselectObject Pin u_uart_top/u_uart_rx/g3460__2346/B2
<CMD> deselectObject Pin u_uart_top/u_uart_rx/g3460__2346/B1
<CMD> deselectObject Pin u_uart_top/u_uart_rx/g3460__2346/A
<CMD> deselectInst u_uart_top/u_uart_rx/g3459__2883
<CMD> deselectObject Pin u_uart_top/u_uart_rx/g3459__2883/ZN
<CMD> deselectObject Pin u_uart_top/u_uart_rx/g3459__2883/B2
<CMD> deselectObject Pin u_uart_top/u_uart_rx/g3459__2883/B1
<CMD> deselectObject Pin u_uart_top/u_uart_rx/g3459__2883/A
<CMD> deselectInst u_uart_top/u_uart_rx/g3454__9945
<CMD> deselectObject Pin u_uart_top/u_uart_rx/g3454__9945/ZN
<CMD> deselectObject Pin u_uart_top/u_uart_rx/g3454__9945/B2
<CMD> deselectObject Pin u_uart_top/u_uart_rx/g3454__9945/B1
<CMD> deselectObject Pin u_uart_top/u_uart_rx/g3454__9945/A
<CMD> deselectInst u_uart_top/u_uart_rx/g3453__9315
<CMD> deselectObject Pin u_uart_top/u_uart_rx/g3453__9315/ZN
<CMD> deselectObject Pin u_uart_top/u_uart_rx/g3453__9315/B2
<CMD> deselectObject Pin u_uart_top/u_uart_rx/g3453__9315/B1
<CMD> deselectObject Pin u_uart_top/u_uart_rx/g3453__9315/A
<CMD> deselectInst u_uart_top/u_uart_rx/g3451__4733
<CMD> deselectObject Pin u_uart_top/u_uart_rx/g3451__4733/ZN
<CMD> deselectObject Pin u_uart_top/u_uart_rx/g3451__4733/B2
<CMD> deselectObject Pin u_uart_top/u_uart_rx/g3451__4733/B1
<CMD> deselectObject Pin u_uart_top/u_uart_rx/g3451__4733/A
<CMD> deselectInst u_uart_top/u_uart_rx/g3450__7482
<CMD> deselectObject Pin u_uart_top/u_uart_rx/g3450__7482/ZN
<CMD> deselectObject Pin u_uart_top/u_uart_rx/g3450__7482/B2
<CMD> deselectObject Pin u_uart_top/u_uart_rx/g3450__7482/B1
<CMD> deselectObject Pin u_uart_top/u_uart_rx/g3450__7482/A
<CMD> deselectInst u_uart_top/u_uart_rx/g3449__5115
<CMD> deselectObject Pin u_uart_top/u_uart_rx/g3449__5115/ZN
<CMD> deselectObject Pin u_uart_top/u_uart_rx/g3449__5115/B2
<CMD> deselectObject Pin u_uart_top/u_uart_rx/g3449__5115/B1
<CMD> deselectObject Pin u_uart_top/u_uart_rx/g3449__5115/A
<CMD> deselectInst u_uart_top/u_uart_rx/g3448__1881
<CMD> deselectObject Pin u_uart_top/u_uart_rx/g3448__1881/ZN
<CMD> deselectObject Pin u_uart_top/u_uart_rx/g3448__1881/B2
<CMD> deselectObject Pin u_uart_top/u_uart_rx/g3448__1881/B1
<CMD> deselectObject Pin u_uart_top/u_uart_rx/g3448__1881/A
<CMD> deselectInst u_uart_top/u_uart_rx/g3447__6131
<CMD> deselectObject Pin u_uart_top/u_uart_rx/g3447__6131/ZN
<CMD> deselectObject Pin u_uart_top/u_uart_rx/g3447__6131/B2
<CMD> deselectObject Pin u_uart_top/u_uart_rx/g3447__6131/B1
<CMD> deselectObject Pin u_uart_top/u_uart_rx/g3447__6131/A
<CMD> deselectInst u_uart_top/u_uart_rx/g3445__7098
<CMD> deselectObject Pin u_uart_top/u_uart_rx/g3445__7098/ZN
<CMD> deselectObject Pin u_uart_top/u_uart_rx/g3445__7098/B2
<CMD> deselectObject Pin u_uart_top/u_uart_rx/g3445__7098/B1
<CMD> deselectObject Pin u_uart_top/u_uart_rx/g3445__7098/A
<CMD> deselectInst u_uart_top/u_uart_rx/g3444__8246
<CMD> deselectObject Pin u_uart_top/u_uart_rx/g3444__8246/Z
<CMD> deselectObject Pin u_uart_top/u_uart_rx/g3444__8246/B2
<CMD> deselectObject Pin u_uart_top/u_uart_rx/g3444__8246/B1
<CMD> deselectObject Pin u_uart_top/u_uart_rx/g3444__8246/A2
<CMD> deselectObject Pin u_uart_top/u_uart_rx/g3444__8246/A1
<CMD> deselectInst u_uart_top/u_uart_rx/g3441__2802
<CMD> deselectObject Pin u_uart_top/u_uart_rx/g3441__2802/ZN
<CMD> deselectObject Pin u_uart_top/u_uart_rx/g3441__2802/B2
<CMD> deselectObject Pin u_uart_top/u_uart_rx/g3441__2802/B1
<CMD> deselectObject Pin u_uart_top/u_uart_rx/g3441__2802/A
<CMD> deselectInst u_uart_top/u_uart_rx/g3137__4319
<CMD> deselectObject Pin u_uart_top/u_uart_rx/g3137__4319/ZN
<CMD> deselectObject Pin u_uart_top/u_uart_rx/g3137__4319/A2
<CMD> deselectObject Pin u_uart_top/u_uart_rx/g3137__4319/A1
<CMD> deselectInst u_uart_top/u_uart_rx/g3116__6417
<CMD> deselectObject Pin u_uart_top/u_uart_rx/g3116__6417/Z
<CMD> deselectObject Pin u_uart_top/u_uart_rx/g3116__6417/A3
<CMD> deselectObject Pin u_uart_top/u_uart_rx/g3116__6417/A2
<CMD> deselectObject Pin u_uart_top/u_uart_rx/g3116__6417/A1
<CMD> deselectInst u_uart_top/u_uart_rx/FE_OFC26_rst_n_core
<CMD> deselectObject Pin u_uart_top/u_uart_rx/FE_OFC26_rst_n_core/Z
<CMD> deselectObject Pin u_uart_top/u_uart_rx/FE_OFC26_rst_n_core/I
<CMD> deselectInst {u_uart_top/u_uart_rx/rx_data_reg[7]}
<CMD> deselectObject Pin {u_uart_top/u_uart_rx/rx_data_reg[7]/Q}
<CMD> deselectObject Pin {u_uart_top/u_uart_rx/rx_data_reg[7]/D}
<CMD> deselectObject Pin {u_uart_top/u_uart_rx/rx_data_reg[7]/CP}
<CMD> deselectObject Pin {u_uart_top/u_uart_rx/rx_data_reg[7]/CDN}
<CMD> deselectInst {u_uart_top/u_uart_rx/rx_data_reg[5]}
<CMD> deselectObject Pin {u_uart_top/u_uart_rx/rx_data_reg[5]/Q}
<CMD> deselectObject Pin {u_uart_top/u_uart_rx/rx_data_reg[5]/D}
<CMD> deselectObject Pin {u_uart_top/u_uart_rx/rx_data_reg[5]/CP}
<CMD> deselectObject Pin {u_uart_top/u_uart_rx/rx_data_reg[5]/CDN}
<CMD> deselectInst {u_uart_top/u_uart_rx/data_reg_reg[7]}
<CMD> deselectObject Pin {u_uart_top/u_uart_rx/data_reg_reg[7]/Q}
<CMD> deselectObject Pin {u_uart_top/u_uart_rx/data_reg_reg[7]/D}
<CMD> deselectObject Pin {u_uart_top/u_uart_rx/data_reg_reg[7]/CP}
<CMD> deselectObject Pin {u_uart_top/u_uart_rx/data_reg_reg[7]/CDN}
<CMD> deselectInst u_uart_top/u_uart_rx/FE_OFC0_rx_data_core_7
<CMD> deselectObject Pin u_uart_top/u_uart_rx/FE_OFC0_rx_data_core_7/Z
<CMD> deselectObject Pin u_uart_top/u_uart_rx/FE_OFC0_rx_data_core_7/I
<CMD> deselectInst FE_FILLER_N_2
<CMD> deselectInst FE_FILLER_N_3
<CMD> deselectInst FE_FILLER_N_4
<CMD> deselectInst FE_FILLER_N_5
<CMD> deselectInst FE_FILLER_N_6
<CMD> deselectInst FE_FILLER_N_7
<CMD> deselectInst FE_FILLER_N_8
<CMD> deselectInst FE_FILLER_N_9
<CMD> deselectInst FE_FILLER_N_10
<CMD> deselectInst FE_FILLER_N_11
<CMD> deselectInst corner_4
<CMD> deselectInst pv0a_VSSO_CORE_2
<CMD> deselectInst {g_rx_data_pads[3].u_pad_rx_data}
<CMD> deselectObject Pin {g_rx_data_pads[3].u_pad_rx_data/PAD}
<CMD> deselectObject Pin {g_rx_data_pads[3].u_pad_rx_data/I}
<CMD> deselectInst {g_rx_data_pads[2].u_pad_rx_data}
<CMD> deselectObject Pin {g_rx_data_pads[2].u_pad_rx_data/PAD}
<CMD> deselectObject Pin {g_rx_data_pads[2].u_pad_rx_data/I}
<CMD> deselectInst {g_rx_data_pads[1].u_pad_rx_data}
<CMD> deselectObject Pin {g_rx_data_pads[1].u_pad_rx_data/PAD}
<CMD> deselectObject Pin {g_rx_data_pads[1].u_pad_rx_data/I}
<CMD> deselectInst {g_rx_data_pads[0].u_pad_rx_data}
<CMD> deselectObject Pin {g_rx_data_pads[0].u_pad_rx_data/PAD}
<CMD> deselectObject Pin {g_rx_data_pads[0].u_pad_rx_data/I}
<CMD> deselectInst u_uart_top/u_uart_rx/g3511__3680
<CMD> deselectObject Pin u_uart_top/u_uart_rx/g3511__3680/Z
<CMD> deselectObject Pin u_uart_top/u_uart_rx/g3511__3680/S
<CMD> deselectObject Pin u_uart_top/u_uart_rx/g3511__3680/I1
<CMD> deselectObject Pin u_uart_top/u_uart_rx/g3511__3680/I0
<CMD> deselectInst u_uart_top/u_uart_rx/g3508__8428
<CMD> deselectObject Pin u_uart_top/u_uart_rx/g3508__8428/Z
<CMD> deselectObject Pin u_uart_top/u_uart_rx/g3508__8428/S
<CMD> deselectObject Pin u_uart_top/u_uart_rx/g3508__8428/I1
<CMD> deselectObject Pin u_uart_top/u_uart_rx/g3508__8428/I0
<CMD> deselectInst {u_uart_top/u_uart_rx/rx_data_reg[6]}
<CMD> deselectObject Pin {u_uart_top/u_uart_rx/rx_data_reg[6]/Q}
<CMD> deselectObject Pin {u_uart_top/u_uart_rx/rx_data_reg[6]/D}
<CMD> deselectObject Pin {u_uart_top/u_uart_rx/rx_data_reg[6]/CP}
<CMD> deselectObject Pin {u_uart_top/u_uart_rx/rx_data_reg[6]/CDN}
<CMD> deselectInst {u_uart_top/u_uart_rx/rx_data_reg[4]}
<CMD> deselectObject Pin {u_uart_top/u_uart_rx/rx_data_reg[4]/Q}
<CMD> deselectObject Pin {u_uart_top/u_uart_rx/rx_data_reg[4]/D}
<CMD> deselectObject Pin {u_uart_top/u_uart_rx/rx_data_reg[4]/CP}
<CMD> deselectObject Pin {u_uart_top/u_uart_rx/rx_data_reg[4]/CDN}
<CMD> deselectInst {u_uart_top/u_uart_rx/rx_data_reg[3]}
<CMD> deselectObject Pin {u_uart_top/u_uart_rx/rx_data_reg[3]/Q}
<CMD> deselectObject Pin {u_uart_top/u_uart_rx/rx_data_reg[3]/D}
<CMD> deselectObject Pin {u_uart_top/u_uart_rx/rx_data_reg[3]/CP}
<CMD> deselectObject Pin {u_uart_top/u_uart_rx/rx_data_reg[3]/CDN}
<CMD> deselectInst {u_uart_top/u_uart_rx/rx_data_reg[1]}
<CMD> deselectObject Pin {u_uart_top/u_uart_rx/rx_data_reg[1]/Q}
<CMD> deselectObject Pin {u_uart_top/u_uart_rx/rx_data_reg[1]/D}
<CMD> deselectObject Pin {u_uart_top/u_uart_rx/rx_data_reg[1]/CP}
<CMD> deselectObject Pin {u_uart_top/u_uart_rx/rx_data_reg[1]/CDN}
<CMD> deselectInst u_uart_top/u_uart_rx/FE_OFC2_rx_data_core_6
<CMD> deselectObject Pin u_uart_top/u_uart_rx/FE_OFC2_rx_data_core_6/Z
<CMD> deselectObject Pin u_uart_top/u_uart_rx/FE_OFC2_rx_data_core_6/I
<CMD> deselectInst u_uart_top/u_uart_rx/FE_OFC4_rx_data_core_4
<CMD> deselectObject Pin u_uart_top/u_uart_rx/FE_OFC4_rx_data_core_4/Z
<CMD> deselectObject Pin u_uart_top/u_uart_rx/FE_OFC4_rx_data_core_4/I
<CMD> deselectInst u_uart_top/u_uart_rx/FE_OFC5_rx_data_core_3
<CMD> deselectObject Pin u_uart_top/u_uart_rx/FE_OFC5_rx_data_core_3/Z
<CMD> deselectObject Pin u_uart_top/u_uart_rx/FE_OFC5_rx_data_core_3/I
<CMD> deselectInst u_uart_top/u_uart_rx/FE_OFC7_rx_data_core_1
<CMD> deselectObject Pin u_uart_top/u_uart_rx/FE_OFC7_rx_data_core_1/Z
<CMD> deselectObject Pin u_uart_top/u_uart_rx/FE_OFC7_rx_data_core_1/I
<CMD> deselectInst u_uart_top/u_uart_rx/FE_OFC8_rx_data_core_0
<CMD> deselectObject Pin u_uart_top/u_uart_rx/FE_OFC8_rx_data_core_0/Z
<CMD> deselectObject Pin u_uart_top/u_uart_rx/FE_OFC8_rx_data_core_0/I
<CMD> deselectInst FE_FILLER_E_0
<CMD> deselectInst FE_FILLER_E_12
<CMD> deselectInst FE_FILLER_E_13
<CMD> deselectInst FE_FILLER_E_14
<CMD> deselectInst FE_FILLER_E_15
<CMD> deselectInst FE_FILLER_E_16
<CMD> deselectInst FE_FILLER_E_17
<CMD> deselectInst {g_tx_data_pads[7].u_pad_tx_data}
<CMD> deselectObject Pin {g_tx_data_pads[7].u_pad_tx_data/CIN}
<CMD> deselectObject Pin {g_tx_data_pads[7].u_pad_tx_data/PAD}
<CMD> deselectInst {g_tx_data_pads[6].u_pad_tx_data}
<CMD> deselectObject Pin {g_tx_data_pads[6].u_pad_tx_data/CIN}
<CMD> deselectObject Pin {g_tx_data_pads[6].u_pad_tx_data/PAD}
<CMD> deselectInst {g_tx_data_pads[5].u_pad_tx_data}
<CMD> deselectObject Pin {g_tx_data_pads[5].u_pad_tx_data/CIN}
<CMD> deselectObject Pin {g_tx_data_pads[5].u_pad_tx_data/PAD}
<CMD> deselectInst u_uart_top/u_uart_tx/FE_OFC9_tx_data_core_7
<CMD> deselectObject Pin u_uart_top/u_uart_tx/FE_OFC9_tx_data_core_7/Z
<CMD> deselectObject Pin u_uart_top/u_uart_tx/FE_OFC9_tx_data_core_7/I
<CMD> deselectInst u_uart_top/u_uart_tx/FE_OFC10_tx_data_core_6
<CMD> deselectObject Pin u_uart_top/u_uart_tx/FE_OFC10_tx_data_core_6/Z
<CMD> deselectObject Pin u_uart_top/u_uart_tx/FE_OFC10_tx_data_core_6/I
<CMD> deselectInst u_uart_top/u_uart_tx/FE_OFC11_tx_data_core_5
<CMD> deselectObject Pin u_uart_top/u_uart_tx/FE_OFC11_tx_data_core_5/Z
<CMD> deselectObject Pin u_uart_top/u_uart_tx/FE_OFC11_tx_data_core_5/I
<CMD> deselectInst u_uart_top/u_uart_tx/FE_OFC12_tx_data_core_4
<CMD> deselectObject Pin u_uart_top/u_uart_tx/FE_OFC12_tx_data_core_4/Z
<CMD> deselectObject Pin u_uart_top/u_uart_tx/FE_OFC12_tx_data_core_4/I
<CMD> deselectInst u_uart_top/u_uart_tx/FE_OFC45_tx_data_core_5
<CMD> deselectObject Pin u_uart_top/u_uart_tx/FE_OFC45_tx_data_core_5/Z
<CMD> deselectObject Pin u_uart_top/u_uart_tx/FE_OFC45_tx_data_core_5/I
<CMD> deselectInst u_uart_top/u_uart_tx/FE_OFC53_tx_data_core_7
<CMD> deselectObject Pin u_uart_top/u_uart_tx/FE_OFC53_tx_data_core_7/Z
<CMD> deselectObject Pin u_uart_top/u_uart_tx/FE_OFC53_tx_data_core_7/I
<CMD> deselectInst FE_FILLER_E_1
<CMD> deselectInst FE_FILLER_E_18
<CMD> deselectInst FE_FILLER_E_19
<CMD> deselectInst FE_FILLER_E_20
<CMD> deselectInst FE_FILLER_E_21
<CMD> deselectInst FE_FILLER_E_22
<CMD> deselectInst FE_FILLER_N_0
<CMD> deselectInst FE_FILLER_N_1
<CMD> deselectInst FE_FILLER_N_12
<CMD> deselectInst FE_FILLER_N_13
<CMD> deselectInst FE_FILLER_N_14
<CMD> deselectInst FE_FILLER_N_15
<CMD> deselectInst FE_FILLER_N_16
<CMD> deselectInst FE_FILLER_N_17
<CMD> deselectInst FE_FILLER_N_18
<CMD> deselectInst FE_FILLER_N_19
<CMD> deselectInst FE_FILLER_N_20
<CMD> deselectInst FE_FILLER_N_21
<CMD> deselectInst FE_FILLER_N_22
<CMD> deselectInst corner_3
<CMD> deselectInst {g_rx_data_pads[7].u_pad_rx_data}
<CMD> deselectObject Pin {g_rx_data_pads[7].u_pad_rx_data/PAD}
<CMD> deselectObject Pin {g_rx_data_pads[7].u_pad_rx_data/I}
<CMD> deselectInst {g_rx_data_pads[6].u_pad_rx_data}
<CMD> deselectObject Pin {g_rx_data_pads[6].u_pad_rx_data/PAD}
<CMD> deselectObject Pin {g_rx_data_pads[6].u_pad_rx_data/I}
<CMD> deselectInst {g_rx_data_pads[5].u_pad_rx_data}
<CMD> deselectObject Pin {g_rx_data_pads[5].u_pad_rx_data/PAD}
<CMD> deselectObject Pin {g_rx_data_pads[5].u_pad_rx_data/I}
<CMD> deselectInst FE_OFC1_rx_data_core_7
<CMD> deselectObject Pin FE_OFC1_rx_data_core_7/Z
<CMD> deselectObject Pin FE_OFC1_rx_data_core_7/I
<CMD> deselectWire 299.8400 954.3000 965.1200 955.7800 1 VSS_CORE
<CMD> deselectWire 299.8400 943.1000 965.1200 944.5800 1 VSS_CORE
<CMD> deselectWire 299.8400 931.9000 965.1200 933.3800 1 VSS_CORE
<CMD> deselectWire 299.8400 920.7000 965.1200 922.1800 1 VSS_CORE
<CMD> deselectWire 299.8400 909.5000 965.1200 910.9800 1 VSS_CORE
<CMD> deselectWire 299.8400 898.3000 965.1200 899.7800 1 VSS_CORE
<CMD> deselectWire 299.8400 887.1000 965.1200 888.5800 1 VSS_CORE
<CMD> deselectWire 299.8400 875.9000 965.1200 877.3800 1 VSS_CORE
<CMD> deselectWire 299.8400 864.7000 965.1200 866.1800 1 VSS_CORE
<CMD> deselectWire 299.8400 853.5000 965.1200 854.9800 1 VSS_CORE
<CMD> deselectWire 299.8400 842.3000 965.1200 843.7800 1 VSS_CORE
<CMD> deselectWire 299.8400 831.1000 965.1200 832.5800 1 VSS_CORE
<CMD> deselectWire 299.8400 819.9000 965.1200 821.3800 1 VSS_CORE
<CMD> deselectWire 299.8400 808.7000 965.1200 810.1800 1 VSS_CORE
<CMD> deselectWire 299.8400 797.5000 965.1200 798.9800 1 VSS_CORE
<CMD> deselectWire 299.8400 786.3000 965.1200 787.7800 1 VSS_CORE
<CMD> deselectWire 299.8400 775.1000 965.1200 776.5800 1 VSS_CORE
<CMD> deselectWire 299.8400 763.9000 965.1200 765.3800 1 VSS_CORE
<CMD> deselectWire 299.8400 752.7000 965.1200 754.1800 1 VSS_CORE
<CMD> deselectWire 299.8400 741.5000 965.1200 742.9800 1 VSS_CORE
<CMD> deselectWire 299.8400 730.3000 965.1200 731.7800 1 VSS_CORE
<CMD> deselectWire 299.8400 719.1000 965.1200 720.5800 1 VSS_CORE
<CMD> deselectWire 299.8400 707.9000 965.1200 709.3800 1 VSS_CORE
<CMD> deselectWire 299.8400 696.7000 965.1200 698.1800 1 VSS_CORE
<CMD> deselectWire 299.8400 685.5000 965.1200 686.9800 1 VSS_CORE
<CMD> deselectWire 299.8400 674.3000 965.1200 675.7800 1 VSS_CORE
<CMD> deselectWire 299.8400 663.1000 965.1200 664.5800 1 VSS_CORE
<CMD> deselectWire 299.8400 651.9000 965.1200 653.3800 1 VSS_CORE
<CMD> deselectWire 299.8400 640.7000 965.1200 642.1800 1 VSS_CORE
<CMD> deselectWire 299.8400 629.5000 965.1200 630.9800 1 VSS_CORE
<CMD> deselectWire 299.8400 618.3000 965.1200 619.7800 1 VSS_CORE
<CMD> deselectWire 299.8400 607.1000 965.1200 608.5800 1 VSS_CORE
<CMD> deselectWire 299.8400 595.9000 965.1200 597.3800 1 VSS_CORE
<CMD> deselectWire 299.8400 584.7000 965.1200 586.1800 1 VSS_CORE
<CMD> deselectWire 299.8400 573.5000 965.1200 574.9800 1 VSS_CORE
<CMD> deselectWire 299.8400 562.3000 965.1200 563.7800 1 VSS_CORE
<CMD> deselectWire 299.8400 551.1000 965.1200 552.5800 1 VSS_CORE
<CMD> deselectWire 299.8400 539.9000 965.1200 541.3800 1 VSS_CORE
<CMD> deselectWire 299.8400 528.7000 965.1200 530.1800 1 VSS_CORE
<CMD> deselectWire 299.8400 517.5000 965.1200 518.9800 1 VSS_CORE
<CMD> deselectWire 299.8400 506.3000 965.1200 507.7800 1 VSS_CORE
<CMD> deselectWire 299.8400 495.1000 965.1200 496.5800 1 VSS_CORE
<CMD> deselectWire 299.8400 483.9000 965.1200 485.3800 1 VSS_CORE
<CMD> deselectWire 299.8400 472.7000 965.1200 474.1800 1 VSS_CORE
<CMD> deselectWire 299.8400 461.5000 965.1200 462.9800 1 VSS_CORE
<CMD> deselectWire 299.8400 450.3000 965.1200 451.7800 1 VSS_CORE
<CMD> deselectWire 299.8400 439.1000 965.1200 440.5800 1 VSS_CORE
<CMD> deselectWire 299.8400 427.9000 965.1200 429.3800 1 VSS_CORE
<CMD> deselectWire 299.8400 416.7000 965.1200 418.1800 1 VSS_CORE
<CMD> deselectWire 299.8400 405.5000 965.1200 406.9800 1 VSS_CORE
<CMD> deselectWire 299.8400 394.3000 965.1200 395.7800 1 VSS_CORE
<CMD> deselectWire 299.8400 383.1000 965.1200 384.5800 1 VSS_CORE
<CMD> deselectWire 299.8400 371.9000 965.1200 373.3800 1 VSS_CORE
<CMD> deselectWire 299.8400 360.7000 965.1200 362.1800 1 VSS_CORE
<CMD> deselectWire 299.8400 349.5000 965.1200 350.9800 1 VSS_CORE
<CMD> deselectWire 299.8400 338.3000 965.1200 339.7800 1 VSS_CORE
<CMD> deselectWire 299.8400 327.1000 965.1200 328.5800 1 VSS_CORE
<CMD> deselectWire 299.8400 315.9000 965.1200 317.3800 1 VSS_CORE
<CMD> deselectWire 262.9200 707.9000 299.8400 709.3800 1 VSS_CORE
<CMD> deselectWire 262.9200 696.7000 299.8400 698.1800 1 VSS_CORE
<CMD> deselectWire 262.9200 685.5000 299.8400 686.9800 1 VSS_CORE
<CMD> deselectWire 262.9200 674.3000 299.8400 675.7800 1 VSS_CORE
<CMD> deselectWire 262.9200 663.1000 299.8400 664.5800 1 VSS_CORE
<CMD> deselectWire 262.9200 651.9000 299.8400 653.3800 1 VSS_CORE
<CMD> deselectWire 262.9200 640.7000 299.8400 642.1800 1 VSS_CORE
<CMD> deselectWire 262.9200 629.5000 299.8400 630.9800 1 VSS_CORE
<CMD> deselectWire 262.9200 618.3000 299.8400 619.7800 1 VSS_CORE
<CMD> deselectWire 262.9200 607.1000 299.8400 608.5800 1 VSS_CORE
<CMD> deselectWire 262.9200 595.9000 299.8400 597.3800 1 VSS_CORE
<CMD> deselectWire 262.9200 584.7000 299.8400 586.1800 1 VSS_CORE
<CMD> deselectWire 262.9200 573.5000 299.8400 574.9800 1 VSS_CORE
<CMD> deselectWire 262.9200 562.3000 299.8400 563.7800 1 VSS_CORE
<CMD> deselectWire 262.9200 551.1000 299.8400 552.5800 1 VSS_CORE
<CMD> deselectWire 262.9200 539.9000 299.8400 541.3800 1 VSS_CORE
<CMD> deselectWire 262.9200 528.7000 299.8400 530.1800 1 VSS_CORE
<CMD> deselectWire 262.9200 517.5000 299.8400 518.9800 1 VSS_CORE
<CMD> deselectWire 262.9200 506.3000 299.8400 507.7800 1 VSS_CORE
<CMD> deselectWire 262.9200 495.1000 299.8400 496.5800 1 VSS_CORE
<CMD> deselectWire 262.9200 483.9000 299.8400 485.3800 1 VSS_CORE
<CMD> deselectWire 262.9200 472.7000 299.8400 474.1800 1 VSS_CORE
<CMD> deselectWire 262.9200 461.5000 299.8400 462.9800 1 VSS_CORE
<CMD> deselectWire 262.9200 450.3000 299.8400 451.7800 1 VSS_CORE
<CMD> deselectWire 262.9200 439.1000 299.8400 440.5800 1 VSS_CORE
<CMD> deselectWire 262.9200 427.9000 299.8400 429.3800 1 VSS_CORE
<CMD> deselectWire 262.9200 416.7000 299.8400 418.1800 1 VSS_CORE
<CMD> deselectWire 262.9200 405.5000 299.8400 406.9800 1 VSS_CORE
<CMD> deselectWire 262.9200 394.3000 299.8400 395.7800 1 VSS_CORE
<CMD> deselectWire 262.9200 383.1000 299.8400 384.5800 1 VSS_CORE
<CMD> deselectWire 262.9200 371.9000 299.8400 373.3800 1 VSS_CORE
<CMD> deselectWire 262.9200 360.7000 299.8400 362.1800 1 VSS_CORE
<CMD> deselectWire 262.9200 349.5000 299.8400 350.9800 1 VSS_CORE
<CMD> deselectWire 262.9200 338.3000 299.8400 339.7800 1 VSS_CORE
<CMD> deselectWire 262.9200 327.1000 299.8400 328.5800 1 VSS_CORE
<CMD> deselectWire 262.9200 315.9000 299.8400 317.3800 1 VSS_CORE
<CMD> deselectWire 262.9200 954.3000 299.8400 955.7800 1 VSS_CORE
<CMD> deselectWire 262.9200 943.1000 299.8400 944.5800 1 VSS_CORE
<CMD> deselectWire 262.9200 931.9000 299.8400 933.3800 1 VSS_CORE
<CMD> deselectWire 262.9200 920.7000 299.8400 922.1800 1 VSS_CORE
<CMD> deselectWire 262.9200 909.5000 299.8400 910.9800 1 VSS_CORE
<CMD> deselectWire 262.9200 898.3000 299.8400 899.7800 1 VSS_CORE
<CMD> deselectWire 262.9200 887.1000 299.8400 888.5800 1 VSS_CORE
<CMD> deselectWire 262.9200 875.9000 299.8400 877.3800 1 VSS_CORE
<CMD> deselectWire 262.9200 864.7000 299.8400 866.1800 1 VSS_CORE
<CMD> deselectWire 262.9200 853.5000 299.8400 854.9800 1 VSS_CORE
<CMD> deselectWire 262.9200 842.3000 299.8400 843.7800 1 VSS_CORE
<CMD> deselectWire 262.9200 831.1000 299.8400 832.5800 1 VSS_CORE
<CMD> deselectWire 262.9200 819.9000 299.8400 821.3800 1 VSS_CORE
<CMD> deselectWire 262.9200 808.7000 299.8400 810.1800 1 VSS_CORE
<CMD> deselectWire 262.9200 797.5000 299.8400 798.9800 1 VSS_CORE
<CMD> deselectWire 262.9200 786.3000 299.8400 787.7800 1 VSS_CORE
<CMD> deselectWire 262.9200 775.1000 299.8400 776.5800 1 VSS_CORE
<CMD> deselectWire 262.9200 763.9000 299.8400 765.3800 1 VSS_CORE
<CMD> deselectWire 262.9200 752.7000 299.8400 754.1800 1 VSS_CORE
<CMD> deselectWire 965.1200 954.3000 1002.0600 955.7800 1 VSS_CORE
<CMD> deselectWire 965.1200 943.1000 1002.0600 944.5800 1 VSS_CORE
<CMD> deselectWire 965.1200 931.9000 1002.0600 933.3800 1 VSS_CORE
<CMD> deselectWire 965.1200 920.7000 1002.0600 922.1800 1 VSS_CORE
<CMD> deselectWire 965.1200 909.5000 1002.0600 910.9800 1 VSS_CORE
<CMD> deselectWire 965.1200 898.3000 1002.0600 899.7800 1 VSS_CORE
<CMD> deselectWire 965.1200 887.1000 1002.0600 888.5800 1 VSS_CORE
<CMD> deselectWire 965.1200 875.9000 1002.0600 877.3800 1 VSS_CORE
<CMD> deselectWire 965.1200 864.7000 1002.0600 866.1800 1 VSS_CORE
<CMD> deselectWire 965.1200 853.5000 1002.0600 854.9800 1 VSS_CORE
<CMD> deselectWire 965.1200 842.3000 1002.0600 843.7800 1 VSS_CORE
<CMD> deselectWire 965.1200 831.1000 1002.0600 832.5800 1 VSS_CORE
<CMD> deselectWire 965.1200 819.9000 1002.0600 821.3800 1 VSS_CORE
<CMD> deselectWire 965.1200 808.7000 1002.0600 810.1800 1 VSS_CORE
<CMD> deselectWire 965.1200 797.5000 1002.0600 798.9800 1 VSS_CORE
<CMD> deselectWire 965.1200 786.3000 1002.0600 787.7800 1 VSS_CORE
<CMD> deselectWire 965.1200 775.1000 1002.0600 776.5800 1 VSS_CORE
<CMD> deselectWire 965.1200 763.9000 1002.0600 765.3800 1 VSS_CORE
<CMD> deselectWire 965.1200 752.7000 1002.0600 754.1800 1 VSS_CORE
<CMD> deselectWire 965.1200 741.5000 1002.0600 742.9800 1 VSS_CORE
<CMD> deselectWire 965.1200 730.3000 1002.0600 731.7800 1 VSS_CORE
<CMD> deselectWire 965.1200 719.1000 1002.0600 720.5800 1 VSS_CORE
<CMD> deselectWire 965.1200 707.9000 1002.0600 709.3800 1 VSS_CORE
<CMD> deselectWire 965.1200 696.7000 1002.0600 698.1800 1 VSS_CORE
<CMD> deselectWire 965.1200 685.5000 1002.0600 686.9800 1 VSS_CORE
<CMD> deselectWire 965.1200 674.3000 1002.0600 675.7800 1 VSS_CORE
<CMD> deselectWire 965.1200 663.1000 1002.0600 664.5800 1 VSS_CORE
<CMD> deselectWire 965.1200 651.9000 1002.0600 653.3800 1 VSS_CORE
<CMD> deselectWire 965.1200 640.7000 1002.0600 642.1800 1 VSS_CORE
<CMD> deselectWire 965.1200 629.5000 1002.0600 630.9800 1 VSS_CORE
<CMD> deselectWire 965.1200 618.3000 1002.0600 619.7800 1 VSS_CORE
<CMD> deselectWire 965.1200 607.1000 1002.0600 608.5800 1 VSS_CORE
<CMD> deselectWire 965.1200 595.9000 1002.0600 597.3800 1 VSS_CORE
<CMD> deselectWire 965.1200 584.7000 1002.0600 586.1800 1 VSS_CORE
<CMD> deselectWire 965.1200 573.5000 1002.0600 574.9800 1 VSS_CORE
<CMD> deselectWire 965.1200 562.3000 1002.0600 563.7800 1 VSS_CORE
<CMD> deselectWire 965.1200 551.1000 1002.0600 552.5800 1 VSS_CORE
<CMD> deselectWire 965.1200 539.9000 1002.0600 541.3800 1 VSS_CORE
<CMD> deselectWire 965.1200 528.7000 1002.0600 530.1800 1 VSS_CORE
<CMD> deselectWire 965.1200 517.5000 1002.0600 518.9800 1 VSS_CORE
<CMD> deselectWire 965.1200 506.3000 1002.0600 507.7800 1 VSS_CORE
<CMD> deselectWire 965.1200 495.1000 1002.0600 496.5800 1 VSS_CORE
<CMD> deselectWire 965.1200 483.9000 1002.0600 485.3800 1 VSS_CORE
<CMD> deselectWire 965.1200 472.7000 1002.0600 474.1800 1 VSS_CORE
<CMD> deselectWire 965.1200 461.5000 1002.0600 462.9800 1 VSS_CORE
<CMD> deselectWire 965.1200 450.3000 1002.0600 451.7800 1 VSS_CORE
<CMD> deselectWire 965.1200 439.1000 1002.0600 440.5800 1 VSS_CORE
<CMD> deselectWire 965.1200 427.9000 1002.0600 429.3800 1 VSS_CORE
<CMD> deselectWire 965.1200 416.7000 1002.0600 418.1800 1 VSS_CORE
<CMD> deselectWire 965.1200 405.5000 1002.0600 406.9800 1 VSS_CORE
<CMD> deselectWire 965.1200 394.3000 1002.0600 395.7800 1 VSS_CORE
<CMD> deselectWire 965.1200 383.1000 1002.0600 384.5800 1 VSS_CORE
<CMD> deselectWire 965.1200 371.9000 1002.0600 373.3800 1 VSS_CORE
<CMD> deselectWire 965.1200 360.7000 1002.0600 362.1800 1 VSS_CORE
<CMD> deselectWire 965.1200 349.5000 1002.0600 350.9800 1 VSS_CORE
<CMD> deselectWire 965.1200 338.3000 1002.0600 339.7800 1 VSS_CORE
<CMD> deselectWire 965.1200 327.1000 1002.0600 328.5800 1 VSS_CORE
<CMD> deselectWire 965.1200 315.9000 1002.0600 317.3800 1 VSS_CORE
<CMD> deselectVia 994.0600 954.3000 1002.0600 955.7800 2 VSS_CORE
<CMD> deselectVia 994.0600 943.1000 1002.0600 944.5800 2 VSS_CORE
<CMD> deselectVia 994.0600 931.9000 1002.0600 933.3800 2 VSS_CORE
<CMD> deselectVia 994.0600 920.7000 1002.0600 922.1800 2 VSS_CORE
<CMD> deselectVia 994.0600 909.5000 1002.0600 910.9800 2 VSS_CORE
<CMD> deselectVia 994.0600 898.3000 1002.0600 899.7800 2 VSS_CORE
<CMD> deselectVia 994.0600 887.1000 1002.0600 888.5800 2 VSS_CORE
<CMD> deselectVia 994.0600 875.9000 1002.0600 877.3800 2 VSS_CORE
<CMD> deselectVia 994.0600 864.7000 1002.0600 866.1800 2 VSS_CORE
<CMD> deselectVia 994.0600 853.5000 1002.0600 854.9800 2 VSS_CORE
<CMD> deselectVia 994.0600 842.3000 1002.0600 843.7800 2 VSS_CORE
<CMD> deselectVia 994.0600 831.1000 1002.0600 832.5800 2 VSS_CORE
<CMD> deselectVia 994.0600 819.9000 1002.0600 821.3800 2 VSS_CORE
<CMD> deselectVia 994.0600 808.7000 1002.0600 810.1800 2 VSS_CORE
<CMD> deselectVia 994.0600 797.5000 1002.0600 798.9800 2 VSS_CORE
<CMD> deselectVia 994.0600 786.3000 1002.0600 787.7800 2 VSS_CORE
<CMD> deselectVia 994.0600 775.1000 1002.0600 776.5800 2 VSS_CORE
<CMD> deselectVia 994.0600 763.9000 1002.0600 765.3800 2 VSS_CORE
<CMD> deselectVia 994.0600 752.7000 1002.0600 754.1800 2 VSS_CORE
<CMD> deselectVia 994.0600 741.5000 1002.0600 742.9800 2 VSS_CORE
<CMD> deselectVia 994.0600 730.3000 1002.0600 731.7800 2 VSS_CORE
<CMD> deselectVia 994.0600 719.1000 1002.0600 720.5800 2 VSS_CORE
<CMD> deselectVia 994.0600 707.9000 1002.0600 709.3800 2 VSS_CORE
<CMD> deselectVia 994.0600 696.7000 1002.0600 698.1800 2 VSS_CORE
<CMD> deselectVia 994.0600 685.5000 1002.0600 686.9800 2 VSS_CORE
<CMD> deselectVia 994.0600 674.3000 1002.0600 675.7800 2 VSS_CORE
<CMD> deselectVia 994.0600 663.1000 1002.0600 664.5800 2 VSS_CORE
<CMD> deselectVia 994.0600 651.9000 1002.0600 653.3800 2 VSS_CORE
<CMD> deselectVia 994.0600 640.7000 1002.0600 642.1800 2 VSS_CORE
<CMD> deselectVia 994.0600 629.5000 1002.0600 630.9800 2 VSS_CORE
<CMD> deselectVia 994.0600 618.3000 1002.0600 619.7800 2 VSS_CORE
<CMD> deselectVia 994.0600 607.1000 1002.0600 608.5800 2 VSS_CORE
<CMD> deselectVia 994.0600 595.9000 1002.0600 597.3800 2 VSS_CORE
<CMD> deselectVia 994.0600 584.7000 1002.0600 586.1800 2 VSS_CORE
<CMD> deselectVia 994.0600 573.5000 1002.0600 574.9800 2 VSS_CORE
<CMD> deselectVia 994.0600 562.3000 1002.0600 563.7800 2 VSS_CORE
<CMD> deselectVia 994.0600 551.1000 1002.0600 552.5800 2 VSS_CORE
<CMD> deselectVia 994.0600 539.9000 1002.0600 541.3800 2 VSS_CORE
<CMD> deselectVia 994.0600 528.7000 1002.0600 530.1800 2 VSS_CORE
<CMD> deselectVia 994.0600 517.5000 1002.0600 518.9800 2 VSS_CORE
<CMD> deselectVia 994.0600 506.3000 1002.0600 507.7800 2 VSS_CORE
<CMD> deselectVia 994.0600 495.1000 1002.0600 496.5800 2 VSS_CORE
<CMD> deselectVia 994.0600 483.9000 1002.0600 485.3800 2 VSS_CORE
<CMD> deselectVia 994.0600 472.7000 1002.0600 474.1800 2 VSS_CORE
<CMD> deselectVia 994.0600 461.5000 1002.0600 462.9800 2 VSS_CORE
<CMD> deselectVia 994.0600 450.3000 1002.0600 451.7800 2 VSS_CORE
<CMD> deselectVia 994.0600 439.1000 1002.0600 440.5800 2 VSS_CORE
<CMD> deselectVia 994.0600 427.9000 1002.0600 429.3800 2 VSS_CORE
<CMD> deselectVia 994.0600 416.7000 1002.0600 418.1800 2 VSS_CORE
<CMD> deselectVia 994.0600 405.5000 1002.0600 406.9800 2 VSS_CORE
<CMD> deselectVia 994.0600 394.3000 1002.0600 395.7800 2 VSS_CORE
<CMD> deselectVia 994.0600 383.1000 1002.0600 384.5800 2 VSS_CORE
<CMD> deselectVia 994.0600 371.9000 1002.0600 373.3800 2 VSS_CORE
<CMD> deselectVia 994.0600 360.7000 1002.0600 362.1800 2 VSS_CORE
<CMD> deselectVia 994.0600 349.5000 1002.0600 350.9800 2 VSS_CORE
<CMD> deselectVia 994.0600 338.3000 1002.0600 339.7800 2 VSS_CORE
<CMD> deselectVia 994.0600 327.1000 1002.0600 328.5800 2 VSS_CORE
<CMD> deselectVia 994.0600 315.9000 1002.0600 317.3800 2 VSS_CORE
<CMD> deselectVia 994.0600 304.7000 1002.0600 306.1800 2 VSS_CORE
<CMD> deselectVia 262.9200 707.9000 270.9200 709.3800 2 VSS_CORE
<CMD> deselectVia 262.9200 696.7000 270.9200 698.1800 2 VSS_CORE
<CMD> deselectVia 262.9200 685.5000 270.9200 686.9800 2 VSS_CORE
<CMD> deselectVia 262.9200 674.3000 270.9200 675.7800 2 VSS_CORE
<CMD> deselectVia 262.9200 663.1000 270.9200 664.5800 2 VSS_CORE
<CMD> deselectVia 262.9200 651.9000 270.9200 653.3800 2 VSS_CORE
<CMD> deselectVia 262.9200 640.7000 270.9200 642.1800 2 VSS_CORE
<CMD> deselectVia 262.9200 629.5000 270.9200 630.9800 2 VSS_CORE
<CMD> deselectVia 262.9200 618.3000 270.9200 619.7800 2 VSS_CORE
<CMD> deselectVia 262.9200 607.1000 270.9200 608.5800 2 VSS_CORE
<CMD> deselectVia 262.9200 595.9000 270.9200 597.3800 2 VSS_CORE
<CMD> deselectVia 262.9200 584.7000 270.9200 586.1800 2 VSS_CORE
<CMD> deselectVia 262.9200 573.5000 270.9200 574.9800 2 VSS_CORE
<CMD> deselectVia 262.9200 562.3000 270.9200 563.7800 2 VSS_CORE
<CMD> deselectVia 262.9200 551.1000 270.9200 552.5800 2 VSS_CORE
<CMD> deselectVia 262.9200 539.9000 270.9200 541.3800 2 VSS_CORE
<CMD> deselectVia 262.9200 528.7000 270.9200 530.1800 2 VSS_CORE
<CMD> deselectVia 262.9200 517.5000 270.9200 518.9800 2 VSS_CORE
<CMD> deselectVia 262.9200 506.3000 270.9200 507.7800 2 VSS_CORE
<CMD> deselectVia 262.9200 495.1000 270.9200 496.5800 2 VSS_CORE
<CMD> deselectVia 262.9200 483.9000 270.9200 485.3800 2 VSS_CORE
<CMD> deselectVia 262.9200 472.7000 270.9200 474.1800 2 VSS_CORE
<CMD> deselectVia 262.9200 461.5000 270.9200 462.9800 2 VSS_CORE
<CMD> deselectVia 262.9200 450.3000 270.9200 451.7800 2 VSS_CORE
<CMD> deselectVia 262.9200 439.1000 270.9200 440.5800 2 VSS_CORE
<CMD> deselectVia 262.9200 427.9000 270.9200 429.3800 2 VSS_CORE
<CMD> deselectVia 262.9200 416.7000 270.9200 418.1800 2 VSS_CORE
<CMD> deselectVia 262.9200 405.5000 270.9200 406.9800 2 VSS_CORE
<CMD> deselectVia 262.9200 394.3000 270.9200 395.7800 2 VSS_CORE
<CMD> deselectVia 262.9200 383.1000 270.9200 384.5800 2 VSS_CORE
<CMD> deselectVia 262.9200 371.9000 270.9200 373.3800 2 VSS_CORE
<CMD> deselectVia 262.9200 360.7000 270.9200 362.1800 2 VSS_CORE
<CMD> deselectVia 262.9200 349.5000 270.9200 350.9800 2 VSS_CORE
<CMD> deselectVia 262.9200 338.3000 270.9200 339.7800 2 VSS_CORE
<CMD> deselectVia 262.9200 327.1000 270.9200 328.5800 2 VSS_CORE
<CMD> deselectVia 262.9200 315.9000 270.9200 317.3800 2 VSS_CORE
<CMD> deselectVia 262.9200 954.3000 270.9200 955.7800 2 VSS_CORE
<CMD> deselectVia 262.9200 943.1000 270.9200 944.5800 2 VSS_CORE
<CMD> deselectVia 262.9200 931.9000 270.9200 933.3800 2 VSS_CORE
<CMD> deselectVia 262.9200 920.7000 270.9200 922.1800 2 VSS_CORE
<CMD> deselectVia 262.9200 909.5000 270.9200 910.9800 2 VSS_CORE
<CMD> deselectVia 262.9200 898.3000 270.9200 899.7800 2 VSS_CORE
<CMD> deselectVia 262.9200 887.1000 270.9200 888.5800 2 VSS_CORE
<CMD> deselectVia 262.9200 875.9000 270.9200 877.3800 2 VSS_CORE
<CMD> deselectVia 262.9200 864.7000 270.9200 866.1800 2 VSS_CORE
<CMD> deselectVia 262.9200 853.5000 270.9200 854.9800 2 VSS_CORE
<CMD> deselectVia 262.9200 842.3000 270.9200 843.7800 2 VSS_CORE
<CMD> deselectVia 262.9200 831.1000 270.9200 832.5800 2 VSS_CORE
<CMD> deselectVia 262.9200 819.9000 270.9200 821.3800 2 VSS_CORE
<CMD> deselectVia 262.9200 808.7000 270.9200 810.1800 2 VSS_CORE
<CMD> deselectVia 262.9200 797.5000 270.9200 798.9800 2 VSS_CORE
<CMD> deselectVia 262.9200 786.3000 270.9200 787.7800 2 VSS_CORE
<CMD> deselectVia 262.9200 775.1000 270.9200 776.5800 2 VSS_CORE
<CMD> deselectVia 262.9200 763.9000 270.9200 765.3800 2 VSS_CORE
<CMD> deselectVia 994.0600 954.3000 1002.0600 955.7800 3 VSS_CORE
<CMD> deselectVia 994.0600 943.1000 1002.0600 944.5800 3 VSS_CORE
<CMD> deselectVia 994.0600 931.9000 1002.0600 933.3800 3 VSS_CORE
<CMD> deselectVia 994.0600 920.7000 1002.0600 922.1800 3 VSS_CORE
<CMD> deselectVia 994.0600 909.5000 1002.0600 910.9800 3 VSS_CORE
<CMD> deselectVia 994.0600 898.3000 1002.0600 899.7800 3 VSS_CORE
<CMD> deselectVia 994.0600 887.1000 1002.0600 888.5800 3 VSS_CORE
<CMD> deselectVia 994.0600 875.9000 1002.0600 877.3800 3 VSS_CORE
<CMD> deselectVia 994.0600 864.7000 1002.0600 866.1800 3 VSS_CORE
<CMD> deselectVia 994.0600 853.5000 1002.0600 854.9800 3 VSS_CORE
<CMD> deselectVia 994.0600 842.3000 1002.0600 843.7800 3 VSS_CORE
<CMD> deselectVia 994.0600 831.1000 1002.0600 832.5800 3 VSS_CORE
<CMD> deselectVia 994.0600 819.9000 1002.0600 821.3800 3 VSS_CORE
<CMD> deselectVia 994.0600 808.7000 1002.0600 810.1800 3 VSS_CORE
<CMD> deselectVia 994.0600 797.5000 1002.0600 798.9800 3 VSS_CORE
<CMD> deselectVia 994.0600 786.3000 1002.0600 787.7800 3 VSS_CORE
<CMD> deselectVia 994.0600 775.1000 1002.0600 776.5800 3 VSS_CORE
<CMD> deselectVia 994.0600 763.9000 1002.0600 765.3800 3 VSS_CORE
<CMD> deselectVia 994.0600 752.7000 1002.0600 754.1800 3 VSS_CORE
<CMD> deselectVia 994.0600 741.5000 1002.0600 742.9800 3 VSS_CORE
<CMD> deselectVia 994.0600 730.3000 1002.0600 731.7800 3 VSS_CORE
<CMD> deselectVia 994.0600 719.1000 1002.0600 720.5800 3 VSS_CORE
<CMD> deselectVia 994.0600 707.9000 1002.0600 709.3800 3 VSS_CORE
<CMD> deselectVia 994.0600 696.7000 1002.0600 698.1800 3 VSS_CORE
<CMD> deselectVia 994.0600 685.5000 1002.0600 686.9800 3 VSS_CORE
<CMD> deselectVia 994.0600 674.3000 1002.0600 675.7800 3 VSS_CORE
<CMD> deselectVia 994.0600 663.1000 1002.0600 664.5800 3 VSS_CORE
<CMD> deselectVia 994.0600 651.9000 1002.0600 653.3800 3 VSS_CORE
<CMD> deselectVia 994.0600 640.7000 1002.0600 642.1800 3 VSS_CORE
<CMD> deselectVia 994.0600 629.5000 1002.0600 630.9800 3 VSS_CORE
<CMD> deselectVia 994.0600 618.3000 1002.0600 619.7800 3 VSS_CORE
<CMD> deselectVia 994.0600 607.1000 1002.0600 608.5800 3 VSS_CORE
<CMD> deselectVia 994.0600 595.9000 1002.0600 597.3800 3 VSS_CORE
<CMD> deselectVia 994.0600 584.7000 1002.0600 586.1800 3 VSS_CORE
<CMD> deselectVia 994.0600 573.5000 1002.0600 574.9800 3 VSS_CORE
<CMD> deselectVia 994.0600 562.3000 1002.0600 563.7800 3 VSS_CORE
<CMD> deselectVia 994.0600 551.1000 1002.0600 552.5800 3 VSS_CORE
<CMD> deselectVia 994.0600 539.9000 1002.0600 541.3800 3 VSS_CORE
<CMD> deselectVia 994.0600 528.7000 1002.0600 530.1800 3 VSS_CORE
<CMD> deselectVia 994.0600 517.5000 1002.0600 518.9800 3 VSS_CORE
<CMD> deselectVia 994.0600 506.3000 1002.0600 507.7800 3 VSS_CORE
<CMD> deselectVia 994.0600 495.1000 1002.0600 496.5800 3 VSS_CORE
<CMD> deselectVia 994.0600 483.9000 1002.0600 485.3800 3 VSS_CORE
<CMD> deselectVia 994.0600 472.7000 1002.0600 474.1800 3 VSS_CORE
<CMD> deselectVia 994.0600 461.5000 1002.0600 462.9800 3 VSS_CORE
<CMD> deselectVia 994.0600 450.3000 1002.0600 451.7800 3 VSS_CORE
<CMD> deselectVia 994.0600 439.1000 1002.0600 440.5800 3 VSS_CORE
<CMD> deselectVia 994.0600 427.9000 1002.0600 429.3800 3 VSS_CORE
<CMD> deselectVia 994.0600 416.7000 1002.0600 418.1800 3 VSS_CORE
<CMD> deselectVia 994.0600 405.5000 1002.0600 406.9800 3 VSS_CORE
<CMD> deselectVia 994.0600 394.3000 1002.0600 395.7800 3 VSS_CORE
<CMD> deselectVia 994.0600 383.1000 1002.0600 384.5800 3 VSS_CORE
<CMD> deselectVia 994.0600 371.9000 1002.0600 373.3800 3 VSS_CORE
<CMD> deselectVia 994.0600 360.7000 1002.0600 362.1800 3 VSS_CORE
<CMD> deselectVia 994.0600 349.5000 1002.0600 350.9800 3 VSS_CORE
<CMD> deselectVia 994.0600 338.3000 1002.0600 339.7800 3 VSS_CORE
<CMD> deselectVia 994.0600 327.1000 1002.0600 328.5800 3 VSS_CORE
<CMD> deselectVia 994.0600 315.9000 1002.0600 317.3800 3 VSS_CORE
<CMD> deselectVia 994.0600 304.7000 1002.0600 306.1800 3 VSS_CORE
<CMD> deselectVia 262.9200 707.9000 270.9200 709.3800 3 VSS_CORE
<CMD> deselectVia 262.9200 696.7000 270.9200 698.1800 3 VSS_CORE
<CMD> deselectVia 262.9200 685.5000 270.9200 686.9800 3 VSS_CORE
<CMD> deselectVia 262.9200 674.3000 270.9200 675.7800 3 VSS_CORE
<CMD> deselectVia 262.9200 663.1000 270.9200 664.5800 3 VSS_CORE
<CMD> deselectVia 262.9200 651.9000 270.9200 653.3800 3 VSS_CORE
<CMD> deselectVia 262.9200 640.7000 270.9200 642.1800 3 VSS_CORE
<CMD> deselectVia 262.9200 629.5000 270.9200 630.9800 3 VSS_CORE
<CMD> deselectVia 262.9200 618.3000 270.9200 619.7800 3 VSS_CORE
<CMD> deselectVia 262.9200 607.1000 270.9200 608.5800 3 VSS_CORE
<CMD> deselectVia 262.9200 595.9000 270.9200 597.3800 3 VSS_CORE
<CMD> deselectVia 262.9200 584.7000 270.9200 586.1800 3 VSS_CORE
<CMD> deselectVia 262.9200 573.5000 270.9200 574.9800 3 VSS_CORE
<CMD> deselectVia 262.9200 562.3000 270.9200 563.7800 3 VSS_CORE
<CMD> deselectVia 262.9200 551.1000 270.9200 552.5800 3 VSS_CORE
<CMD> deselectVia 262.9200 539.9000 270.9200 541.3800 3 VSS_CORE
<CMD> deselectVia 262.9200 528.7000 270.9200 530.1800 3 VSS_CORE
<CMD> deselectVia 262.9200 517.5000 270.9200 518.9800 3 VSS_CORE
<CMD> deselectVia 262.9200 506.3000 270.9200 507.7800 3 VSS_CORE
<CMD> deselectVia 262.9200 495.1000 270.9200 496.5800 3 VSS_CORE
<CMD> deselectVia 262.9200 483.9000 270.9200 485.3800 3 VSS_CORE
<CMD> deselectVia 262.9200 472.7000 270.9200 474.1800 3 VSS_CORE
<CMD> deselectVia 262.9200 461.5000 270.9200 462.9800 3 VSS_CORE
<CMD> deselectVia 262.9200 450.3000 270.9200 451.7800 3 VSS_CORE
<CMD> deselectVia 262.9200 439.1000 270.9200 440.5800 3 VSS_CORE
<CMD> deselectVia 262.9200 427.9000 270.9200 429.3800 3 VSS_CORE
<CMD> deselectVia 262.9200 416.7000 270.9200 418.1800 3 VSS_CORE
<CMD> deselectVia 262.9200 405.5000 270.9200 406.9800 3 VSS_CORE
<CMD> deselectVia 262.9200 394.3000 270.9200 395.7800 3 VSS_CORE
<CMD> deselectVia 262.9200 383.1000 270.9200 384.5800 3 VSS_CORE
<CMD> deselectVia 262.9200 371.9000 270.9200 373.3800 3 VSS_CORE
<CMD> deselectVia 262.9200 360.7000 270.9200 362.1800 3 VSS_CORE
<CMD> deselectVia 262.9200 349.5000 270.9200 350.9800 3 VSS_CORE
<CMD> deselectVia 262.9200 338.3000 270.9200 339.7800 3 VSS_CORE
<CMD> deselectVia 262.9200 327.1000 270.9200 328.5800 3 VSS_CORE
<CMD> deselectVia 262.9200 315.9000 270.9200 317.3800 3 VSS_CORE
<CMD> deselectVia 262.9200 954.3000 270.9200 955.7800 3 VSS_CORE
<CMD> deselectVia 262.9200 943.1000 270.9200 944.5800 3 VSS_CORE
<CMD> deselectVia 262.9200 931.9000 270.9200 933.3800 3 VSS_CORE
<CMD> deselectVia 262.9200 920.7000 270.9200 922.1800 3 VSS_CORE
<CMD> deselectVia 262.9200 909.5000 270.9200 910.9800 3 VSS_CORE
<CMD> deselectVia 262.9200 898.3000 270.9200 899.7800 3 VSS_CORE
<CMD> deselectVia 262.9200 887.1000 270.9200 888.5800 3 VSS_CORE
<CMD> deselectVia 262.9200 875.9000 270.9200 877.3800 3 VSS_CORE
<CMD> deselectVia 262.9200 864.7000 270.9200 866.1800 3 VSS_CORE
<CMD> deselectVia 262.9200 853.5000 270.9200 854.9800 3 VSS_CORE
<CMD> deselectVia 262.9200 842.3000 270.9200 843.7800 3 VSS_CORE
<CMD> deselectVia 262.9200 831.1000 270.9200 832.5800 3 VSS_CORE
<CMD> deselectVia 262.9200 819.9000 270.9200 821.3800 3 VSS_CORE
<CMD> deselectVia 262.9200 808.7000 270.9200 810.1800 3 VSS_CORE
<CMD> deselectVia 262.9200 797.5000 270.9200 798.9800 3 VSS_CORE
<CMD> deselectVia 262.9200 786.3000 270.9200 787.7800 3 VSS_CORE
<CMD> deselectVia 262.9200 775.1000 270.9200 776.5800 3 VSS_CORE
<CMD> deselectVia 262.9200 763.9000 270.9200 765.3800 3 VSS_CORE
<CMD> deselectVia 994.0600 954.3000 1002.0600 955.7800 4 VSS_CORE
<CMD> deselectVia 994.0600 943.1000 1002.0600 944.5800 4 VSS_CORE
<CMD> deselectVia 994.0600 931.9000 1002.0600 933.3800 4 VSS_CORE
<CMD> deselectVia 994.0600 920.7000 1002.0600 922.1800 4 VSS_CORE
<CMD> deselectVia 994.0600 909.5000 1002.0600 910.9800 4 VSS_CORE
<CMD> deselectVia 994.0600 898.3000 1002.0600 899.7800 4 VSS_CORE
<CMD> deselectVia 994.0600 887.1000 1002.0600 888.5800 4 VSS_CORE
<CMD> deselectVia 994.0600 875.9000 1002.0600 877.3800 4 VSS_CORE
<CMD> deselectVia 994.0600 864.7000 1002.0600 866.1800 4 VSS_CORE
<CMD> deselectVia 994.0600 853.5000 1002.0600 854.9800 4 VSS_CORE
<CMD> deselectVia 994.0600 842.3000 1002.0600 843.7800 4 VSS_CORE
<CMD> deselectVia 994.0600 831.1000 1002.0600 832.5800 4 VSS_CORE
<CMD> deselectVia 994.0600 819.9000 1002.0600 821.3800 4 VSS_CORE
<CMD> deselectVia 994.0600 808.7000 1002.0600 810.1800 4 VSS_CORE
<CMD> deselectVia 994.0600 797.5000 1002.0600 798.9800 4 VSS_CORE
<CMD> deselectVia 994.0600 786.3000 1002.0600 787.7800 4 VSS_CORE
<CMD> deselectVia 994.0600 775.1000 1002.0600 776.5800 4 VSS_CORE
<CMD> deselectVia 994.0600 763.9000 1002.0600 765.3800 4 VSS_CORE
<CMD> deselectVia 994.0600 752.7000 1002.0600 754.1800 4 VSS_CORE
<CMD> deselectVia 994.0600 741.5000 1002.0600 742.9800 4 VSS_CORE
<CMD> deselectVia 994.0600 730.3000 1002.0600 731.7800 4 VSS_CORE
<CMD> deselectVia 994.0600 719.1000 1002.0600 720.5800 4 VSS_CORE
<CMD> deselectVia 994.0600 707.9000 1002.0600 709.3800 4 VSS_CORE
<CMD> deselectVia 994.0600 696.7000 1002.0600 698.1800 4 VSS_CORE
<CMD> deselectVia 994.0600 685.5000 1002.0600 686.9800 4 VSS_CORE
<CMD> deselectVia 994.0600 674.3000 1002.0600 675.7800 4 VSS_CORE
<CMD> deselectVia 994.0600 663.1000 1002.0600 664.5800 4 VSS_CORE
<CMD> deselectVia 994.0600 651.9000 1002.0600 653.3800 4 VSS_CORE
<CMD> deselectVia 994.0600 640.7000 1002.0600 642.1800 4 VSS_CORE
<CMD> deselectVia 994.0600 629.5000 1002.0600 630.9800 4 VSS_CORE
<CMD> deselectVia 994.0600 618.3000 1002.0600 619.7800 4 VSS_CORE
<CMD> deselectVia 994.0600 607.1000 1002.0600 608.5800 4 VSS_CORE
<CMD> deselectVia 994.0600 595.9000 1002.0600 597.3800 4 VSS_CORE
<CMD> deselectVia 994.0600 584.7000 1002.0600 586.1800 4 VSS_CORE
<CMD> deselectVia 994.0600 573.5000 1002.0600 574.9800 4 VSS_CORE
<CMD> deselectVia 994.0600 562.3000 1002.0600 563.7800 4 VSS_CORE
<CMD> deselectVia 994.0600 551.1000 1002.0600 552.5800 4 VSS_CORE
<CMD> deselectVia 994.0600 539.9000 1002.0600 541.3800 4 VSS_CORE
<CMD> deselectVia 994.0600 528.7000 1002.0600 530.1800 4 VSS_CORE
<CMD> deselectVia 994.0600 517.5000 1002.0600 518.9800 4 VSS_CORE
<CMD> deselectVia 994.0600 506.3000 1002.0600 507.7800 4 VSS_CORE
<CMD> deselectVia 994.0600 495.1000 1002.0600 496.5800 4 VSS_CORE
<CMD> deselectVia 994.0600 483.9000 1002.0600 485.3800 4 VSS_CORE
<CMD> deselectVia 994.0600 472.7000 1002.0600 474.1800 4 VSS_CORE
<CMD> deselectVia 994.0600 461.5000 1002.0600 462.9800 4 VSS_CORE
<CMD> deselectVia 994.0600 450.3000 1002.0600 451.7800 4 VSS_CORE
<CMD> deselectVia 994.0600 439.1000 1002.0600 440.5800 4 VSS_CORE
<CMD> deselectVia 994.0600 427.9000 1002.0600 429.3800 4 VSS_CORE
<CMD> deselectVia 994.0600 416.7000 1002.0600 418.1800 4 VSS_CORE
<CMD> deselectVia 994.0600 405.5000 1002.0600 406.9800 4 VSS_CORE
<CMD> deselectVia 994.0600 394.3000 1002.0600 395.7800 4 VSS_CORE
<CMD> deselectVia 994.0600 383.1000 1002.0600 384.5800 4 VSS_CORE
<CMD> deselectVia 994.0600 371.9000 1002.0600 373.3800 4 VSS_CORE
<CMD> deselectVia 994.0600 360.7000 1002.0600 362.1800 4 VSS_CORE
<CMD> deselectVia 994.0600 349.5000 1002.0600 350.9800 4 VSS_CORE
<CMD> deselectVia 994.0600 338.3000 1002.0600 339.7800 4 VSS_CORE
<CMD> deselectVia 994.0600 327.1000 1002.0600 328.5800 4 VSS_CORE
<CMD> deselectVia 994.0600 315.9000 1002.0600 317.3800 4 VSS_CORE
<CMD> deselectVia 994.0600 304.7000 1002.0600 306.1800 4 VSS_CORE
<CMD> deselectVia 262.9200 696.7000 270.9200 698.1800 4 VSS_CORE
<CMD> deselectVia 262.9200 685.5000 270.9200 686.9800 4 VSS_CORE
<CMD> deselectVia 262.9200 674.3000 270.9200 675.7800 4 VSS_CORE
<CMD> deselectVia 262.9200 663.1000 270.9200 664.5800 4 VSS_CORE
<CMD> deselectVia 262.9200 651.9000 270.9200 653.3800 4 VSS_CORE
<CMD> deselectVia 262.9200 640.7000 270.9200 642.1800 4 VSS_CORE
<CMD> deselectVia 262.9200 629.5000 270.9200 630.9800 4 VSS_CORE
<CMD> deselectVia 262.9200 618.3000 270.9200 619.7800 4 VSS_CORE
<CMD> deselectVia 262.9200 607.1000 270.9200 608.5800 4 VSS_CORE
<CMD> deselectVia 262.9200 595.9000 270.9200 597.3800 4 VSS_CORE
<CMD> deselectVia 262.9200 584.7000 270.9200 586.1800 4 VSS_CORE
<CMD> deselectVia 262.9200 573.5000 270.9200 574.9800 4 VSS_CORE
<CMD> deselectVia 262.9200 562.3000 270.9200 563.7800 4 VSS_CORE
<CMD> deselectVia 262.9200 551.1000 270.9200 552.5800 4 VSS_CORE
<CMD> deselectVia 262.9200 539.9000 270.9200 541.3800 4 VSS_CORE
<CMD> deselectVia 262.9200 528.7000 270.9200 530.1800 4 VSS_CORE
<CMD> deselectVia 262.9200 517.5000 270.9200 518.9800 4 VSS_CORE
<CMD> deselectVia 262.9200 506.3000 270.9200 507.7800 4 VSS_CORE
<CMD> deselectVia 262.9200 495.1000 270.9200 496.5800 4 VSS_CORE
<CMD> deselectVia 262.9200 483.9000 270.9200 485.3800 4 VSS_CORE
<CMD> deselectVia 262.9200 472.7000 270.9200 474.1800 4 VSS_CORE
<CMD> deselectVia 262.9200 461.5000 270.9200 462.9800 4 VSS_CORE
<CMD> deselectVia 262.9200 450.3000 270.9200 451.7800 4 VSS_CORE
<CMD> deselectVia 262.9200 439.1000 270.9200 440.5800 4 VSS_CORE
<CMD> deselectVia 262.9200 427.9000 270.9200 429.3800 4 VSS_CORE
<CMD> deselectVia 262.9200 416.7000 270.9200 418.1800 4 VSS_CORE
<CMD> deselectVia 262.9200 405.5000 270.9200 406.9800 4 VSS_CORE
<CMD> deselectVia 262.9200 394.3000 270.9200 395.7800 4 VSS_CORE
<CMD> deselectVia 262.9200 383.1000 270.9200 384.5800 4 VSS_CORE
<CMD> deselectVia 262.9200 371.9000 270.9200 373.3800 4 VSS_CORE
<CMD> deselectVia 262.9200 360.7000 270.9200 362.1800 4 VSS_CORE
<CMD> deselectVia 262.9200 349.5000 270.9200 350.9800 4 VSS_CORE
<CMD> deselectVia 262.9200 338.3000 270.9200 339.7800 4 VSS_CORE
<CMD> deselectVia 262.9200 327.1000 270.9200 328.5800 4 VSS_CORE
<CMD> deselectVia 262.9200 315.9000 270.9200 317.3800 4 VSS_CORE
<CMD> deselectVia 262.9200 954.3000 270.9200 955.7800 4 VSS_CORE
<CMD> deselectVia 262.9200 943.1000 270.9200 944.5800 4 VSS_CORE
<CMD> deselectVia 262.9200 931.9000 270.9200 933.3800 4 VSS_CORE
<CMD> deselectVia 262.9200 920.7000 270.9200 922.1800 4 VSS_CORE
<CMD> deselectVia 262.9200 909.5000 270.9200 910.9800 4 VSS_CORE
<CMD> deselectVia 262.9200 898.3000 270.9200 899.7800 4 VSS_CORE
<CMD> deselectVia 262.9200 887.1000 270.9200 888.5800 4 VSS_CORE
<CMD> deselectVia 262.9200 875.9000 270.9200 877.3800 4 VSS_CORE
<CMD> deselectVia 262.9200 864.7000 270.9200 866.1800 4 VSS_CORE
<CMD> deselectVia 262.9200 853.5000 270.9200 854.9800 4 VSS_CORE
<CMD> deselectVia 262.9200 842.3000 270.9200 843.7800 4 VSS_CORE
<CMD> deselectVia 262.9200 831.1000 270.9200 832.5800 4 VSS_CORE
<CMD> deselectWire 299.8400 948.7000 965.1200 950.1800 1 VDD_CORE
<CMD> deselectWire 299.8400 937.5000 965.1200 938.9800 1 VDD_CORE
<CMD> deselectWire 299.8400 926.3000 965.1200 927.7800 1 VDD_CORE
<CMD> deselectWire 299.8400 915.1000 965.1200 916.5800 1 VDD_CORE
<CMD> deselectWire 299.8400 903.9000 965.1200 905.3800 1 VDD_CORE
<CMD> deselectWire 299.8400 892.7000 965.1200 894.1800 1 VDD_CORE
<CMD> deselectWire 299.8400 881.5000 965.1200 882.9800 1 VDD_CORE
<CMD> deselectWire 299.8400 870.3000 965.1200 871.7800 1 VDD_CORE
<CMD> deselectWire 299.8400 859.1000 965.1200 860.5800 1 VDD_CORE
<CMD> deselectWire 299.8400 847.9000 965.1200 849.3800 1 VDD_CORE
<CMD> deselectWire 299.8400 836.7000 965.1200 838.1800 1 VDD_CORE
<CMD> deselectWire 299.8400 825.5000 965.1200 826.9800 1 VDD_CORE
<CMD> deselectWire 299.8400 814.3000 965.1200 815.7800 1 VDD_CORE
<CMD> deselectWire 299.8400 803.1000 965.1200 804.5800 1 VDD_CORE
<CMD> deselectWire 299.8400 791.9000 965.1200 793.3800 1 VDD_CORE
<CMD> deselectWire 299.8400 780.7000 965.1200 782.1800 1 VDD_CORE
<CMD> deselectWire 299.8400 769.5000 965.1200 770.9800 1 VDD_CORE
<CMD> deselectWire 299.8400 758.3000 965.1200 759.7800 1 VDD_CORE
<CMD> deselectWire 299.8400 747.1000 965.1200 748.5800 1 VDD_CORE
<CMD> deselectWire 299.8400 735.9000 965.1200 737.3800 1 VDD_CORE
<CMD> deselectWire 299.8400 724.7000 965.1200 726.1800 1 VDD_CORE
<CMD> deselectWire 299.8400 713.5000 965.1200 714.9800 1 VDD_CORE
<CMD> deselectWire 299.8400 702.3000 965.1200 703.7800 1 VDD_CORE
<CMD> deselectWire 299.8400 691.1000 965.1200 692.5800 1 VDD_CORE
<CMD> deselectWire 299.8400 679.9000 965.1200 681.3800 1 VDD_CORE
<CMD> deselectWire 299.8400 668.7000 965.1200 670.1800 1 VDD_CORE
<CMD> deselectWire 299.8400 657.5000 965.1200 658.9800 1 VDD_CORE
<CMD> deselectWire 299.8400 646.3000 965.1200 647.7800 1 VDD_CORE
<CMD> deselectWire 299.8400 635.1000 965.1200 636.5800 1 VDD_CORE
<CMD> deselectWire 299.8400 623.9000 965.1200 625.3800 1 VDD_CORE
<CMD> deselectWire 299.8400 612.7000 965.1200 614.1800 1 VDD_CORE
<CMD> deselectWire 299.8400 601.5000 965.1200 602.9800 1 VDD_CORE
<CMD> deselectWire 299.8400 590.3000 965.1200 591.7800 1 VDD_CORE
<CMD> deselectWire 299.8400 579.1000 965.1200 580.5800 1 VDD_CORE
<CMD> deselectWire 299.8400 567.9000 965.1200 569.3800 1 VDD_CORE
<CMD> deselectWire 299.8400 556.7000 965.1200 558.1800 1 VDD_CORE
<CMD> deselectWire 299.8400 545.5000 965.1200 546.9800 1 VDD_CORE
<CMD> deselectWire 299.8400 534.3000 965.1200 535.7800 1 VDD_CORE
<CMD> deselectWire 299.8400 523.1000 965.1200 524.5800 1 VDD_CORE
<CMD> deselectWire 299.8400 511.9000 965.1200 513.3800 1 VDD_CORE
<CMD> deselectWire 299.8400 500.7000 965.1200 502.1800 1 VDD_CORE
<CMD> deselectWire 299.8400 489.5000 965.1200 490.9800 1 VDD_CORE
<CMD> deselectWire 299.8400 478.3000 965.1200 479.7800 1 VDD_CORE
<CMD> deselectWire 299.8400 467.1000 965.1200 468.5800 1 VDD_CORE
<CMD> deselectWire 299.8400 455.9000 965.1200 457.3800 1 VDD_CORE
<CMD> deselectWire 299.8400 444.7000 965.1200 446.1800 1 VDD_CORE
<CMD> deselectWire 299.8400 433.5000 965.1200 434.9800 1 VDD_CORE
<CMD> deselectWire 299.8400 422.3000 965.1200 423.7800 1 VDD_CORE
<CMD> deselectWire 299.8400 411.1000 965.1200 412.5800 1 VDD_CORE
<CMD> deselectWire 299.8400 399.9000 965.1200 401.3800 1 VDD_CORE
<CMD> deselectWire 299.8400 388.7000 965.1200 390.1800 1 VDD_CORE
<CMD> deselectWire 299.8400 377.5000 965.1200 378.9800 1 VDD_CORE
<CMD> deselectWire 299.8400 366.3000 965.1200 367.7800 1 VDD_CORE
<CMD> deselectWire 299.8400 355.1000 965.1200 356.5800 1 VDD_CORE
<CMD> deselectWire 299.8400 343.9000 965.1200 345.3800 1 VDD_CORE
<CMD> deselectWire 299.8400 332.7000 965.1200 334.1800 1 VDD_CORE
<CMD> deselectWire 299.8400 321.5000 965.1200 322.9800 1 VDD_CORE
<CMD> deselectWire 278.9200 948.7000 299.8400 950.1800 1 VDD_CORE
<CMD> deselectWire 278.9200 937.5000 299.8400 938.9800 1 VDD_CORE
<CMD> deselectWire 278.9200 926.3000 299.8400 927.7800 1 VDD_CORE
<CMD> deselectWire 278.9200 915.1000 299.8400 916.5800 1 VDD_CORE
<CMD> deselectWire 278.9200 903.9000 299.8400 905.3800 1 VDD_CORE
<CMD> deselectWire 278.9200 892.7000 299.8400 894.1800 1 VDD_CORE
<CMD> deselectWire 278.9200 881.5000 299.8400 882.9800 1 VDD_CORE
<CMD> deselectWire 278.9200 870.3000 299.8400 871.7800 1 VDD_CORE
<CMD> deselectWire 278.9200 859.1000 299.8400 860.5800 1 VDD_CORE
<CMD> deselectWire 278.9200 847.9000 299.8400 849.3800 1 VDD_CORE
<CMD> deselectWire 278.9200 836.7000 299.8400 838.1800 1 VDD_CORE
<CMD> deselectWire 278.9200 825.5000 299.8400 826.9800 1 VDD_CORE
<CMD> deselectWire 278.9200 814.3000 299.8400 815.7800 1 VDD_CORE
<CMD> deselectWire 278.9200 803.1000 299.8400 804.5800 1 VDD_CORE
<CMD> deselectWire 278.9200 791.9000 299.8400 793.3800 1 VDD_CORE
<CMD> deselectWire 278.9200 780.7000 299.8400 782.1800 1 VDD_CORE
<CMD> deselectWire 278.9200 769.5000 299.8400 770.9800 1 VDD_CORE
<CMD> deselectWire 278.9200 758.3000 299.8400 759.7800 1 VDD_CORE
<CMD> deselectWire 278.9200 747.1000 299.8400 748.5800 1 VDD_CORE
<CMD> deselectWire 278.9200 735.9000 299.8400 737.3800 1 VDD_CORE
<CMD> deselectWire 278.9200 724.7000 299.8400 726.1800 1 VDD_CORE
<CMD> deselectWire 278.9200 713.5000 299.8400 714.9800 1 VDD_CORE
<CMD> deselectWire 278.9200 702.3000 299.8400 703.7800 1 VDD_CORE
<CMD> deselectWire 278.9200 691.1000 299.8400 692.5800 1 VDD_CORE
<CMD> deselectWire 278.9200 679.9000 299.8400 681.3800 1 VDD_CORE
<CMD> deselectWire 278.9200 668.7000 299.8400 670.1800 1 VDD_CORE
<CMD> deselectWire 278.9200 657.5000 299.8400 658.9800 1 VDD_CORE
<CMD> deselectWire 278.9200 646.3000 299.8400 647.7800 1 VDD_CORE
<CMD> deselectWire 278.9200 635.1000 299.8400 636.5800 1 VDD_CORE
<CMD> deselectWire 278.9200 623.9000 299.8400 625.3800 1 VDD_CORE
<CMD> deselectWire 278.9200 612.7000 299.8400 614.1800 1 VDD_CORE
<CMD> deselectWire 278.9200 601.5000 299.8400 602.9800 1 VDD_CORE
<CMD> deselectWire 278.9200 590.3000 299.8400 591.7800 1 VDD_CORE
<CMD> deselectWire 278.9200 579.1000 299.8400 580.5800 1 VDD_CORE
<CMD> deselectWire 278.9200 567.9000 299.8400 569.3800 1 VDD_CORE
<CMD> deselectWire 278.9200 556.7000 299.8400 558.1800 1 VDD_CORE
<CMD> deselectWire 278.9200 545.5000 299.8400 546.9800 1 VDD_CORE
<CMD> deselectWire 278.9200 534.3000 299.8400 535.7800 1 VDD_CORE
<CMD> deselectWire 278.9200 523.1000 299.8400 524.5800 1 VDD_CORE
<CMD> deselectWire 278.9200 511.9000 299.8400 513.3800 1 VDD_CORE
<CMD> deselectWire 278.9200 500.7000 299.8400 502.1800 1 VDD_CORE
<CMD> deselectWire 278.9200 489.5000 299.8400 490.9800 1 VDD_CORE
<CMD> deselectWire 278.9200 478.3000 299.8400 479.7800 1 VDD_CORE
<CMD> deselectWire 278.9200 467.1000 299.8400 468.5800 1 VDD_CORE
<CMD> deselectWire 278.9200 455.9000 299.8400 457.3800 1 VDD_CORE
<CMD> deselectWire 278.9200 444.7000 299.8400 446.1800 1 VDD_CORE
<CMD> deselectWire 278.9200 433.5000 299.8400 434.9800 1 VDD_CORE
<CMD> deselectWire 278.9200 422.3000 299.8400 423.7800 1 VDD_CORE
<CMD> deselectWire 278.9200 411.1000 299.8400 412.5800 1 VDD_CORE
<CMD> deselectWire 278.9200 399.9000 299.8400 401.3800 1 VDD_CORE
<CMD> deselectWire 278.9200 388.7000 299.8400 390.1800 1 VDD_CORE
<CMD> deselectWire 278.9200 377.5000 299.8400 378.9800 1 VDD_CORE
<CMD> deselectWire 278.9200 366.3000 299.8400 367.7800 1 VDD_CORE
<CMD> deselectWire 278.9200 355.1000 299.8400 356.5800 1 VDD_CORE
<CMD> deselectWire 278.9200 343.9000 299.8400 345.3800 1 VDD_CORE
<CMD> deselectWire 278.9200 332.7000 299.8400 334.1800 1 VDD_CORE
<CMD> deselectWire 278.9200 321.5000 299.8400 322.9800 1 VDD_CORE
<CMD> deselectWire 965.1200 948.7000 986.0600 950.1800 1 VDD_CORE
<CMD> deselectWire 965.1200 937.5000 986.0600 938.9800 1 VDD_CORE
<CMD> deselectWire 965.1200 926.3000 986.0600 927.7800 1 VDD_CORE
<CMD> deselectWire 965.1200 915.1000 986.0600 916.5800 1 VDD_CORE
<CMD> deselectWire 965.1200 903.9000 986.0600 905.3800 1 VDD_CORE
<CMD> deselectWire 965.1200 892.7000 986.0600 894.1800 1 VDD_CORE
<CMD> deselectWire 965.1200 881.5000 986.0600 882.9800 1 VDD_CORE
<CMD> deselectWire 965.1200 870.3000 986.0600 871.7800 1 VDD_CORE
<CMD> deselectWire 965.1200 859.1000 986.0600 860.5800 1 VDD_CORE
<CMD> deselectWire 965.1200 847.9000 986.0600 849.3800 1 VDD_CORE
<CMD> deselectWire 965.1200 836.7000 986.0600 838.1800 1 VDD_CORE
<CMD> deselectWire 965.1200 825.5000 986.0600 826.9800 1 VDD_CORE
<CMD> deselectWire 965.1200 814.3000 986.0600 815.7800 1 VDD_CORE
<CMD> deselectWire 965.1200 803.1000 986.0600 804.5800 1 VDD_CORE
<CMD> deselectWire 965.1200 791.9000 986.0600 793.3800 1 VDD_CORE
<CMD> deselectWire 965.1200 780.7000 986.0600 782.1800 1 VDD_CORE
<CMD> deselectWire 965.1200 769.5000 986.0600 770.9800 1 VDD_CORE
<CMD> deselectWire 965.1200 758.3000 986.0600 759.7800 1 VDD_CORE
<CMD> deselectWire 965.1200 747.1000 986.0600 748.5800 1 VDD_CORE
<CMD> deselectWire 965.1200 735.9000 986.0600 737.3800 1 VDD_CORE
<CMD> deselectWire 965.1200 724.7000 986.0600 726.1800 1 VDD_CORE
<CMD> deselectWire 965.1200 713.5000 986.0600 714.9800 1 VDD_CORE
<CMD> deselectWire 965.1200 702.3000 986.0600 703.7800 1 VDD_CORE
<CMD> deselectWire 965.1200 691.1000 986.0600 692.5800 1 VDD_CORE
<CMD> deselectWire 965.1200 679.9000 986.0600 681.3800 1 VDD_CORE
<CMD> deselectWire 965.1200 668.7000 986.0600 670.1800 1 VDD_CORE
<CMD> deselectWire 965.1200 657.5000 986.0600 658.9800 1 VDD_CORE
<CMD> deselectWire 965.1200 646.3000 986.0600 647.7800 1 VDD_CORE
<CMD> deselectWire 965.1200 635.1000 986.0600 636.5800 1 VDD_CORE
<CMD> deselectWire 965.1200 623.9000 986.0600 625.3800 1 VDD_CORE
<CMD> deselectWire 965.1200 612.7000 986.0600 614.1800 1 VDD_CORE
<CMD> deselectWire 965.1200 601.5000 986.0600 602.9800 1 VDD_CORE
<CMD> deselectWire 965.1200 590.3000 986.0600 591.7800 1 VDD_CORE
<CMD> deselectWire 965.1200 579.1000 986.0600 580.5800 1 VDD_CORE
<CMD> deselectWire 965.1200 567.9000 986.0600 569.3800 1 VDD_CORE
<CMD> deselectWire 965.1200 556.7000 986.0600 558.1800 1 VDD_CORE
<CMD> deselectWire 965.1200 545.5000 986.0600 546.9800 1 VDD_CORE
<CMD> deselectWire 965.1200 534.3000 986.0600 535.7800 1 VDD_CORE
<CMD> deselectWire 965.1200 523.1000 986.0600 524.5800 1 VDD_CORE
<CMD> deselectWire 965.1200 511.9000 986.0600 513.3800 1 VDD_CORE
<CMD> deselectWire 965.1200 500.7000 986.0600 502.1800 1 VDD_CORE
<CMD> deselectWire 965.1200 489.5000 986.0600 490.9800 1 VDD_CORE
<CMD> deselectWire 965.1200 478.3000 986.0600 479.7800 1 VDD_CORE
<CMD> deselectWire 965.1200 467.1000 986.0600 468.5800 1 VDD_CORE
<CMD> deselectWire 965.1200 455.9000 986.0600 457.3800 1 VDD_CORE
<CMD> deselectWire 965.1200 444.7000 986.0600 446.1800 1 VDD_CORE
<CMD> deselectWire 965.1200 433.5000 986.0600 434.9800 1 VDD_CORE
<CMD> deselectWire 965.1200 422.3000 986.0600 423.7800 1 VDD_CORE
<CMD> deselectWire 965.1200 411.1000 986.0600 412.5800 1 VDD_CORE
<CMD> deselectWire 965.1200 399.9000 986.0600 401.3800 1 VDD_CORE
<CMD> deselectWire 965.1200 388.7000 986.0600 390.1800 1 VDD_CORE
<CMD> deselectWire 965.1200 377.5000 986.0600 378.9800 1 VDD_CORE
<CMD> deselectWire 965.1200 366.3000 986.0600 367.7800 1 VDD_CORE
<CMD> deselectWire 965.1200 355.1000 986.0600 356.5800 1 VDD_CORE
<CMD> deselectWire 965.1200 343.9000 986.0600 345.3800 1 VDD_CORE
<CMD> deselectWire 965.1200 332.7000 986.0600 334.1800 1 VDD_CORE
<CMD> deselectWire 965.1200 321.5000 986.0600 322.9800 1 VDD_CORE
<CMD> deselectVia 978.0600 948.7000 986.0600 950.1800 2 VDD_CORE
<CMD> deselectVia 978.0600 937.5000 986.0600 938.9800 2 VDD_CORE
<CMD> deselectVia 978.0600 926.3000 986.0600 927.7800 2 VDD_CORE
<CMD> deselectVia 978.0600 915.1000 986.0600 916.5800 2 VDD_CORE
<CMD> deselectVia 978.0600 903.9000 986.0600 905.3800 2 VDD_CORE
<CMD> deselectVia 978.0600 892.7000 986.0600 894.1800 2 VDD_CORE
<CMD> deselectVia 978.0600 881.5000 986.0600 882.9800 2 VDD_CORE
<CMD> deselectVia 978.0600 870.3000 986.0600 871.7800 2 VDD_CORE
<CMD> deselectVia 978.0600 859.1000 986.0600 860.5800 2 VDD_CORE
<CMD> deselectVia 978.0600 847.9000 986.0600 849.3800 2 VDD_CORE
<CMD> deselectVia 978.0600 836.7000 986.0600 838.1800 2 VDD_CORE
<CMD> deselectVia 978.0600 825.5000 986.0600 826.9800 2 VDD_CORE
<CMD> deselectVia 978.0600 814.3000 986.0600 815.7800 2 VDD_CORE
<CMD> deselectVia 978.0600 803.1000 986.0600 804.5800 2 VDD_CORE
<CMD> deselectVia 978.0600 791.9000 986.0600 793.3800 2 VDD_CORE
<CMD> deselectVia 978.0600 780.7000 986.0600 782.1800 2 VDD_CORE
<CMD> deselectVia 978.0600 769.5000 986.0600 770.9800 2 VDD_CORE
<CMD> deselectVia 978.0600 758.3000 986.0600 759.7800 2 VDD_CORE
<CMD> deselectVia 978.0600 747.1000 986.0600 748.5800 2 VDD_CORE
<CMD> deselectVia 978.0600 735.9000 986.0600 737.3800 2 VDD_CORE
<CMD> deselectVia 978.0600 724.7000 986.0600 726.1800 2 VDD_CORE
<CMD> deselectVia 978.0600 713.5000 986.0600 714.9800 2 VDD_CORE
<CMD> deselectVia 978.0600 702.3000 986.0600 703.7800 2 VDD_CORE
<CMD> deselectVia 978.0600 691.1000 986.0600 692.5800 2 VDD_CORE
<CMD> deselectVia 978.0600 679.9000 986.0600 681.3800 2 VDD_CORE
<CMD> deselectVia 978.0600 668.7000 986.0600 670.1800 2 VDD_CORE
<CMD> deselectVia 978.0600 657.5000 986.0600 658.9800 2 VDD_CORE
<CMD> deselectVia 978.0600 646.3000 986.0600 647.7800 2 VDD_CORE
<CMD> deselectVia 978.0600 635.1000 986.0600 636.5800 2 VDD_CORE
<CMD> deselectVia 978.0600 623.9000 986.0600 625.3800 2 VDD_CORE
<CMD> deselectVia 978.0600 612.7000 986.0600 614.1800 2 VDD_CORE
<CMD> deselectVia 978.0600 601.5000 986.0600 602.9800 2 VDD_CORE
<CMD> deselectVia 978.0600 590.3000 986.0600 591.7800 2 VDD_CORE
<CMD> deselectVia 978.0600 579.1000 986.0600 580.5800 2 VDD_CORE
<CMD> deselectVia 978.0600 567.9000 986.0600 569.3800 2 VDD_CORE
<CMD> deselectVia 978.0600 556.7000 986.0600 558.1800 2 VDD_CORE
<CMD> deselectVia 978.0600 545.5000 986.0600 546.9800 2 VDD_CORE
<CMD> deselectVia 978.0600 534.3000 986.0600 535.7800 2 VDD_CORE
<CMD> deselectVia 978.0600 523.1000 986.0600 524.5800 2 VDD_CORE
<CMD> deselectVia 978.0600 511.9000 986.0600 513.3800 2 VDD_CORE
<CMD> deselectVia 978.0600 500.7000 986.0600 502.1800 2 VDD_CORE
<CMD> deselectVia 978.0600 489.5000 986.0600 490.9800 2 VDD_CORE
<CMD> deselectVia 978.0600 478.3000 986.0600 479.7800 2 VDD_CORE
<CMD> deselectVia 978.0600 467.1000 986.0600 468.5800 2 VDD_CORE
<CMD> deselectVia 978.0600 455.9000 986.0600 457.3800 2 VDD_CORE
<CMD> deselectVia 978.0600 444.7000 986.0600 446.1800 2 VDD_CORE
<CMD> deselectVia 978.0600 433.5000 986.0600 434.9800 2 VDD_CORE
<CMD> deselectVia 978.0600 422.3000 986.0600 423.7800 2 VDD_CORE
<CMD> deselectVia 978.0600 411.1000 986.0600 412.5800 2 VDD_CORE
<CMD> deselectVia 978.0600 399.9000 986.0600 401.3800 2 VDD_CORE
<CMD> deselectVia 978.0600 388.7000 986.0600 390.1800 2 VDD_CORE
<CMD> deselectVia 978.0600 377.5000 986.0600 378.9800 2 VDD_CORE
<CMD> deselectVia 978.0600 366.3000 986.0600 367.7800 2 VDD_CORE
<CMD> deselectVia 978.0600 355.1000 986.0600 356.5800 2 VDD_CORE
<CMD> deselectVia 978.0600 343.9000 986.0600 345.3800 2 VDD_CORE
<CMD> deselectVia 978.0600 332.7000 986.0600 334.1800 2 VDD_CORE
<CMD> deselectVia 978.0600 321.5000 986.0600 322.9800 2 VDD_CORE
<CMD> deselectVia 978.0600 310.3000 986.0600 311.7800 2 VDD_CORE
<CMD> deselectVia 278.9200 948.7000 286.9200 950.1800 2 VDD_CORE
<CMD> deselectVia 278.9200 937.5000 286.9200 938.9800 2 VDD_CORE
<CMD> deselectVia 278.9200 926.3000 286.9200 927.7800 2 VDD_CORE
<CMD> deselectVia 278.9200 915.1000 286.9200 916.5800 2 VDD_CORE
<CMD> deselectVia 278.9200 903.9000 286.9200 905.3800 2 VDD_CORE
<CMD> deselectVia 278.9200 892.7000 286.9200 894.1800 2 VDD_CORE
<CMD> deselectVia 278.9200 881.5000 286.9200 882.9800 2 VDD_CORE
<CMD> deselectVia 278.9200 870.3000 286.9200 871.7800 2 VDD_CORE
<CMD> deselectVia 278.9200 859.1000 286.9200 860.5800 2 VDD_CORE
<CMD> deselectVia 278.9200 847.9000 286.9200 849.3800 2 VDD_CORE
<CMD> deselectVia 278.9200 836.7000 286.9200 838.1800 2 VDD_CORE
<CMD> deselectVia 278.9200 825.5000 286.9200 826.9800 2 VDD_CORE
<CMD> deselectVia 278.9200 814.3000 286.9200 815.7800 2 VDD_CORE
<CMD> deselectVia 278.9200 803.1000 286.9200 804.5800 2 VDD_CORE
<CMD> deselectVia 278.9200 791.9000 286.9200 793.3800 2 VDD_CORE
<CMD> deselectVia 278.9200 780.7000 286.9200 782.1800 2 VDD_CORE
<CMD> deselectVia 278.9200 769.5000 286.9200 770.9800 2 VDD_CORE
<CMD> deselectVia 278.9200 758.3000 286.9200 759.7800 2 VDD_CORE
<CMD> deselectVia 278.9200 747.1000 286.9200 748.5800 2 VDD_CORE
<CMD> deselectVia 278.9200 735.9000 286.9200 737.3800 2 VDD_CORE
<CMD> deselectVia 278.9200 724.7000 286.9200 726.1800 2 VDD_CORE
<CMD> deselectVia 278.9200 713.5000 286.9200 714.9800 2 VDD_CORE
<CMD> deselectVia 278.9200 702.3000 286.9200 703.7800 2 VDD_CORE
<CMD> deselectVia 278.9200 691.1000 286.9200 692.5800 2 VDD_CORE
<CMD> deselectVia 278.9200 679.9000 286.9200 681.3800 2 VDD_CORE
<CMD> deselectVia 278.9200 668.7000 286.9200 670.1800 2 VDD_CORE
<CMD> deselectVia 278.9200 657.5000 286.9200 658.9800 2 VDD_CORE
<CMD> deselectVia 278.9200 646.3000 286.9200 647.7800 2 VDD_CORE
<CMD> deselectVia 278.9200 635.1000 286.9200 636.5800 2 VDD_CORE
<CMD> deselectVia 278.9200 623.9000 286.9200 625.3800 2 VDD_CORE
<CMD> deselectVia 278.9200 612.7000 286.9200 614.1800 2 VDD_CORE
<CMD> deselectVia 278.9200 601.5000 286.9200 602.9800 2 VDD_CORE
<CMD> deselectVia 278.9200 590.3000 286.9200 591.7800 2 VDD_CORE
<CMD> deselectVia 278.9200 579.1000 286.9200 580.5800 2 VDD_CORE
<CMD> deselectVia 278.9200 567.9000 286.9200 569.3800 2 VDD_CORE
<CMD> deselectVia 278.9200 556.7000 286.9200 558.1800 2 VDD_CORE
<CMD> deselectVia 278.9200 545.5000 286.9200 546.9800 2 VDD_CORE
<CMD> deselectVia 278.9200 534.3000 286.9200 535.7800 2 VDD_CORE
<CMD> deselectVia 278.9200 523.1000 286.9200 524.5800 2 VDD_CORE
<CMD> deselectVia 278.9200 511.9000 286.9200 513.3800 2 VDD_CORE
<CMD> deselectVia 278.9200 500.7000 286.9200 502.1800 2 VDD_CORE
<CMD> deselectVia 278.9200 489.5000 286.9200 490.9800 2 VDD_CORE
<CMD> deselectVia 278.9200 478.3000 286.9200 479.7800 2 VDD_CORE
<CMD> deselectVia 278.9200 467.1000 286.9200 468.5800 2 VDD_CORE
<CMD> deselectVia 278.9200 455.9000 286.9200 457.3800 2 VDD_CORE
<CMD> deselectVia 278.9200 444.7000 286.9200 446.1800 2 VDD_CORE
<CMD> deselectVia 278.9200 433.5000 286.9200 434.9800 2 VDD_CORE
<CMD> deselectVia 278.9200 422.3000 286.9200 423.7800 2 VDD_CORE
<CMD> deselectVia 278.9200 411.1000 286.9200 412.5800 2 VDD_CORE
<CMD> deselectVia 278.9200 399.9000 286.9200 401.3800 2 VDD_CORE
<CMD> deselectVia 278.9200 388.7000 286.9200 390.1800 2 VDD_CORE
<CMD> deselectVia 278.9200 377.5000 286.9200 378.9800 2 VDD_CORE
<CMD> deselectVia 278.9200 366.3000 286.9200 367.7800 2 VDD_CORE
<CMD> deselectVia 278.9200 355.1000 286.9200 356.5800 2 VDD_CORE
<CMD> deselectVia 278.9200 343.9000 286.9200 345.3800 2 VDD_CORE
<CMD> deselectVia 278.9200 332.7000 286.9200 334.1800 2 VDD_CORE
<CMD> deselectVia 278.9200 321.5000 286.9200 322.9800 2 VDD_CORE
<CMD> deselectVia 978.0600 948.7000 986.0600 950.1800 3 VDD_CORE
<CMD> deselectVia 978.0600 937.5000 986.0600 938.9800 3 VDD_CORE
<CMD> deselectVia 978.0600 926.3000 986.0600 927.7800 3 VDD_CORE
<CMD> deselectVia 978.0600 915.1000 986.0600 916.5800 3 VDD_CORE
<CMD> deselectVia 978.0600 903.9000 986.0600 905.3800 3 VDD_CORE
<CMD> deselectVia 978.0600 892.7000 986.0600 894.1800 3 VDD_CORE
<CMD> deselectVia 978.0600 881.5000 986.0600 882.9800 3 VDD_CORE
<CMD> deselectVia 978.0600 870.3000 986.0600 871.7800 3 VDD_CORE
<CMD> deselectVia 978.0600 859.1000 986.0600 860.5800 3 VDD_CORE
<CMD> deselectVia 978.0600 847.9000 986.0600 849.3800 3 VDD_CORE
<CMD> deselectVia 978.0600 836.7000 986.0600 838.1800 3 VDD_CORE
<CMD> deselectVia 978.0600 825.5000 986.0600 826.9800 3 VDD_CORE
<CMD> deselectVia 978.0600 814.3000 986.0600 815.7800 3 VDD_CORE
<CMD> deselectVia 978.0600 803.1000 986.0600 804.5800 3 VDD_CORE
<CMD> deselectVia 978.0600 791.9000 986.0600 793.3800 3 VDD_CORE
<CMD> deselectVia 978.0600 780.7000 986.0600 782.1800 3 VDD_CORE
<CMD> deselectVia 978.0600 769.5000 986.0600 770.9800 3 VDD_CORE
<CMD> deselectVia 978.0600 758.3000 986.0600 759.7800 3 VDD_CORE
<CMD> deselectVia 978.0600 747.1000 986.0600 748.5800 3 VDD_CORE
<CMD> deselectVia 978.0600 735.9000 986.0600 737.3800 3 VDD_CORE
<CMD> deselectVia 978.0600 724.7000 986.0600 726.1800 3 VDD_CORE
<CMD> deselectVia 978.0600 713.5000 986.0600 714.9800 3 VDD_CORE
<CMD> deselectVia 978.0600 702.3000 986.0600 703.7800 3 VDD_CORE
<CMD> deselectVia 978.0600 691.1000 986.0600 692.5800 3 VDD_CORE
<CMD> deselectVia 978.0600 679.9000 986.0600 681.3800 3 VDD_CORE
<CMD> deselectVia 978.0600 668.7000 986.0600 670.1800 3 VDD_CORE
<CMD> deselectVia 978.0600 657.5000 986.0600 658.9800 3 VDD_CORE
<CMD> deselectVia 978.0600 646.3000 986.0600 647.7800 3 VDD_CORE
<CMD> deselectVia 978.0600 635.1000 986.0600 636.5800 3 VDD_CORE
<CMD> deselectVia 978.0600 623.9000 986.0600 625.3800 3 VDD_CORE
<CMD> deselectVia 978.0600 612.7000 986.0600 614.1800 3 VDD_CORE
<CMD> deselectVia 978.0600 601.5000 986.0600 602.9800 3 VDD_CORE
<CMD> deselectVia 978.0600 590.3000 986.0600 591.7800 3 VDD_CORE
<CMD> deselectVia 978.0600 579.1000 986.0600 580.5800 3 VDD_CORE
<CMD> deselectVia 978.0600 567.9000 986.0600 569.3800 3 VDD_CORE
<CMD> deselectVia 978.0600 556.7000 986.0600 558.1800 3 VDD_CORE
<CMD> deselectVia 978.0600 545.5000 986.0600 546.9800 3 VDD_CORE
<CMD> deselectVia 978.0600 534.3000 986.0600 535.7800 3 VDD_CORE
<CMD> deselectVia 978.0600 523.1000 986.0600 524.5800 3 VDD_CORE
<CMD> deselectVia 978.0600 511.9000 986.0600 513.3800 3 VDD_CORE
<CMD> deselectVia 978.0600 500.7000 986.0600 502.1800 3 VDD_CORE
<CMD> deselectVia 978.0600 489.5000 986.0600 490.9800 3 VDD_CORE
<CMD> deselectVia 978.0600 478.3000 986.0600 479.7800 3 VDD_CORE
<CMD> deselectVia 978.0600 467.1000 986.0600 468.5800 3 VDD_CORE
<CMD> deselectVia 978.0600 455.9000 986.0600 457.3800 3 VDD_CORE
<CMD> deselectVia 978.0600 444.7000 986.0600 446.1800 3 VDD_CORE
<CMD> deselectVia 978.0600 433.5000 986.0600 434.9800 3 VDD_CORE
<CMD> deselectVia 978.0600 422.3000 986.0600 423.7800 3 VDD_CORE
<CMD> deselectVia 978.0600 411.1000 986.0600 412.5800 3 VDD_CORE
<CMD> deselectVia 978.0600 399.9000 986.0600 401.3800 3 VDD_CORE
<CMD> deselectVia 978.0600 388.7000 986.0600 390.1800 3 VDD_CORE
<CMD> deselectVia 978.0600 377.5000 986.0600 378.9800 3 VDD_CORE
<CMD> deselectVia 978.0600 366.3000 986.0600 367.7800 3 VDD_CORE
<CMD> deselectVia 978.0600 355.1000 986.0600 356.5800 3 VDD_CORE
<CMD> deselectVia 978.0600 343.9000 986.0600 345.3800 3 VDD_CORE
<CMD> deselectVia 978.0600 332.7000 986.0600 334.1800 3 VDD_CORE
<CMD> deselectVia 978.0600 321.5000 986.0600 322.9800 3 VDD_CORE
<CMD> deselectVia 978.0600 310.3000 986.0600 311.7800 3 VDD_CORE
<CMD> deselectVia 278.9200 948.7000 286.9200 950.1800 3 VDD_CORE
<CMD> deselectVia 278.9200 937.5000 286.9200 938.9800 3 VDD_CORE
<CMD> deselectVia 278.9200 926.3000 286.9200 927.7800 3 VDD_CORE
<CMD> deselectVia 278.9200 915.1000 286.9200 916.5800 3 VDD_CORE
<CMD> deselectVia 278.9200 903.9000 286.9200 905.3800 3 VDD_CORE
<CMD> deselectVia 278.9200 892.7000 286.9200 894.1800 3 VDD_CORE
<CMD> deselectVia 278.9200 881.5000 286.9200 882.9800 3 VDD_CORE
<CMD> deselectVia 278.9200 870.3000 286.9200 871.7800 3 VDD_CORE
<CMD> deselectVia 278.9200 859.1000 286.9200 860.5800 3 VDD_CORE
<CMD> deselectVia 278.9200 847.9000 286.9200 849.3800 3 VDD_CORE
<CMD> deselectVia 278.9200 836.7000 286.9200 838.1800 3 VDD_CORE
<CMD> deselectVia 278.9200 825.5000 286.9200 826.9800 3 VDD_CORE
<CMD> deselectVia 278.9200 814.3000 286.9200 815.7800 3 VDD_CORE
<CMD> deselectVia 278.9200 803.1000 286.9200 804.5800 3 VDD_CORE
<CMD> deselectVia 278.9200 791.9000 286.9200 793.3800 3 VDD_CORE
<CMD> deselectVia 278.9200 780.7000 286.9200 782.1800 3 VDD_CORE
<CMD> deselectVia 278.9200 769.5000 286.9200 770.9800 3 VDD_CORE
<CMD> deselectVia 278.9200 758.3000 286.9200 759.7800 3 VDD_CORE
<CMD> deselectVia 278.9200 747.1000 286.9200 748.5800 3 VDD_CORE
<CMD> deselectVia 278.9200 735.9000 286.9200 737.3800 3 VDD_CORE
<CMD> deselectVia 278.9200 724.7000 286.9200 726.1800 3 VDD_CORE
<CMD> deselectVia 278.9200 713.5000 286.9200 714.9800 3 VDD_CORE
<CMD> deselectVia 278.9200 702.3000 286.9200 703.7800 3 VDD_CORE
<CMD> deselectVia 278.9200 691.1000 286.9200 692.5800 3 VDD_CORE
<CMD> deselectVia 278.9200 679.9000 286.9200 681.3800 3 VDD_CORE
<CMD> deselectVia 278.9200 668.7000 286.9200 670.1800 3 VDD_CORE
<CMD> deselectVia 278.9200 657.5000 286.9200 658.9800 3 VDD_CORE
<CMD> deselectVia 278.9200 646.3000 286.9200 647.7800 3 VDD_CORE
<CMD> deselectVia 278.9200 635.1000 286.9200 636.5800 3 VDD_CORE
<CMD> deselectVia 278.9200 623.9000 286.9200 625.3800 3 VDD_CORE
<CMD> deselectVia 278.9200 612.7000 286.9200 614.1800 3 VDD_CORE
<CMD> deselectVia 278.9200 601.5000 286.9200 602.9800 3 VDD_CORE
<CMD> deselectVia 278.9200 590.3000 286.9200 591.7800 3 VDD_CORE
<CMD> deselectVia 278.9200 579.1000 286.9200 580.5800 3 VDD_CORE
<CMD> deselectVia 278.9200 567.9000 286.9200 569.3800 3 VDD_CORE
<CMD> deselectVia 278.9200 556.7000 286.9200 558.1800 3 VDD_CORE
<CMD> deselectVia 278.9200 545.5000 286.9200 546.9800 3 VDD_CORE
<CMD> deselectVia 278.9200 534.3000 286.9200 535.7800 3 VDD_CORE
<CMD> deselectVia 278.9200 523.1000 286.9200 524.5800 3 VDD_CORE
<CMD> deselectVia 278.9200 511.9000 286.9200 513.3800 3 VDD_CORE
<CMD> deselectVia 278.9200 500.7000 286.9200 502.1800 3 VDD_CORE
<CMD> deselectVia 278.9200 489.5000 286.9200 490.9800 3 VDD_CORE
<CMD> deselectVia 278.9200 478.3000 286.9200 479.7800 3 VDD_CORE
<CMD> deselectVia 278.9200 467.1000 286.9200 468.5800 3 VDD_CORE
<CMD> deselectVia 278.9200 455.9000 286.9200 457.3800 3 VDD_CORE
<CMD> deselectVia 278.9200 444.7000 286.9200 446.1800 3 VDD_CORE
<CMD> deselectVia 278.9200 433.5000 286.9200 434.9800 3 VDD_CORE
<CMD> deselectVia 278.9200 422.3000 286.9200 423.7800 3 VDD_CORE
<CMD> deselectVia 278.9200 411.1000 286.9200 412.5800 3 VDD_CORE
<CMD> deselectVia 278.9200 399.9000 286.9200 401.3800 3 VDD_CORE
<CMD> deselectVia 278.9200 388.7000 286.9200 390.1800 3 VDD_CORE
<CMD> deselectVia 278.9200 377.5000 286.9200 378.9800 3 VDD_CORE
<CMD> deselectVia 278.9200 366.3000 286.9200 367.7800 3 VDD_CORE
<CMD> deselectVia 278.9200 355.1000 286.9200 356.5800 3 VDD_CORE
<CMD> deselectVia 278.9200 343.9000 286.9200 345.3800 3 VDD_CORE
<CMD> deselectVia 278.9200 332.7000 286.9200 334.1800 3 VDD_CORE
<CMD> deselectVia 278.9200 321.5000 286.9200 322.9800 3 VDD_CORE
<CMD> deselectVia 978.0600 948.7000 986.0600 950.1800 4 VDD_CORE
<CMD> deselectVia 978.0600 937.5000 986.0600 938.9800 4 VDD_CORE
<CMD> deselectVia 978.0600 926.3000 986.0600 927.7800 4 VDD_CORE
<CMD> deselectVia 978.0600 915.1000 986.0600 916.5800 4 VDD_CORE
<CMD> deselectVia 978.0600 903.9000 986.0600 905.3800 4 VDD_CORE
<CMD> deselectVia 978.0600 892.7000 986.0600 894.1800 4 VDD_CORE
<CMD> deselectVia 978.0600 881.5000 986.0600 882.9800 4 VDD_CORE
<CMD> deselectVia 978.0600 870.3000 986.0600 871.7800 4 VDD_CORE
<CMD> deselectVia 978.0600 859.1000 986.0600 860.5800 4 VDD_CORE
<CMD> deselectVia 978.0600 847.9000 986.0600 849.3800 4 VDD_CORE
<CMD> deselectVia 978.0600 836.7000 986.0600 838.1800 4 VDD_CORE
<CMD> deselectVia 978.0600 825.5000 986.0600 826.9800 4 VDD_CORE
<CMD> deselectVia 978.0600 814.3000 986.0600 815.7800 4 VDD_CORE
<CMD> deselectVia 978.0600 803.1000 986.0600 804.5800 4 VDD_CORE
<CMD> deselectVia 978.0600 791.9000 986.0600 793.3800 4 VDD_CORE
<CMD> deselectVia 978.0600 780.7000 986.0600 782.1800 4 VDD_CORE
<CMD> deselectVia 978.0600 769.5000 986.0600 770.9800 4 VDD_CORE
<CMD> deselectVia 978.0600 758.3000 986.0600 759.7800 4 VDD_CORE
<CMD> deselectVia 978.0600 747.1000 986.0600 748.5800 4 VDD_CORE
<CMD> deselectVia 978.0600 735.9000 986.0600 737.3800 4 VDD_CORE
<CMD> deselectVia 978.0600 724.7000 986.0600 726.1800 4 VDD_CORE
<CMD> deselectVia 978.0600 713.5000 986.0600 714.9800 4 VDD_CORE
<CMD> deselectVia 978.0600 702.3000 986.0600 703.7800 4 VDD_CORE
<CMD> deselectVia 978.0600 691.1000 986.0600 692.5800 4 VDD_CORE
<CMD> deselectVia 978.0600 679.9000 986.0600 681.3800 4 VDD_CORE
<CMD> deselectVia 978.0600 668.7000 986.0600 670.1800 4 VDD_CORE
<CMD> deselectVia 978.0600 657.5000 986.0600 658.9800 4 VDD_CORE
<CMD> deselectVia 978.0600 646.3000 986.0600 647.7800 4 VDD_CORE
<CMD> deselectVia 978.0600 635.1000 986.0600 636.5800 4 VDD_CORE
<CMD> deselectVia 978.0600 623.9000 986.0600 625.3800 4 VDD_CORE
<CMD> deselectVia 978.0600 612.7000 986.0600 614.1800 4 VDD_CORE
<CMD> deselectVia 978.0600 601.5000 986.0600 602.9800 4 VDD_CORE
<CMD> deselectVia 978.0600 590.3000 986.0600 591.7800 4 VDD_CORE
<CMD> deselectVia 978.0600 579.1000 986.0600 580.5800 4 VDD_CORE
<CMD> deselectVia 978.0600 567.9000 986.0600 569.3800 4 VDD_CORE
<CMD> deselectVia 978.0600 556.7000 986.0600 558.1800 4 VDD_CORE
<CMD> deselectVia 978.0600 545.5000 986.0600 546.9800 4 VDD_CORE
<CMD> deselectVia 978.0600 534.3000 986.0600 535.7800 4 VDD_CORE
<CMD> deselectVia 978.0600 523.1000 986.0600 524.5800 4 VDD_CORE
<CMD> deselectVia 978.0600 511.9000 986.0600 513.3800 4 VDD_CORE
<CMD> deselectVia 978.0600 500.7000 986.0600 502.1800 4 VDD_CORE
<CMD> deselectVia 978.0600 489.5000 986.0600 490.9800 4 VDD_CORE
<CMD> deselectVia 978.0600 478.3000 986.0600 479.7800 4 VDD_CORE
<CMD> deselectVia 978.0600 467.1000 986.0600 468.5800 4 VDD_CORE
<CMD> deselectVia 978.0600 455.9000 986.0600 457.3800 4 VDD_CORE
<CMD> deselectVia 978.0600 444.7000 986.0600 446.1800 4 VDD_CORE
<CMD> deselectVia 978.0600 433.5000 986.0600 434.9800 4 VDD_CORE
<CMD> deselectVia 978.0600 422.3000 986.0600 423.7800 4 VDD_CORE
<CMD> deselectVia 978.0600 411.1000 986.0600 412.5800 4 VDD_CORE
<CMD> deselectVia 978.0600 399.9000 986.0600 401.3800 4 VDD_CORE
<CMD> deselectVia 978.0600 388.7000 986.0600 390.1800 4 VDD_CORE
<CMD> deselectVia 978.0600 377.5000 986.0600 378.9800 4 VDD_CORE
<CMD> deselectVia 978.0600 366.3000 986.0600 367.7800 4 VDD_CORE
<CMD> deselectVia 978.0600 355.1000 986.0600 356.5800 4 VDD_CORE
<CMD> deselectVia 978.0600 343.9000 986.0600 345.3800 4 VDD_CORE
<CMD> deselectVia 978.0600 332.7000 986.0600 334.1800 4 VDD_CORE
<CMD> deselectVia 978.0600 321.5000 986.0600 322.9800 4 VDD_CORE
<CMD> deselectVia 978.0600 310.3000 986.0600 311.7800 4 VDD_CORE
<CMD> deselectVia 278.9200 702.3000 286.9200 703.7800 4 VDD_CORE
<CMD> deselectVia 278.9200 691.1000 286.9200 692.5800 4 VDD_CORE
<CMD> deselectVia 278.9200 679.9000 286.9200 681.3800 4 VDD_CORE
<CMD> deselectVia 278.9200 668.7000 286.9200 670.1800 4 VDD_CORE
<CMD> deselectVia 278.9200 657.5000 286.9200 658.9800 4 VDD_CORE
<CMD> deselectVia 278.9200 646.3000 286.9200 647.7800 4 VDD_CORE
<CMD> deselectVia 278.9200 635.1000 286.9200 636.5800 4 VDD_CORE
<CMD> deselectVia 278.9200 623.9000 286.9200 625.3800 4 VDD_CORE
<CMD> deselectVia 278.9200 612.7000 286.9200 614.1800 4 VDD_CORE
<CMD> deselectVia 278.9200 601.5000 286.9200 602.9800 4 VDD_CORE
<CMD> deselectVia 278.9200 590.3000 286.9200 591.7800 4 VDD_CORE
<CMD> deselectVia 278.9200 579.1000 286.9200 580.5800 4 VDD_CORE
<CMD> deselectVia 278.9200 567.9000 286.9200 569.3800 4 VDD_CORE
<CMD> deselectVia 278.9200 556.7000 286.9200 558.1800 4 VDD_CORE
<CMD> deselectVia 278.9200 545.5000 286.9200 546.9800 4 VDD_CORE
<CMD> deselectVia 278.9200 534.3000 286.9200 535.7800 4 VDD_CORE
<CMD> deselectVia 278.9200 523.1000 286.9200 524.5800 4 VDD_CORE
<CMD> deselectVia 278.9200 511.9000 286.9200 513.3800 4 VDD_CORE
<CMD> deselectVia 278.9200 500.7000 286.9200 502.1800 4 VDD_CORE
<CMD> deselectVia 278.9200 489.5000 286.9200 490.9800 4 VDD_CORE
<CMD> deselectVia 278.9200 478.3000 286.9200 479.7800 4 VDD_CORE
<CMD> deselectVia 278.9200 467.1000 286.9200 468.5800 4 VDD_CORE
<CMD> deselectVia 278.9200 455.9000 286.9200 457.3800 4 VDD_CORE
<CMD> deselectVia 278.9200 444.7000 286.9200 446.1800 4 VDD_CORE
<CMD> deselectVia 278.9200 433.5000 286.9200 434.9800 4 VDD_CORE
<CMD> deselectVia 278.9200 422.3000 286.9200 423.7800 4 VDD_CORE
<CMD> deselectVia 278.9200 411.1000 286.9200 412.5800 4 VDD_CORE
<CMD> deselectVia 278.9200 399.9000 286.9200 401.3800 4 VDD_CORE
<CMD> deselectVia 278.9200 388.7000 286.9200 390.1800 4 VDD_CORE
<CMD> deselectVia 278.9200 377.5000 286.9200 378.9800 4 VDD_CORE
<CMD> deselectVia 278.9200 366.3000 286.9200 367.7800 4 VDD_CORE
<CMD> deselectVia 278.9200 355.1000 286.9200 356.5800 4 VDD_CORE
<CMD> deselectVia 278.9200 343.9000 286.9200 345.3800 4 VDD_CORE
<CMD> deselectVia 278.9200 332.7000 286.9200 334.1800 4 VDD_CORE
<CMD> deselectVia 278.9200 321.5000 286.9200 322.9800 4 VDD_CORE
<CMD> deselectVia 278.9200 948.7000 286.9200 950.1800 4 VDD_CORE
<CMD> deselectVia 278.9200 937.5000 286.9200 938.9800 4 VDD_CORE
<CMD> deselectVia 278.9200 926.3000 286.9200 927.7800 4 VDD_CORE
<CMD> deselectVia 278.9200 915.1000 286.9200 916.5800 4 VDD_CORE
<CMD> deselectVia 278.9200 903.9000 286.9200 905.3800 4 VDD_CORE
<CMD> deselectVia 278.9200 892.7000 286.9200 894.1800 4 VDD_CORE
<CMD> deselectVia 278.9200 881.5000 286.9200 882.9800 4 VDD_CORE
<CMD> deselectVia 278.9200 870.3000 286.9200 871.7800 4 VDD_CORE
<CMD> deselectVia 278.9200 859.1000 286.9200 860.5800 4 VDD_CORE
<CMD> deselectVia 278.9200 847.9000 286.9200 849.3800 4 VDD_CORE
<CMD> deselectVia 278.9200 836.7000 286.9200 838.1800 4 VDD_CORE
<CMD> deselectVia 278.9200 825.5000 286.9200 826.9800 4 VDD_CORE
<CMD> deselectVia 278.9200 814.3000 286.9200 815.7800 4 VDD_CORE
<CMD> deselectVia 278.9200 803.1000 286.9200 804.5800 4 VDD_CORE
<CMD> deselectVia 278.9200 791.9000 286.9200 793.3800 4 VDD_CORE
<CMD> deselectVia 278.9200 780.7000 286.9200 782.1800 4 VDD_CORE
<CMD> deselectVia 278.9200 769.5000 286.9200 770.9800 4 VDD_CORE
<CMD> deselectVia 278.9200 758.3000 286.9200 759.7800 4 VDD_CORE
<CMD> deselectVia 278.9200 747.1000 286.9200 748.5800 4 VDD_CORE
<CMD> deselectVia 907.8400 991.8200 911.8400 999.8200 4 VSS_CORE
<CMD> deselectVia 807.8400 991.8200 811.8400 999.8200 4 VSS_CORE
<CMD> deselectVia 707.8400 991.8200 711.8400 999.8200 4 VSS_CORE
<CMD> deselectVia 994.0600 991.8200 1002.0600 999.8200 4 VSS_CORE
<CMD> deselectWire 965.1200 959.9000 986.0600 960.6400 1 VDD_CORE
<CMD> deselectVia 978.0600 975.8200 986.0600 983.8200 4 VDD_CORE
<CMD> deselectVia 699.8400 975.8200 703.8400 983.8200 4 VDD_CORE
<CMD> deselectVia 799.8400 975.8200 803.8400 983.8200 4 VDD_CORE
<CMD> deselectVia 899.8400 975.8200 903.8400 983.8200 4 VDD_CORE
<CMD> deselectVia 978.0600 959.9000 986.0600 960.6400 2 VDD_CORE
<CMD> deselectVia 978.0600 959.9000 986.0600 960.6400 3 VDD_CORE
<CMD> deselectVia 978.0600 959.9000 986.0600 960.6400 4 VDD_CORE
<CMD> deselectVia 262.9200 991.8200 270.9200 999.8200 4 VSS_CORE
<CMD> deselectVia 307.8400 991.8200 311.8400 999.8200 4 VSS_CORE
<CMD> deselectVia 407.8400 991.8200 411.8400 999.8200 4 VSS_CORE
<CMD> deselectVia 507.8400 991.8200 511.8400 999.8200 4 VSS_CORE
<CMD> deselectVia 607.8400 991.8200 611.8400 999.8200 4 VSS_CORE
<CMD> deselectWire 278.9200 959.9000 299.8400 960.6400 1 VDD_CORE
<CMD> deselectVia 278.9200 975.8200 286.9200 983.8200 4 VDD_CORE
<CMD> deselectVia 299.8400 975.8200 303.8400 983.8200 4 VDD_CORE
<CMD> deselectVia 399.8400 975.8200 403.8400 983.8200 4 VDD_CORE
<CMD> deselectVia 499.8400 975.8200 503.8400 983.8200 4 VDD_CORE
<CMD> deselectVia 599.8400 975.8200 603.8400 983.8200 4 VDD_CORE
<CMD> deselectVia 278.9200 959.9000 286.9200 960.6400 2 VDD_CORE
<CMD> deselectVia 278.9200 959.9000 286.9200 960.6400 3 VDD_CORE
<CMD> deselectVia 278.9200 959.9000 286.9200 960.6400 4 VDD_CORE
<CMD> deselectVia 276.9800 745.4200 278.4600 746.9000 2 VSS_CORE
<CMD> deselectVia 276.9800 730.3000 278.4600 731.7800 2 VSS_CORE
<CMD> deselectVia 270.2600 719.1000 271.7400 720.5800 2 VSS_CORE
<CMD> deselectVia 262.9200 786.3000 270.9200 787.7800 4 VSS_CORE
<CMD> deselectVia 262.9200 775.1000 270.9200 776.5800 4 VSS_CORE
<CMD> deselectWire 276.9800 731.0400 278.4600 746.1600 2 VSS_CORE
<CMD> deselectWire 270.2600 709.2000 271.7400 719.8400 2 VSS_CORE
<CMD> deselectWire 271.3800 741.5000 272.8600 746.9000 1 VSS_CORE
<CMD> deselectWire 262.9200 708.4600 271.0000 709.9400 3 VSS_CORE
<CMD> deselectWire 271.0000 719.1000 299.8400 720.5800 1 VSS_CORE
<CMD> deselectWire 271.3800 741.5000 299.8400 742.9800 1 VSS_CORE
<CMD> deselectWire 277.7200 730.3000 299.8400 731.7800 1 VSS_CORE
<CMD> deselectWire 262.9200 745.4200 277.7200 746.9000 1 VSS_CORE
<CMD> deselectWire 262.9200 745.4200 272.8600 746.9000 1 VSS_CORE
<CMD> deselectWire 276.9800 745.4200 278.4600 746.9000 1 VSS_CORE
<CMD> deselectWire 276.9800 730.3000 278.4600 731.7800 1 VSS_CORE
<CMD> deselectWire 248.7100 795.6200 270.9200 829.4400 3 VSS_CORE
<CMD> deselectVia 262.9200 795.6200 270.9200 829.4400 4 VSS_CORE
<CMD> deselectVia 262.9200 745.4200 270.9200 746.9000 2 VSS_CORE
<CMD> deselectVia 262.9200 752.7000 270.9200 754.1800 2 VSS_CORE
<CMD> deselectVia 262.9200 745.4200 270.9200 746.9000 3 VSS_CORE
<CMD> deselectVia 262.9200 752.7000 270.9200 754.1800 3 VSS_CORE
<CMD> deselectVia 262.9200 745.4200 270.9200 746.9000 4 VSS_CORE
<CMD> deselectVia 262.9200 752.7000 270.9200 754.1800 4 VSS_CORE
<CMD> deselectVia 262.9200 763.9000 270.9200 765.3800 4 VSS_CORE
<CMD> deselectVia 262.9200 707.9000 270.9200 709.9400 4 VSS_CORE
<CMD> deselectVia 270.2600 708.4600 271.7400 709.9400 3 VSS_CORE
<CMD> deselectWire 248.7200 710.6200 286.9200 744.4400 3 VDD_CORE
<CMD> deselectVia 278.9200 710.6200 286.9200 744.4400 4 VDD_CORE
<CMD> deselectWire 262.9200 991.8200 1002.0600 999.8200 3 VSS_CORE
<CMD> deselectWire 278.9200 975.8200 986.0600 983.8200 3 VDD_CORE
<CMD> deselectWire 299.8400 959.9000 965.1200 960.6400 1 VDD_CORE
<CMD> deselectVia 978.0600 278.9200 986.0600 286.9200 4 VDD_CORE
<CMD> deselectWire 710.5600 248.3000 744.3800 286.9200 2 VDD_CORE
<CMD> deselectWire 965.1200 310.3000 986.0600 311.7800 1 VDD_CORE
<CMD> deselectWire 965.1200 299.8400 986.0600 300.5800 1 VDD_CORE
<CMD> deselectVia 795.5600 262.9200 829.3800 270.9200 4 VSS_CORE
<CMD> deselectVia 907.8400 262.9200 911.8400 270.9200 4 VSS_CORE
<CMD> deselectVia 707.8400 262.9200 711.8400 270.9200 4 VSS_CORE
<CMD> deselectWire 965.1200 304.7000 1002.0600 306.1800 1 VSS_CORE
<CMD> deselectWire 795.5600 248.7100 829.3800 270.9200 4 VSS_CORE
<CMD> deselectVia 994.0600 262.9200 1002.0600 270.9200 4 VSS_CORE
<CMD> deselectVia 699.8400 278.9200 703.8400 286.9200 4 VDD_CORE
<CMD> deselectVia 799.8400 278.9200 803.8400 286.9200 4 VDD_CORE
<CMD> deselectVia 899.8400 278.9200 903.8400 286.9200 4 VDD_CORE
<CMD> deselectVia 710.5600 278.9200 744.3800 286.9200 3 VDD_CORE
<CMD> deselectVia 978.0600 299.8400 986.0600 300.5800 2 VDD_CORE
<CMD> deselectVia 978.0600 299.8400 986.0600 300.5800 3 VDD_CORE
<CMD> deselectVia 978.0600 299.8400 986.0600 300.5800 4 VDD_CORE
<CMD> deselectVia 499.8400 278.9200 503.8400 286.9200 4 VDD_CORE
<CMD> deselectVia 399.8400 278.9200 403.8400 286.9200 4 VDD_CORE
<CMD> deselectVia 299.8400 278.9200 303.8400 286.9200 4 VDD_CORE
<CMD> deselectVia 278.9200 278.9200 286.9200 286.9200 4 VDD_CORE
<CMD> deselectWire 278.9200 310.3000 299.8400 311.7800 1 VDD_CORE
<CMD> deselectWire 278.9200 299.8400 299.8400 300.5800 1 VDD_CORE
<CMD> deselectVia 262.9200 304.7000 270.9200 306.1800 4 VSS_CORE
<CMD> deselectVia 262.9200 304.7000 270.9200 306.1800 3 VSS_CORE
<CMD> deselectVia 262.9200 304.7000 270.9200 306.1800 2 VSS_CORE
<CMD> deselectVia 607.8400 262.9200 611.8400 270.9200 4 VSS_CORE
<CMD> deselectVia 507.8400 262.9200 511.8400 270.9200 4 VSS_CORE
<CMD> deselectVia 407.8400 262.9200 411.8400 270.9200 4 VSS_CORE
<CMD> deselectVia 307.8400 262.9200 311.8400 270.9200 4 VSS_CORE
<CMD> deselectWire 262.9200 304.7000 299.8400 306.1800 1 VSS_CORE
<CMD> deselectVia 262.9200 262.9200 270.9200 270.9200 4 VSS_CORE
<CMD> deselectVia 599.8400 278.9200 603.8400 286.9200 4 VDD_CORE
<CMD> deselectVia 278.9200 299.8400 286.9200 300.5800 2 VDD_CORE
<CMD> deselectVia 278.9200 299.8400 286.9200 300.5800 3 VDD_CORE
<CMD> deselectVia 278.9200 299.8400 286.9200 300.5800 4 VDD_CORE
<CMD> deselectVia 278.9200 310.3000 286.9200 311.7800 2 VDD_CORE
<CMD> deselectVia 278.9200 310.3000 286.9200 311.7800 3 VDD_CORE
<CMD> deselectVia 278.9200 310.3000 286.9200 311.7800 4 VDD_CORE
<CMD> deselectWire 299.8400 304.7000 965.1200 306.1800 1 VSS_CORE
<CMD> deselectWire 262.9200 262.9200 1002.0600 270.9200 3 VSS_CORE
<CMD> deselectWire 278.9200 278.9200 986.0600 286.9200 3 VDD_CORE
<CMD> deselectWire 299.8400 299.8400 965.1200 300.5800 1 VDD_CORE
<CMD> deselectWire 299.8400 310.3000 965.1200 311.7800 1 VDD_CORE
<CMD> deselectWire 262.9200 262.9200 270.9200 999.8200 4 VSS_CORE
<CMD> deselectWire 994.0600 262.9200 1002.0600 999.8200 4 VSS_CORE
<CMD> deselectWire 307.8400 262.9200 311.8400 999.8200 4 VSS_CORE
<CMD> deselectWire 407.8400 262.9200 411.8400 999.8200 4 VSS_CORE
<CMD> deselectWire 507.8400 262.9200 511.8400 999.8200 4 VSS_CORE
<CMD> deselectWire 607.8400 262.9200 611.8400 999.8200 4 VSS_CORE
<CMD> deselectWire 707.8400 262.9200 711.8400 999.8200 4 VSS_CORE
<CMD> deselectWire 807.8400 262.9200 811.8400 999.8200 4 VSS_CORE
<CMD> deselectWire 907.8400 262.9200 911.8400 999.8200 4 VSS_CORE
<CMD> deselectWire 278.9200 278.9200 286.9200 983.8200 4 VDD_CORE
<CMD> deselectWire 978.0600 278.9200 986.0600 983.8200 4 VDD_CORE
<CMD> deselectWire 299.8400 278.9200 303.8400 983.8200 4 VDD_CORE
<CMD> deselectWire 399.8400 278.9200 403.8400 983.8200 4 VDD_CORE
<CMD> deselectWire 499.8400 278.9200 503.8400 983.8200 4 VDD_CORE
<CMD> deselectWire 599.8400 278.9200 603.8400 983.8200 4 VDD_CORE
<CMD> deselectWire 699.8400 278.9200 703.8400 983.8200 4 VDD_CORE
<CMD> deselectWire 799.8400 278.9200 803.8400 983.8200 4 VDD_CORE
<CMD> deselectWire 899.8400 278.9200 903.8400 983.8200 4 VDD_CORE
<CMD> deselectAll
<CMD> ui_view_box
<CMD> ui_view_box
<CMD> dbquery -area {-806.595 -63.25 2071.595 1328.25} -objType inst
<CMD> dbquery -area {-806.595 -63.25 2071.595 1328.25} -objType regular
<CMD> dbquery -area {-806.595 -63.25 2071.595 1328.25} -objType special
<CMD> selectInst pv0a_VSSO_CORE_1
<CMD> deselectInst pv0a_VSSO_CORE_1
<CMD> deselectInst pv0a_VSSO_CORE_1
<CMD> streamOut UART -mapFile ../../SCL/scl180/digital_pnr_kit/snps/non_rh/4M1L/SCL_TLUPLUS_4M1L.map -libName DesignLib -units 1000 -mode ALL
Parse flat map file...
**ERROR: (IMPOGDS-1556):	 Line 1: Incorrect map ********************************************************************************
....Check the number of fields on this line
Type 'man IMPOGDS-1556' for more detail.
**ERROR: (IMPOGDS-1556):	 Line 2: Incorrect map *       File:           TLUPLUS map file
....Check the number of fields on this line
Type 'man IMPOGDS-1556' for more detail.
**ERROR: (IMPOGDS-1556):	 Line 4: Incorrect map ********************************************************************
....Check the number of fields on this line
Type 'man IMPOGDS-1556' for more detail.
**WARN: (IMPOGDS-1558):	 Ignore invalid line   6: conducting_layers
**WARN: (IMPOGDS-1558):	 Ignore invalid line   7:   poly			POLY
**WARN: (IMPOGDS-392):	Unknown layer poly 
Type 'man IMPOGDS-392' for more detail.
**WARN: (IMPOGDS-1558):	 Ignore invalid line   8:   metal1                M1
**WARN: (IMPOGDS-392):	Unknown layer metal1 
Type 'man IMPOGDS-392' for more detail.
**WARN: (IMPOGDS-1558):	 Ignore invalid line   9:   metal2                M2
**WARN: (IMPOGDS-392):	Unknown layer metal2 
Type 'man IMPOGDS-392' for more detail.
**WARN: (IMPOGDS-1558):	 Ignore invalid line  10:   metal3                M3
**WARN: (IMPOGDS-392):	Unknown layer metal3 
Type 'man IMPOGDS-392' for more detail.
**WARN: (IMPOGDS-1558):	 Ignore invalid line  11:   metal4                TOP_M
**WARN: (IMPOGDS-392):	Unknown layer metal4 
Type 'man IMPOGDS-392' for more detail.
**WARN: (IMPOGDS-1558):	 Ignore invalid line  13: via_layers
**WARN: (IMPOGDS-1558):	 Ignore invalid line  14:   CC			CS_GC
**WARN: (IMPOGDS-392):	Unknown layer CC 
Type 'man IMPOGDS-392' for more detail.
**WARN: (IMPOGDS-1558):	 Ignore invalid line  15:   via1                    V2
**WARN: (IMPOGDS-392):	Unknown layer via1 
Type 'man IMPOGDS-392' for more detail.
**WARN: (IMPOGDS-1558):	 Ignore invalid line  16:   via2                    V3
**WARN: (IMPOGDS-392):	Unknown layer via2 
Type 'man IMPOGDS-392' for more detail.
**WARN: (IMPOGDS-1558):	 Ignore invalid line  17:   via3                    TOP_V
**WARN: (IMPOGDS-392):	Unknown layer via3 
Type 'man IMPOGDS-392' for more detail.
**WARN: (IMPOGDS-1558):	 Ignore invalid line  19: marker_layers
**WARN: (IMPOGDS-1558):	 Ignore invalid line  21: remove_layers
**WARN: (IMPOGDS-1558):	 Ignore invalid line  22:   ACTIVE
**WARN: (IMPOGDS-1558):	 Ignore invalid line  23:   SUBSTRATE
Writing GDSII file ...
	****** db unit per micron = 1000 ******
	****** output gds2 file unit per micron = 1000 ******
	****** unit scaling factor = 1 ******
Output for instance
Output for bump
Output for via structure generation total number 0
Statistics for GDS generated (version 3)
----------------------------------------
Stream Out Layer Mapping Information:
GDS Layer Number          GDS Layer Name
----------------------------------------


Stream Out Information Processed for GDS version 3:
Units: 1000 DBU

Object                             Count
----------------------------------------
Instances                            412

Ports/Pins                             0

Nets                                   0

    Via Instances                      0

Special Nets                           0

    Via Instances                      0

Metal Fills                            0

    Via Instances                      0

Metal FillOPCs                         0

    Via Instances                      0

Metal FillDRCs                         0

    Via Instances                      0

Text                                   0


Blockages                              0


Custom Text                            0


Custom Box                             0

Trim Metal                             0

######Streamout is finished!
<CMD> streamOut UART -mapFile ../../SCL/scl180/digital_pnr_kit/snps/non_rh/4M1L/icc_gds_out_4LM.map -libName DesignLib -units 1000 -mode ALL
Parse flat map file...
**ERROR: (IMPOGDS-1556):	 Line 1: Incorrect map ; Abutment box mapped to Milkyway boundary layer
....Check the number of fields on this line
Type 'man IMPOGDS-1556' for more detail.
**ERROR: (IMPOGDS-1556):	 Line 2: Incorrect map ; This map file is address to incorporate seperate defination for Text in each metal layer. 
....Check the number of fields on this line
Type 'man IMPOGDS-1556' for more detail.
**WARN: (IMPOGDS-1558):	 Ignore invalid line   4: D 255 235
**WARN: (IMPOGDS-392):	Unknown layer D 
Type 'man IMPOGDS-392' for more detail.
**ERROR: (IMPOGDS-1556):	 Line 6: Incorrect map T 40  40 7  ;
....Check the number of fields on this line
Type 'man IMPOGDS-1556' for more detail.
**ERROR: (IMPOGDS-1556):	 Line 7: Incorrect map T 42  42 7  ;
....Check the number of fields on this line
Type 'man IMPOGDS-1556' for more detail.
**ERROR: (IMPOGDS-1556):	 Line 8: Incorrect map T 44  44 7  ;
....Check the number of fields on this line
Type 'man IMPOGDS-1556' for more detail.
**ERROR: (IMPOGDS-1556):	 Line 9: Incorrect map T 50  50 7  ;
....Check the number of fields on this line
Type 'man IMPOGDS-1556' for more detail.
**ERROR: (IMPOGDS-1556):	 Line 11: Incorrect map ; Blocking layer mapped on Synopsys's blocking layer
....Check the number of fields on this line
Type 'man IMPOGDS-1556' for more detail.
**ERROR: (IMPOGDS-1556):	 Line 12: Incorrect map D 218 40 84 ; mapped to default blocking metal 1
....Check the number of fields on this line
Type 'man IMPOGDS-1556' for more detail.
**ERROR: (IMPOGDS-1556):	 Line 13: Incorrect map D 219 42 84 ; mapped to default blocking metal 2
....Check the number of fields on this line
Type 'man IMPOGDS-1556' for more detail.
**ERROR: (IMPOGDS-1556):	 Line 14: Incorrect map D 220 44 84 ; mapped to default blocking metal 3
....Check the number of fields on this line
Type 'man IMPOGDS-1556' for more detail.
**ERROR: (IMPOGDS-1556):	 Line 15: Incorrect map D 216 46 84 ; mapped to default blocking metal 4
....Check the number of fields on this line
Type 'man IMPOGDS-1556' for more detail.
**ERROR: (IMPOGDS-1556):	 Line 16: Incorrect map D 239 48 84 ; mapped to default blocking metal 5
....Check the number of fields on this line
Type 'man IMPOGDS-1556' for more detail.
**ERROR: (IMPOGDS-1556):	 Line 17: Incorrect map D 240 52 84 ; mapped to default blocking metal 6
....Check the number of fields on this line
Type 'man IMPOGDS-1556' for more detail.
**ERROR: (IMPOGDS-1556):	 Line 18: Incorrect map D 208 54 84 ; mapped to default blocking metal 7
....Check the number of fields on this line
Type 'man IMPOGDS-1556' for more detail.
**ERROR: (IMPOGDS-1556):	 Line 19: Incorrect map D 210 50 84 ; mapped to default blocking metal last
....Check the number of fields on this line
Type 'man IMPOGDS-1556' for more detail.
**ERROR: (IMPOGDS-1556):	 Line 21: Incorrect map D 8:19 8 19  ; layer GC_pin
....Check the number of fields on this line
Type 'man IMPOGDS-1556' for more detail.
**ERROR: (IMPOGDS-1556):	 Line 22: Incorrect map D 40:19 40 19  ; layer M1_pin
....Check the number of fields on this line
Type 'man IMPOGDS-1556' for more detail.
**ERROR: (IMPOGDS-1556):	 Line 23: Incorrect map D 42:19 42 19  ; layer M2_pin
....Check the number of fields on this line
Type 'man IMPOGDS-1556' for more detail.
**ERROR: (IMPOGDS-1556):	 Line 24: Incorrect map D 44:19 44 19  ; layer M3_pin
....Check the number of fields on this line
Type 'man IMPOGDS-1556' for more detail.
**ERROR: (IMPOGDS-1556):	 Line 25: Incorrect map D 68:19 68 19  ; layer PAD_pin
....Check the number of fields on this line
Type 'man IMPOGDS-1556' for more detail.
**WARN: (EMS-27):	Message (IMPOGDS-1556) has exceeded the current message display limit of 20.
To increase the message display limit, refer to the product command reference manual.
Writing GDSII file ...
	****** db unit per micron = 1000 ******
	****** output gds2 file unit per micron = 1000 ******
	****** unit scaling factor = 1 ******
Output for instance
Output for bump
Output for via structure generation total number 0
Statistics for GDS generated (version 3)
----------------------------------------
Stream Out Layer Mapping Information:
GDS Layer Number          GDS Layer Name
----------------------------------------


Stream Out Information Processed for GDS version 3:
Units: 1000 DBU

Object                             Count
----------------------------------------
Instances                            412

Ports/Pins                             0

Nets                                   0

    Via Instances                      0

Special Nets                           0

    Via Instances                      0

Metal Fills                            0

    Via Instances                      0

Metal FillOPCs                         0

    Via Instances                      0

Metal FillDRCs                         0

    Via Instances                      0

Text                                   0


Blockages                              0


Custom Text                            0


Custom Box                             0

Trim Metal                             0

######Streamout is finished!
<CMD> streamOut UART -mapFile ../../SCL/scl180/digital_pnr_kit/snps/non_rh/4M1L/icc_gds_out_4LM.map -libName DesignLib -structureName uart -units 1000 -mode ALL
Parse flat map file...
**ERROR: (IMPOGDS-1556):	 Line 1: Incorrect map ; Abutment box mapped to Milkyway boundary layer
....Check the number of fields on this line
Type 'man IMPOGDS-1556' for more detail.
**ERROR: (IMPOGDS-1556):	 Line 2: Incorrect map ; This map file is address to incorporate seperate defination for Text in each metal layer. 
....Check the number of fields on this line
Type 'man IMPOGDS-1556' for more detail.
**WARN: (IMPOGDS-1558):	 Ignore invalid line   4: D 255 235
**WARN: (IMPOGDS-392):	Unknown layer D 
Type 'man IMPOGDS-392' for more detail.
**ERROR: (IMPOGDS-1556):	 Line 6: Incorrect map T 40  40 7  ;
....Check the number of fields on this line
Type 'man IMPOGDS-1556' for more detail.
**ERROR: (IMPOGDS-1556):	 Line 7: Incorrect map T 42  42 7  ;
....Check the number of fields on this line
Type 'man IMPOGDS-1556' for more detail.
**ERROR: (IMPOGDS-1556):	 Line 8: Incorrect map T 44  44 7  ;
....Check the number of fields on this line
Type 'man IMPOGDS-1556' for more detail.
**ERROR: (IMPOGDS-1556):	 Line 9: Incorrect map T 50  50 7  ;
....Check the number of fields on this line
Type 'man IMPOGDS-1556' for more detail.
**ERROR: (IMPOGDS-1556):	 Line 11: Incorrect map ; Blocking layer mapped on Synopsys's blocking layer
....Check the number of fields on this line
Type 'man IMPOGDS-1556' for more detail.
**ERROR: (IMPOGDS-1556):	 Line 12: Incorrect map D 218 40 84 ; mapped to default blocking metal 1
....Check the number of fields on this line
Type 'man IMPOGDS-1556' for more detail.
**ERROR: (IMPOGDS-1556):	 Line 13: Incorrect map D 219 42 84 ; mapped to default blocking metal 2
....Check the number of fields on this line
Type 'man IMPOGDS-1556' for more detail.
**ERROR: (IMPOGDS-1556):	 Line 14: Incorrect map D 220 44 84 ; mapped to default blocking metal 3
....Check the number of fields on this line
Type 'man IMPOGDS-1556' for more detail.
**ERROR: (IMPOGDS-1556):	 Line 15: Incorrect map D 216 46 84 ; mapped to default blocking metal 4
....Check the number of fields on this line
Type 'man IMPOGDS-1556' for more detail.
**ERROR: (IMPOGDS-1556):	 Line 16: Incorrect map D 239 48 84 ; mapped to default blocking metal 5
....Check the number of fields on this line
Type 'man IMPOGDS-1556' for more detail.
**ERROR: (IMPOGDS-1556):	 Line 17: Incorrect map D 240 52 84 ; mapped to default blocking metal 6
....Check the number of fields on this line
Type 'man IMPOGDS-1556' for more detail.
**ERROR: (IMPOGDS-1556):	 Line 18: Incorrect map D 208 54 84 ; mapped to default blocking metal 7
....Check the number of fields on this line
Type 'man IMPOGDS-1556' for more detail.
**ERROR: (IMPOGDS-1556):	 Line 19: Incorrect map D 210 50 84 ; mapped to default blocking metal last
....Check the number of fields on this line
Type 'man IMPOGDS-1556' for more detail.
**ERROR: (IMPOGDS-1556):	 Line 21: Incorrect map D 8:19 8 19  ; layer GC_pin
....Check the number of fields on this line
Type 'man IMPOGDS-1556' for more detail.
**ERROR: (IMPOGDS-1556):	 Line 22: Incorrect map D 40:19 40 19  ; layer M1_pin
....Check the number of fields on this line
Type 'man IMPOGDS-1556' for more detail.
**ERROR: (IMPOGDS-1556):	 Line 23: Incorrect map D 42:19 42 19  ; layer M2_pin
....Check the number of fields on this line
Type 'man IMPOGDS-1556' for more detail.
**ERROR: (IMPOGDS-1556):	 Line 24: Incorrect map D 44:19 44 19  ; layer M3_pin
....Check the number of fields on this line
Type 'man IMPOGDS-1556' for more detail.
**ERROR: (IMPOGDS-1556):	 Line 25: Incorrect map D 68:19 68 19  ; layer PAD_pin
....Check the number of fields on this line
Type 'man IMPOGDS-1556' for more detail.
**WARN: (EMS-27):	Message (IMPOGDS-1556) has exceeded the current message display limit of 20.
To increase the message display limit, refer to the product command reference manual.
Writing GDSII file ...
	****** db unit per micron = 1000 ******
	****** output gds2 file unit per micron = 1000 ******
	****** unit scaling factor = 1 ******
Output for instance
Output for bump
Output for via structure generation total number 0
Statistics for GDS generated (version 3)
----------------------------------------
Stream Out Layer Mapping Information:
GDS Layer Number          GDS Layer Name
----------------------------------------


Stream Out Information Processed for GDS version 3:
Units: 1000 DBU

Object                             Count
----------------------------------------
Instances                            412

Ports/Pins                             0

Nets                                   0

    Via Instances                      0

Special Nets                           0

    Via Instances                      0

Metal Fills                            0

    Via Instances                      0

Metal FillOPCs                         0

    Via Instances                      0

Metal FillDRCs                         0

    Via Instances                      0

Text                                   0


Blockages                              0


Custom Text                            0


Custom Box                             0

Trim Metal                             0

######Streamout is finished!
<CMD> getFillerMode -quiet
<CMD> zoomBox -197.74500 240.89300 1710.56400 1095.44900 designview.win
<CMD> zoomBox -25.04200 313.50000 1597.02200 1039.87300 designview.win
<CMD> zoomBox 121.75700 375.21600 1500.51100 992.63300 designview.win
<CMD> zoomBox -1252.03400 -202.34700 2403.69400 1434.71700 designview.win
<CMD> zoomBox -824.73800 -62.96800 2282.63200 1328.53700 designview.win
<CMD> addIoFiller -cell pfeed30000 pfeed10000 pfeed02000 pfeed01000 -prefix FILLER -side n
Added 0 of filler cell 'pfeed30000' on top side.
Added 0 of filler cell 'pfeed10000' on top side.
Added 0 of filler cell 'pfeed02000' on top side.
Added 0 of filler cell 'pfeed01000' on top side.
<CMD> addIoFiller -cell pfeed30000 pfeed10000 pfeed02000 pfeed01000 -prefix FILLER -side s
Added 0 of filler cell 'pfeed30000' on bottom side.
Added 0 of filler cell 'pfeed10000' on bottom side.
Added 0 of filler cell 'pfeed02000' on bottom side.
Added 0 of filler cell 'pfeed01000' on bottom side.
<CMD> addIoFiller -cell pfeed30000 pfeed10000 pfeed02000 pfeed01000 -prefix FILLER -side w
Added 0 of filler cell 'pfeed30000' on left side.
Added 0 of filler cell 'pfeed10000' on left side.
Added 0 of filler cell 'pfeed02000' on left side.
Added 0 of filler cell 'pfeed01000' on left side.
<CMD> getFillerMode -quiet
<CMD> addIoFiller -cell pfeed30000 pfeed10000 pfeed02000 pfeed01000 -prefix FILLER -side e
Added 0 of filler cell 'pfeed30000' on right side.
Added 0 of filler cell 'pfeed10000' on right side.
Added 0 of filler cell 'pfeed02000' on right side.
Added 0 of filler cell 'pfeed01000' on right side.
**ERROR: (IMPSYT-6000):	No Object Selected.
<CMD> fit
<CMD> zoomBox 25.12900 37.01200 1792.69900 891.56800
<CMD> zoomBox 420.63000 155.61100 1506.14100 680.41600
<CMD> zoomBox 508.55300 189.39000 1431.23900 635.47500
<CMD> zoomBox 583.20500 218.43500 1367.48900 597.60800
<CMD> zoomBox 646.65900 243.12400 1313.30100 565.42100
<CMD> zoomBox 700.59500 264.10900 1267.24200 538.06200
<CMD> zoomBox 846.68900 321.11300 1142.48400 464.11900
<CMD> zoomBox 922.95100 350.86800 1077.35900 425.51900
<CMD> zoomBox 962.75900 366.40100 1043.36300 405.37000
<CMD> zoomBox 983.54100 374.50900 1025.61600 394.85100
<CMD> zoomBox 992.29800 377.92500 1018.13800 390.41800
<CMD> panPage 1 0
<CMD> panPage 0 1
<CMD> panPage 0 1
<CMD> panPage 0 1
<CMD> panPage 0 1
<CMD> panPage 0 1
<CMD> panPage 0 1
<CMD> panPage 0 1
<CMD> panPage 0 1
<CMD> panPage 0 1
<CMD> panPage 0 1
<CMD> panPage 0 1
<CMD> panPage 0 1
<CMD> panPage 0 1
<CMD> panPage 0 1
<CMD> panPage 0 1
<CMD> panPage 0 1
<CMD> panPage 0 1
<CMD> panPage 0 1
<CMD> panPage 0 1
<CMD> panPage 0 1
<CMD> panPage 0 -1
<CMD> panPage 0 -1
<CMD> panPage 0 -1
<CMD> panPage 0 -1
<CMD> panPage 0 1
<CMD> panPage 0 1
<CMD> panPage 0 1
<CMD> panPage 0 1
<CMD> panPage 0 1
<CMD> panPage 0 1
<CMD> panPage 0 1
<CMD> panPage 0 1
<CMD> panPage 0 1
<CMD> panPage 0 1
<CMD> panPage 0 1
<CMD> panPage 0 1
<CMD> panPage 0 1
<CMD> panPage 0 1
<CMD> panPage 0 1
<CMD> panPage 0 1
<CMD> panPage 0 1
<CMD> panPage 0 1
<CMD> panPage 0 1
<CMD> panPage 0 1
<CMD> panPage 0 1
<CMD> panPage 0 1
<CMD> panPage 0 1
<CMD> panPage 0 1
<CMD> panPage 0 1
<CMD> panPage 0 1
<CMD> panPage 0 1
<CMD> panPage 0 1
<CMD> panPage 0 1
<CMD> fit
<CMD> saveDesign uart_Routing.enc
#% Begin save design ... (date=07/10 18:20:49, mem=1969.7M)
% Begin Save ccopt configuration ... (date=07/10 18:20:49, mem=1969.7M)
% End Save ccopt configuration ... (date=07/10 18:20:49, total cpu=0:00:00.0, real=0:00:00.0, peak res=1971.1M, current mem=1971.1M)
% Begin Save netlist data ... (date=07/10 18:20:49, mem=1991.4M)
Writing Binary DB to uart_Routing.enc.dat/uart_top_pad.v.bin in single-threaded mode...
% End Save netlist data ... (date=07/10 18:20:49, total cpu=0:00:00.0, real=0:00:00.0, peak res=1991.7M, current mem=1991.7M)
Saving symbol-table file ...
Saving congestion map file uart_Routing.enc.dat/uart_top_pad.route.congmap.gz ...
% Begin Save AAE data ... (date=07/10 18:20:49, mem=1992.2M)
Saving AAE Data ...
AAE DB initialization (MEM=2193.96 CPU=0:00:00.0 REAL=0:00:00.0) 
% End Save AAE data ... (date=07/10 18:20:49, total cpu=0:00:00.0, real=0:00:00.0, peak res=1993.3M, current mem=1993.3M)
Saving preference file uart_Routing.enc.dat/gui.pref.tcl ...
Saving mode setting ...
Saving global file ...
% Begin Save floorplan data ... (date=07/10 18:20:49, mem=1996.7M)
Saving floorplan file ...
Convert 0 swires and 0 svias from compressed groups
% End Save floorplan data ... (date=07/10 18:20:49, total cpu=0:00:00.0, real=0:00:00.0, peak res=1997.5M, current mem=1997.5M)
Saving PG file uart_Routing.enc.dat/uart_top_pad.pg.gz, version#2, (Created by Innovus v21.15-s110_1 on Fri Jul 10 18:20:49 2026)
*** Completed savePGFile (cpu=0:00:00.0 real=0:00:00.0 mem=2194.5M) ***
Saving Drc markers ...
... No Drc file written since there is no markers found.
% Begin Save placement data ... (date=07/10 18:20:49, mem=1997.5M)
** Saving stdCellPlacement_binary (version# 2) ...
Save Adaptive View Pruning View Names to Binary file
% End Save placement data ... (date=07/10 18:20:49, total cpu=0:00:00.0, real=0:00:00.0, peak res=1998.1M, current mem=1998.1M)
% Begin Save routing data ... (date=07/10 18:20:49, mem=1998.1M)
Saving route file ...
*** Completed saveRoute (cpu=0:00:00.0 real=0:00:01.0 mem=2194.5M) ***
% End Save routing data ... (date=07/10 18:20:50, total cpu=0:00:00.0, real=0:00:01.0, peak res=1998.3M, current mem=1998.3M)
Saving property file uart_Routing.enc.dat/uart_top_pad.prop
*** Completed saveProperty (cpu=0:00:00.0 real=0:00:00.0 mem=2197.5M) ***
#Saving pin access data to file uart_Routing.enc.dat/uart_top_pad.apa ...
#
% Begin Save power constraints data ... (date=07/10 18:20:50, mem=1999.1M)
% End Save power constraints data ... (date=07/10 18:20:50, total cpu=0:00:00.0, real=0:00:00.0, peak res=1999.1M, current mem=1999.1M)
default_rc_corner
Generated self-contained design uart_Routing.enc.dat
#% End save design ... (date=07/10 18:20:50, total cpu=0:00:00.3, real=0:00:01.0, peak res=2002.2M, current mem=2002.2M)
*** Message Summary: 0 warning(s), 0 error(s)

