###############################################################
#  Generated by:      Cadence Innovus 21.15-s110_1
#  OS:                Linux x86_64(Host ID ece.nitw.ac.in)
#  Generated on:      Mon Jun 29 16:15:24 2026
#  Design:            uart_top
#  Command:           summaryReport -noHtml -outfile summaryReport.rpt
###############################################################


==============================
General Design Information
==============================
Design Status: Routed  
Design Name: uart_top  
# Instances: 401  
# Hard Macros: 0  
# Std Cells: 401  
    ------------------------------
    Standard Cells in Netlist
    ------------------------------
               Cell Type   Instance Count  Area (um^2)  
                 AND2X2M                1           5.8835  
                 AND2X6M                1          11.7670  
                 AND3X2M                2          14.1204  
                 AND3X4M                2          16.4738  
                 AND4X2M                1           8.2369  
                 AO21X1M                2          16.4738  
                 AO21X2M                3          24.7107  
                 AO21XLM                1           7.0602  
                 AO22X2M                6          63.5418  
                 AO22XLM                1           9.4136  
                AO2B2X2M                1          11.7670  
               AOI21BX2M                1           8.2369  
                AOI21X4M                1          10.5903  
               AOI2B1X4M                1          12.9437  
              AOI2BB2X4M                1          14.1204  
                 BUFX10M                1          11.7670  
                  BUFX2M               56         263.5808  
                  BUFX4M               44         258.8740  
                  BUFX5M                1           7.0602  
                  BUFX8M               19         178.8584  
              CLKAND2X4M                2          14.1204  
              CLKAND2X6M                1           9.4136  
              CLKBUFX12M                1          12.9437  
               CLKBUFX1M                1           4.7068  
               CLKBUFX2M               11          51.7748  
               CLKBUFX4M                1           5.8835  
               CLKBUFX6M               11          77.6622  
              CLKINVX12M                1           9.4136  
               CLKINVX2M                3          10.5903  
               CLKINVX4M                3          14.1204  
             CLKNAND2X2M                1           4.7068  
              CLKXOR2X2M                5          58.8350  
                DFFRQX2M               25         647.1850  
                 DFFRX1M                9         243.5769  
                 DFFRX2M                3          84.7224  
                DFFSQX1M                2          51.7748  
                DFFSQX2M                1          25.8874  
                  INVX1M                1           3.5301  
                  INVX2M                4          14.1204  
                  INVX4M                5          23.5340  
                  INVX6M                1           5.8835  
                  INVX8M                1           7.0602  
                  INVXLM               11          38.8311  
                  MX3X1M                1          17.6505  
                  MX3X2M                1          21.1806  
               NAND2BX1M                1           5.8835  
               NAND2BX2M               10          58.8350  
               NAND2BX4M                1           9.4136  
                NAND2X1M                1           4.7068  
                NAND2X2M               12          56.4816  
                NAND2X4M                4          28.2408  
                NAND2X6M                1          10.5903  
               NAND3BX2M                2          14.1204  
               NAND3BX4M                1          11.7670  
                NAND3X2M                8          47.0680  
                NAND4X6M                1          20.0039  
                NOR2BX2M                1           5.8835  
                NOR2BX4M                5          47.0680  
                 NOR2X2M                3          14.1204  
                 NOR2X3M                1           7.0602  
                 NOR2X4M               17         120.0234  
                 OA21X2M                3          24.7107  
                 OA22X4M                1          11.7670  
               OAI21BX4M                1          12.9437  
                OAI21X4M               10         105.9030  
                OAI21X6M                3          45.8913  
                OAI21X8M                3          56.4816  
              OAI2BB1X1M                3          21.1806  
              OAI2BB1X2M               13          91.7826  
              OAI2BB1X4M                1          11.7670  
              OAI2BB2X8M                2          49.4214  
                  OR2X1M                1           5.8835  
                  OR2X2M                4          23.5340  
                  OR2X4M                1           7.0602  
                  OR3X2M                3          21.1806  
                  OR3X4M                1          12.9437  
               SDFFRQX2M               23         757.7948  
                XNOR2X8M                2          61.1884  
                XNOR3X1M                1          23.5340  
                XNOR3X2M                1          23.5340  
                 XOR3X1M                3          70.6020  
# Pads: 0  
# Net: 427  
# Special Net: 2  
# IO Pins: 
    ------------------------------
    Issued IO Information
    ------------------------------
    # Unplaced IO Pin  
        ------------------------------
        Unplaced IO
        ------------------------------
            Unplaced IO Name  
                   rx_serial  
                   tx_serial  
               framing_error  
                parity_error  
                     rx_done  
                  rx_data[0]  
                  rx_data[1]  
                  rx_data[2]  
                  rx_data[3]  
                  rx_data[4]  
                  rx_data[5]  
                  rx_data[6]  
                  rx_data[7]  
                     tx_busy  
                  tx_data[0]  
                  tx_data[1]  
                  tx_data[2]  
                  tx_data[3]  
                  tx_data[4]  
                  tx_data[5]  
                  tx_data[6]  
                  tx_data[7]  
                    tx_start  
                       rst_n  
                         clk  25  
    # Floating IO  0  
    # IO Connected to Non-IO Inst  
        ------------------------------
        IO Connected to Non-IO Inst
        ------------------------------
                     IO Name      Non-IO Inst Name  
                   rx_serial  u_uart_rx_rx_sync_ff1_reg  
                   tx_serial  u_uart_tx_tx_serial_reg  
               framing_error  u_uart_rx_framing_error_reg  
                parity_error  u_uart_rx_parity_error_reg  
                     rx_done  u_uart_rx_rx_done_reg  
                  rx_data[0]  u_uart_rx_rx_data_reg[0]  
                  rx_data[1]  u_uart_rx_rx_data_reg[1]  
                  rx_data[2]  u_uart_rx_rx_data_reg[2]  
                  rx_data[3]  u_uart_rx_rx_data_reg[3]  
                  rx_data[4]  u_uart_rx_rx_data_reg[4]  
                  rx_data[5]  u_uart_rx_rx_data_reg[5]  
                  rx_data[6]  u_uart_rx_rx_data_reg[6]  
                  rx_data[7]  u_uart_rx_rx_data_reg[7]  
                     tx_busy  u_uart_tx_tx_busy_reg  
                  tx_data[0]  u_uart_tx_data_reg_reg[0]  
                  tx_data[1]  u_uart_tx_data_reg_reg[1]  
                  tx_data[2]  u_uart_tx_data_reg_reg[2]  
                  tx_data[3]             FE_RC_0_0  
                  tx_data[4]  u_uart_tx_data_reg_reg[4]  
                  tx_data[5]             FE_RC_0_0  
                  tx_data[6]  u_uart_tx_data_reg_reg[6]  
                  tx_data[7]  u_uart_tx_data_reg_reg[7]  
                    tx_start                 g5438  
                       rst_n  u_uart_tx_tx_serial_reg  
                         clk  u_uart_tx_tx_serial_reg  25  25  
# Pins: 
    ------------------------------
    Correctness of Pin Connectivity for All Instances
    ------------------------------
    # Floating Terms  0  
    # Output Term Marked Tie Hi/Lo  0  
    # Output Term Shorted to PG Net  0  1252  
# PG Pins: 
    ------------------------------
    Correctness of PG Pin Connectivity for All Instances
    ------------------------------
    # Instances that No Net Defined for Any PG Pin  0  
    # Floating PG Terms  0  
    # PG Pins Connect to Non-PG Net  0  
    # Power Pins Connect Ground Net  0  
    # Ground Pins Connect Power Net  0  802  
Average Pins Per Net(Signal): 2.932  

==============================
General Library Information
==============================
# Routing Layers: 8  
# Masterslice Layers: 1  
# Pin Layers: 
    General Caution:
        1) Library have POLY1 and METAL1 pins, you should setPlaceMode -prerouteAsObs {1 2 3}                                 to ensure these pins are accessible after placement

    ------------------------------
    Pin Layers
    ------------------------------
    METAL1  
    POLY1  2  
# Layers: 
    ------------------------------
    Layer OVERLAP Information
    ------------------------------
    Type  Overlap  
    ------------------------------
    Layer METAL8 Information
    ------------------------------
    Type  Routing  
    Wire Pitch X  0.820 um  
    Wire Pitch Y  0.820 um  
    Offset X  0.205 um  
    Offset Y  0.205 um  
    Wire Width  0.400 um  
    Spacing  0.420 um  
    ------------------------------
    Layer VIA78 Information
    ------------------------------
    Type  Cut  
    Vias  
        ------------------------------
        Via list in layer VIA78
        ------------------------------
               Vias in VIA78  Default  
                VIA78_2CUT_S      Yes  
                VIA78_2CUT_N      Yes  
                VIA78_2CUT_W      Yes  
                VIA78_2CUT_E      Yes  
                    VIA78S_H      Yes  
                    VIA78_XR      Yes  
                     VIA78_X      Yes  
                     VIA78_V      Yes  
                     VIA78_H      Yes  For complete list click here  
    ------------------------------
    Layer METAL7 Information
    ------------------------------
    Type  Routing  
    Wire Pitch X  0.410 um  
    Wire Pitch Y  0.410 um  
    Offset X  0.205 um  
    Offset Y  0.205 um  
    Wire Width  0.200 um  
    Spacing  0.210 um  
    ------------------------------
    Layer VIA67 Information
    ------------------------------
    Type  Cut  
    Vias  
        ------------------------------
        Via list in layer VIA67
        ------------------------------
               Vias in VIA67  Default  
                 VIA67_TOS_S      Yes  
                 VIA67_TOS_N      Yes  
                VIA67_2CUT_S      Yes  
                VIA67_2CUT_N      Yes  
                VIA67_2CUT_W      Yes  
                VIA67_2CUT_E      Yes  
                    VIA67_XR      Yes  
                     VIA67_X      Yes  
                     VIA67_V      Yes  
                     VIA67_H      Yes  For complete list click here  
    ------------------------------
    Layer METAL6 Information
    ------------------------------
    Type  Routing  
    Wire Pitch X  0.410 um  
    Wire Pitch Y  0.410 um  
    Offset X  0.205 um  
    Offset Y  0.205 um  
    Wire Width  0.200 um  
    Spacing  0.210 um  
    ------------------------------
    Layer VIA56 Information
    ------------------------------
    Type  Cut  
    Vias  
        ------------------------------
        Via list in layer VIA56
        ------------------------------
               Vias in VIA56  Default  
                 VIA56_TOS_W      Yes  
                 VIA56_TOS_E      Yes  
                VIA56_2CUT_S      Yes  
                VIA56_2CUT_N      Yes  
                VIA56_2CUT_W      Yes  
                VIA56_2CUT_E      Yes  
                    VIA56_XR      Yes  
                     VIA56_X      Yes  
                     VIA56_V      Yes  
                     VIA56_H      Yes  For complete list click here  
    ------------------------------
    Layer METAL5 Information
    ------------------------------
    Type  Routing  
    Wire Pitch X  0.410 um  
    Wire Pitch Y  0.410 um  
    Offset X  0.205 um  
    Offset Y  0.205 um  
    Wire Width  0.200 um  
    Spacing  0.210 um  
    ------------------------------
    Layer VIA45 Information
    ------------------------------
    Type  Cut  
    Vias  
        ------------------------------
        Via list in layer VIA45
        ------------------------------
               Vias in VIA45  Default  
                 VIA45_TOS_S      Yes  
                 VIA45_TOS_N      Yes  
                VIA45_2CUT_S      Yes  
                VIA45_2CUT_N      Yes  
                VIA45_2CUT_W      Yes  
                VIA45_2CUT_E      Yes  
                    VIA45_XR      Yes  
                     VIA45_X      Yes  
                     VIA45_V      Yes  
                     VIA45_H      Yes  For complete list click here  
    ------------------------------
    Layer METAL4 Information
    ------------------------------
    Type  Routing  
    Wire Pitch X  0.410 um  
    Wire Pitch Y  0.410 um  
    Offset X  0.205 um  
    Offset Y  0.205 um  
    Wire Width  0.200 um  
    Spacing  0.210 um  
    ------------------------------
    Layer VIA34 Information
    ------------------------------
    Type  Cut  
    Vias  
        ------------------------------
        Via list in layer VIA34
        ------------------------------
               Vias in VIA34  Default  
                 VIA34_TOS_W      Yes  
                 VIA34_TOS_E      Yes  
                VIA34_2CUT_S      Yes  
                VIA34_2CUT_N      Yes  
                VIA34_2CUT_W      Yes  
                VIA34_2CUT_E      Yes  
                    VIA34_XR      Yes  
                     VIA34_X      Yes  
                     VIA34_V      Yes  
                     VIA34_H      Yes  For complete list click here  
    ------------------------------
    Layer METAL3 Information
    ------------------------------
    Type  Routing  
    Wire Pitch X  0.410 um  
    Wire Pitch Y  0.410 um  
    Offset X  0.205 um  
    Offset Y  0.205 um  
    Wire Width  0.200 um  
    Spacing  0.210 um  
    ------------------------------
    Layer VIA23 Information
    ------------------------------
    Type  Cut  
    Vias  
        ------------------------------
        Via list in layer VIA23
        ------------------------------
               Vias in VIA23  Default  
                 VIA23_TOS_S      Yes  
                 VIA23_TOS_N      Yes  
                VIA23_2CUT_S      Yes  
                VIA23_2CUT_N      Yes  
                VIA23_2CUT_W      Yes  
                VIA23_2CUT_E      Yes  
                    VIA23_XR      Yes  
                     VIA23_X      Yes  
                     VIA23_V      Yes  
                     VIA23_H      Yes  For complete list click here  
    ------------------------------
    Layer METAL2 Information
    ------------------------------
    Type  Routing  
    Wire Pitch X  0.410 um  
    Wire Pitch Y  0.410 um  
    Offset X  0.205 um  
    Offset Y  0.205 um  
    Wire Width  0.200 um  
    Spacing  0.210 um  
    ------------------------------
    Layer VIA12 Information
    ------------------------------
    Type  Cut  
    Vias  
        ------------------------------
        Via list in layer VIA12
        ------------------------------
               Vias in VIA12  Default  
                VIA12_2CUT_S      Yes  
                VIA12_2CUT_N      Yes  
                VIA12_2CUT_W      Yes  
                VIA12_2CUT_E      Yes  
                    VIA12_XR      Yes  
                     VIA12_X      Yes  
                     VIA12_V      Yes  
                     VIA12_H      Yes  For complete list click here  
    ------------------------------
    Layer METAL1 Information
    ------------------------------
    Type  Routing  
    Wire Pitch X  0.410 um  
    Wire Pitch Y  0.410 um  
    Offset X  0.205 um  
    Offset Y  0.205 um  
    Wire Width  0.160 um  
    Spacing  0.180 um  
    ------------------------------
    Layer POLY1 Information
    ------------------------------
    Type  Masterslice  17  
# Pins without Physical Port: 0  
# Pins in Library without Timing Lib: 
    ------------------------------
    Pins in Library without timing lib
    ------------------------------
               Cell Name      List of Pin Name  
                ANTENNAM                     A  1  
# Pins Missing Direction: 0  
Antenna Summary Report: 
    General Caution:
    ------------------------------
    These Layers have antenna info
    ------------------------------
    METAL8  
    VIA78  
    METAL7  
    VIA67  
    METAL6  
    VIA56  
    METAL5  
    VIA45  
    METAL4  
    VIA34  
    METAL3  
    VIA23  
    METAL2  
    VIA12  
    METAL1  
    ------------------------------
    These Pins have antenna info
    ------------------------------
               Cell Name      List of Pin Name  
                ADDFHX1M                    CO  
                ADDFHX1M                     S  
                ADDFHX1M                    CI  
                ADDFHX1M                     B  
                ADDFHX1M                     A  
                ADDFHX2M                    CO  
                ADDFHX2M                     S  
                ADDFHX2M                    CI  
                ADDFHX2M                     B  
                ADDFHX2M                     A  
                ADDFHX4M                    CO  
                ADDFHX4M                     S  
                ADDFHX4M                    CI  
                ADDFHX4M                     B  
                ADDFHX4M                     A  
                ADDFHX8M                    CO  
                ADDFHX8M                     S  
                ADDFHX8M                    CI  
                ADDFHX8M                     B  
                ADDFHX8M                     A  
                ADDFHXLM                    CO  
                ADDFHXLM                     S  
                ADDFHXLM                    CI  
                ADDFHXLM                     B  
                ADDFHXLM                     A  
                 ADDFX1M                    CO  
                 ADDFX1M                     S  
                 ADDFX1M                    CI  
                 ADDFX1M                     B  
                 ADDFX1M                     A  
                 ADDFX2M                    CO  
                 ADDFX2M                     S  
                 ADDFX2M                    CI  
                 ADDFX2M                     B  
                 ADDFX2M                     A  
                 ADDFX4M                    CO  
                 ADDFX4M                     S  
                 ADDFX4M                    CI  
                 ADDFX4M                     B  
                 ADDFX4M                     A  
                 ADDFX8M                    CO  
                 ADDFX8M                     S  
                 ADDFX8M                    CI  
                 ADDFX8M                     B  
                 ADDFX8M                     A  
                 ADDFXLM                    CO  
                 ADDFXLM                     S  
                 ADDFXLM                    CI  
                 ADDFXLM                     B  
                 ADDFXLM                     A  
                 ADDHX1M                    CO  
                 ADDHX1M                     S  
                 ADDHX1M                     B  
                 ADDHX1M                     A  
                 ADDHX2M                    CO  
                 ADDHX2M                     S  
                 ADDHX2M                     B  
                 ADDHX2M                     A  
                 ADDHX4M                    CO  
                 ADDHX4M                     S  
                 ADDHX4M                     B  
                 ADDHX4M                     A  
                 ADDHX8M                    CO  
                 ADDHX8M                     S  
                 ADDHX8M                     B  
                 ADDHX8M                     A  
                AND2X12M                     Y  
                AND2X12M                     B  
                AND2X12M                     A  
                 AND2X1M                     Y  
                 AND2X1M                     B  
                 AND2X1M                     A  
                 AND2X2M                     Y  
                 AND2X2M                     B  
                 AND2X2M                     A  
                 AND2X4M                     Y  
                 AND2X4M                     B  
                 AND2X4M                     A  
                 AND2X6M                     Y  
                 AND2X6M                     B  
                 AND2X6M                     A  
                 AND2X8M                     Y  
                 AND2X8M                     B  
                 AND2X8M                     A  
                AND3X12M                     Y  
                AND3X12M                     C  
                AND3X12M                     B  
                AND3X12M                     A  
                 AND3X1M                     Y  
                 AND3X1M                     C  
                 AND3X1M                     B  
                 AND3X1M                     A  
                 AND3X2M                     Y  
                 AND3X2M                     C  
                 AND3X2M                     B  
                 AND3X2M                     A  
                 AND3X4M                     Y  
                 AND3X4M                     C  
                 AND3X4M                     B  
                 AND3X4M                     A  
                 AND3X6M                     Y  
                 AND3X6M                     C  
                 AND3X6M                     B  
                 AND3X6M                     A  
                 AND3X8M                     Y  
                 AND3X8M                     C  
                 AND3X8M                     B  
                 AND3X8M                     A  
                 AND3XLM                     Y  
                 AND3XLM                     C  
                 AND3XLM                     B  
                 AND3XLM                     A  
                AND4X12M                     Y  
                AND4X12M                     D  
                AND4X12M                     C  
                AND4X12M                     B  
                AND4X12M                     A  
                 AND4X1M                     Y  
                 AND4X1M                     D  
                 AND4X1M                     C  
                 AND4X1M                     B  
                 AND4X1M                     A  
                 AND4X2M                     Y  
                 AND4X2M                     D  
                 AND4X2M                     C  
                 AND4X2M                     B  
                 AND4X2M                     A  
                 AND4X4M                     Y  
                 AND4X4M                     D  
                 AND4X4M                     C  
                 AND4X4M                     B  
                 AND4X4M                     A  
                 AND4X6M                     Y  
                 AND4X6M                     D  
                 AND4X6M                     C  
                 AND4X6M                     B  
                 AND4X6M                     A  
                 AND4X8M                     Y  
                 AND4X8M                     D  
                 AND4X8M                     C  
                 AND4X8M                     B  
                 AND4X8M                     A  
                 AND4XLM                     Y  
                 AND4XLM                     D  
                 AND4XLM                     C  
                 AND4XLM                     B  
                 AND4XLM                     A  
                ANTENNAM                     A  
                 AO21X1M                     Y  
                 AO21X1M                    B0  
                 AO21X1M                    A1  
                 AO21X1M                    A0  
                 AO21X2M                     Y  
                 AO21X2M                    B0  
                 AO21X2M                    A1  
                 AO21X2M                    A0  
                 AO21X4M                     Y  
                 AO21X4M                    B0  
                 AO21X4M                    A1  
                 AO21X4M                    A0  
                 AO21X8M                     Y  
                 AO21X8M                    B0  
                 AO21X8M                    A1  
                 AO21X8M                    A0  
                 AO21XLM                     Y  
                 AO21XLM                    B0  
                 AO21XLM                    A1  
                 AO21XLM                    A0  
                 AO22X1M                     Y  
                 AO22X1M                    B1  
                 AO22X1M                    B0  
                 AO22X1M                    A1  
                 AO22X1M                    A0  
                 AO22X2M                     Y  
                 AO22X2M                    B1  
                 AO22X2M                    B0  
                 AO22X2M                    A1  
                 AO22X2M                    A0  
                 AO22X4M                     Y  
                 AO22X4M                    B1  
                 AO22X4M                    B0  
                 AO22X4M                    A1  
                 AO22X4M                    A0  
                 AO22X8M                     Y  
                 AO22X8M                    B1  
                 AO22X8M                    B0  
                 AO22X8M                    A1  
                 AO22X8M                    A0  
                 AO22XLM                     Y  
                 AO22XLM                    B1  
                 AO22XLM                    B0  
                 AO22XLM                    A1  
                 AO22XLM                    A0  
               AO2B2BX1M                     Y  
               AO2B2BX1M                   B1N  
               AO2B2BX1M                    B0  
               AO2B2BX1M                   A1N  
               AO2B2BX1M                    A0  
               AO2B2BX2M                     Y  
               AO2B2BX2M                   B1N  
               AO2B2BX2M                    B0  
               AO2B2BX2M                   A1N  
               AO2B2BX2M                    A0  
               AO2B2BX4M                     Y  
               AO2B2BX4M                   B1N  
               AO2B2BX4M                    B0  
               AO2B2BX4M                   A1N  
               AO2B2BX4M                    A0  
               AO2B2BXLM                     Y  
               AO2B2BXLM                   B1N  
               AO2B2BXLM                    B0  
               AO2B2BXLM                   A1N  
               AO2B2BXLM                    A0  
                AO2B2X1M                     Y  
                AO2B2X1M                    B1  
                AO2B2X1M                    B0  
                AO2B2X1M                   A1N  
                AO2B2X1M                    A0  
                AO2B2X2M                     Y  
                AO2B2X2M                    B1  
                AO2B2X2M                    B0  
                AO2B2X2M                   A1N  
                AO2B2X2M                    A0  
                AO2B2X4M                     Y  
                AO2B2X4M                    B1  
                AO2B2X4M                    B0  
                AO2B2X4M                   A1N  
                AO2B2X4M                    A0  
                AO2B2XLM                     Y  
                AO2B2XLM                    B1  
                AO2B2XLM                    B0  
                AO2B2XLM                   A1N  
                AO2B2XLM                    A0  
               AOI211X1M                     Y  
               AOI211X1M                    C0  
               AOI211X1M                    B0  
               AOI211X1M                    A1  
               AOI211X1M                    A0  
               AOI211X2M                     Y  
               AOI211X2M                    C0  
               AOI211X2M                    B0  
               AOI211X2M                    A1  
               AOI211X2M                    A0  
               AOI211X4M                     Y  
               AOI211X4M                    C0  
               AOI211X4M                    B0  
               AOI211X4M                    A1  
               AOI211X4M                    A0  
               AOI211XLM                     Y  
               AOI211XLM                    C0  
               AOI211XLM                    B0  
               AOI211XLM                    A1  
               AOI211XLM                    A0  
               AOI21BX1M                     Y  
               AOI21BX1M                   B0N  
               AOI21BX1M                    A1  
               AOI21BX1M                    A0  
               AOI21BX2M                     Y  
               AOI21BX2M                   B0N  
               AOI21BX2M                    A1  
               AOI21BX2M                    A0  
               AOI21BX4M                     Y  
               AOI21BX4M                   B0N  
               AOI21BX4M                    A1  
               AOI21BX4M                    A0  
               AOI21BX8M                     Y  
               AOI21BX8M                   B0N  
               AOI21BX8M                    A1  
               AOI21BX8M                    A0  
               AOI21BXLM                     Y  
               AOI21BXLM                   B0N  
               AOI21BXLM                    A1  
               AOI21BXLM                    A0  
                AOI21X1M                     Y  
                AOI21X1M                    B0  
                AOI21X1M                    A1  
                AOI21X1M                    A0  
                AOI21X2M                     Y  
                AOI21X2M                    B0  
                AOI21X2M                    A1  
                AOI21X2M                    A0  
                AOI21X3M                     Y  
                AOI21X3M                    B0  
                AOI21X3M                    A1  
                AOI21X3M                    A0  
                AOI21X4M                     Y  
                AOI21X4M                    B0  
                AOI21X4M                    A1  
                AOI21X4M                    A0  
                AOI21X6M                     Y  
                AOI21X6M                    B0  
                AOI21X6M                    A1  
                AOI21X6M                    A0  
                AOI21X8M                     Y  
                AOI21X8M                    B0  
                AOI21X8M                    A1  
                AOI21X8M                    A0  
                AOI21XLM                     Y  
                AOI21XLM                    B0  
                AOI21XLM                    A1  
                AOI21XLM                    A0  
               AOI221X1M                     Y  
               AOI221X1M                    C0  
               AOI221X1M                    B1  
               AOI221X1M                    B0  
               AOI221X1M                    A1  
               AOI221X1M                    A0  
               AOI221X2M                     Y  
               AOI221X2M                    C0  
               AOI221X2M                    B1  
               AOI221X2M                    B0  
               AOI221X2M                    A1  
               AOI221X2M                    A0  
               AOI221X4M                     Y  
               AOI221X4M                    C0  
               AOI221X4M                    B1  
               AOI221X4M                    B0  
               AOI221X4M                    A1  
               AOI221X4M                    A0  
               AOI221XLM                     Y  
               AOI221XLM                    C0  
               AOI221XLM                    B1  
               AOI221XLM                    B0  
               AOI221XLM                    A1  
               AOI221XLM                    A0  
               AOI222X1M                     Y  
               AOI222X1M                    C1  
               AOI222X1M                    C0  
               AOI222X1M                    B1  
               AOI222X1M                    B0  
               AOI222X1M                    A1  
               AOI222X1M                    A0  
               AOI222X2M                     Y  
               AOI222X2M                    C1  
               AOI222X2M                    C0  
               AOI222X2M                    B1  
               AOI222X2M                    B0  
               AOI222X2M                    A1  
               AOI222X2M                    A0  
               AOI222X4M                     Y  
               AOI222X4M                    C1  
               AOI222X4M                    C0  
               AOI222X4M                    B1  
               AOI222X4M                    B0  
               AOI222X4M                    A1  
               AOI222X4M                    A0  
               AOI222XLM                     Y  
               AOI222XLM                    C1  
               AOI222XLM                    C0  
               AOI222XLM                    B1  
               AOI222XLM                    B0  
               AOI222XLM                    A1  
               AOI222XLM                    A0  
                AOI22X1M                     Y  
                AOI22X1M                    B1  
                AOI22X1M                    B0  
                AOI22X1M                    A1  
                AOI22X1M                    A0  
                AOI22X2M                     Y  
                AOI22X2M                    B1  
                AOI22X2M                    B0  
                AOI22X2M                    A1  
                AOI22X2M                    A0  
                AOI22X4M                     Y  
                AOI22X4M                    B1  
                AOI22X4M                    B0  
                AOI22X4M                    A1  
                AOI22X4M                    A0  
                AOI22XLM                     Y  
                AOI22XLM                    B1  
                AOI22XLM                    B0  
                AOI22XLM                    A1  
                AOI22XLM                    A0  
               AOI2B1X1M                     Y  
               AOI2B1X1M                    B0  
               AOI2B1X1M                   A1N  
               AOI2B1X1M                    A0  
               AOI2B1X2M                     Y  
               AOI2B1X2M                    B0  
               AOI2B1X2M                   A1N  
               AOI2B1X2M                    A0  
               AOI2B1X4M                     Y  
               AOI2B1X4M                    B0  
               AOI2B1X4M                   A1N  
               AOI2B1X4M                    A0  
               AOI2B1X8M                     Y  
               AOI2B1X8M                    B0  
               AOI2B1X8M                   A1N  
               AOI2B1X8M                    A0  
               AOI2B1XLM                     Y  
               AOI2B1XLM                    B0  
               AOI2B1XLM                   A1N  
               AOI2B1XLM                    A0  
              AOI2BB1X1M                     Y  
              AOI2BB1X1M                    B0  
              AOI2BB1X1M                   A1N  
              AOI2BB1X1M                   A0N  
              AOI2BB1X2M                     Y  
              AOI2BB1X2M                    B0  
              AOI2BB1X2M                   A1N  
              AOI2BB1X2M                   A0N  
              AOI2BB1X4M                     Y  
              AOI2BB1X4M                    B0  
              AOI2BB1X4M                   A1N  
              AOI2BB1X4M                   A0N  
              AOI2BB1X8M                     Y  
              AOI2BB1X8M                    B0  
              AOI2BB1X8M                   A1N  
              AOI2BB1X8M                   A0N  
              AOI2BB1XLM                     Y  
              AOI2BB1XLM                    B0  
              AOI2BB1XLM                   A1N  
              AOI2BB1XLM                   A0N  
              AOI2BB2X1M                     Y  
              AOI2BB2X1M                    B1  
              AOI2BB2X1M                    B0  
              AOI2BB2X1M                   A1N  
              AOI2BB2X1M                   A0N  
              AOI2BB2X2M                     Y  
              AOI2BB2X2M                    B1  
              AOI2BB2X2M                    B0  
              AOI2BB2X2M                   A1N  
              AOI2BB2X2M                   A0N  
              AOI2BB2X4M                     Y  
              AOI2BB2X4M                    B1  
              AOI2BB2X4M                    B0  
              AOI2BB2X4M                   A1N  
              AOI2BB2X4M                   A0N  
              AOI2BB2X8M                     Y  
              AOI2BB2X8M                    B1  
              AOI2BB2X8M                    B0  
              AOI2BB2X8M                   A1N  
              AOI2BB2X8M                   A0N  
              AOI2BB2XLM                     Y  
              AOI2BB2XLM                    B1  
              AOI2BB2XLM                    B0  
              AOI2BB2XLM                   A1N  
              AOI2BB2XLM                   A0N  
                AOI31X1M                     Y  
                AOI31X1M                    B0  
                AOI31X1M                    A2  
                AOI31X1M                    A1  
                AOI31X1M                    A0  
                AOI31X2M                     Y  
                AOI31X2M                    B0  
                AOI31X2M                    A2  
                AOI31X2M                    A1  
                AOI31X2M                    A0  
                AOI31X4M                     Y  
                AOI31X4M                    B0  
                AOI31X4M                    A2  
                AOI31X4M                    A1  
                AOI31X4M                    A0  
                AOI31XLM                     Y  
                AOI31XLM                    B0  
                AOI31XLM                    A2  
                AOI31XLM                    A1  
                AOI31XLM                    A0  
                AOI32X1M                     Y  
                AOI32X1M                    B1  
                AOI32X1M                    B0  
                AOI32X1M                    A2  
                AOI32X1M                    A1  
                AOI32X1M                    A0  
                AOI32X2M                     Y  
                AOI32X2M                    B1  
                AOI32X2M                    B0  
                AOI32X2M                    A2  
                AOI32X2M                    A1  
                AOI32X2M                    A0  
                AOI32X4M                     Y  
                AOI32X4M                    B1  
                AOI32X4M                    B0  
                AOI32X4M                    A2  
                AOI32X4M                    A1  
                AOI32X4M                    A0  
                AOI32XLM                     Y  
                AOI32XLM                    B1  
                AOI32XLM                    B0  
                AOI32XLM                    A2  
                AOI32XLM                    A1  
                AOI32XLM                    A0  
                AOI33X1M                     Y  
                AOI33X1M                    B2  
                AOI33X1M                    B1  
                AOI33X1M                    B0  
                AOI33X1M                    A2  
                AOI33X1M                    A1  
                AOI33X1M                    A0  
                AOI33X2M                     Y  
                AOI33X2M                    B2  
                AOI33X2M                    B1  
                AOI33X2M                    B0  
                AOI33X2M                    A2  
                AOI33X2M                    A1  
                AOI33X2M                    A0  
                AOI33X4M                     Y  
                AOI33X4M                    B2  
                AOI33X4M                    B1  
                AOI33X4M                    B0  
                AOI33X4M                    A2  
                AOI33X4M                    A1  
                AOI33X4M                    A0  
                AOI33XLM                     Y  
                AOI33XLM                    B2  
                AOI33XLM                    B1  
                AOI33XLM                    B0  
                AOI33XLM                    A2  
                AOI33XLM                    A1  
                AOI33XLM                    A0  
                 BUFX10M                     Y  
                 BUFX10M                     A  
                 BUFX12M                     Y  
                 BUFX12M                     A  
                 BUFX14M                     Y  
                 BUFX14M                     A  
                 BUFX16M                     Y  
                 BUFX16M                     A  
                 BUFX18M                     Y  
                 BUFX18M                     A  
                 BUFX20M                     Y  
                 BUFX20M                     A  
                 BUFX24M                     Y  
                 BUFX24M                     A  
                  BUFX2M                     Y  
                  BUFX2M                     A  
                 BUFX32M                     Y  
                 BUFX32M                     A  
                  BUFX3M                     Y  
                  BUFX3M                     A  
                  BUFX4M                     Y  
                  BUFX4M                     A  
                  BUFX5M                     Y  
                  BUFX5M                     A  
                  BUFX6M                     Y  
                  BUFX6M                     A  
                  BUFX8M                     Y  
                  BUFX8M                     A  
             CLKAND2X12M                     Y  
             CLKAND2X12M                     B  
             CLKAND2X12M                     A  
             CLKAND2X16M                     Y  
             CLKAND2X16M                     B  
             CLKAND2X16M                     A  
              CLKAND2X2M                     Y  
              CLKAND2X2M                     B  
              CLKAND2X2M                     A  
              CLKAND2X3M                     Y  
              CLKAND2X3M                     B  
              CLKAND2X3M                     A  
              CLKAND2X4M                     Y  
              CLKAND2X4M                     B  
              CLKAND2X4M                     A  
              CLKAND2X6M                     Y  
              CLKAND2X6M                     B  
              CLKAND2X6M                     A  
              CLKAND2X8M                     Y  
              CLKAND2X8M                     B  
              CLKAND2X8M                     A  
              CLKBUFX12M                     Y  
              CLKBUFX12M                     A  
              CLKBUFX16M                     Y  
              CLKBUFX16M                     A  
               CLKBUFX1M                     Y  
               CLKBUFX1M                     A  
              CLKBUFX20M                     Y  
              CLKBUFX20M                     A  
              CLKBUFX24M                     Y  
              CLKBUFX24M                     A  
               CLKBUFX2M                     Y  
               CLKBUFX2M                     A  
              CLKBUFX32M                     Y  
              CLKBUFX32M                     A  
               CLKBUFX3M                     Y  
               CLKBUFX3M                     A  
              CLKBUFX40M                     Y  
              CLKBUFX40M                     A  
               CLKBUFX4M                     Y  
               CLKBUFX4M                     A  
               CLKBUFX6M                     Y  
               CLKBUFX6M                     A  
               CLKBUFX8M                     Y  
               CLKBUFX8M                     A  
              CLKINVX12M                     Y  
              CLKINVX12M                     A  
              CLKINVX16M                     Y  
              CLKINVX16M                     A  
               CLKINVX1M                     Y  
               CLKINVX1M                     A  
              CLKINVX20M                     Y  
              CLKINVX20M                     A  
              CLKINVX24M                     Y  
              CLKINVX24M                     A  
               CLKINVX2M                     Y  
               CLKINVX2M                     A  
              CLKINVX32M                     Y  
              CLKINVX32M                     A  
               CLKINVX3M                     Y  
               CLKINVX3M                     A  
              CLKINVX40M                     Y  
              CLKINVX40M                     A  
               CLKINVX4M                     Y  
               CLKINVX4M                     A  
               CLKINVX6M                     Y  
               CLKINVX6M                     A  
               CLKINVX8M                     Y  
               CLKINVX8M                     A  
              CLKMX2X12M                     Y  
              CLKMX2X12M                     A  
              CLKMX2X12M                     B  
              CLKMX2X12M                    S0  
              CLKMX2X16M                     Y  
              CLKMX2X16M                     A  
              CLKMX2X16M                     B  
              CLKMX2X16M                    S0  
               CLKMX2X2M                     Y  
               CLKMX2X2M                     A  
               CLKMX2X2M                     B  
               CLKMX2X2M                    S0  
               CLKMX2X3M                     Y  
               CLKMX2X3M                     A  
               CLKMX2X3M                     B  
               CLKMX2X3M                    S0  
               CLKMX2X4M                     Y  
               CLKMX2X4M                     A  
               CLKMX2X4M                     B  
               CLKMX2X4M                    S0  
               CLKMX2X6M                     Y  
               CLKMX2X6M                     A  
               CLKMX2X6M                     B  
               CLKMX2X6M                    S0  
               CLKMX2X8M                     Y  
               CLKMX2X8M                     A  
               CLKMX2X8M                     B  
               CLKMX2X8M                    S0  
            CLKNAND2X12M                     Y  
            CLKNAND2X12M                     B  
            CLKNAND2X12M                     A  
            CLKNAND2X16M                     Y  
            CLKNAND2X16M                     B  
            CLKNAND2X16M                     A  
             CLKNAND2X2M                     Y  
             CLKNAND2X2M                     B  
             CLKNAND2X2M                     A  
             CLKNAND2X4M                     Y  
             CLKNAND2X4M                     B  
             CLKNAND2X4M                     A  
             CLKNAND2X8M                     Y  
             CLKNAND2X8M                     B  
             CLKNAND2X8M                     A  
             CLKXOR2X12M                     Y  
             CLKXOR2X12M                     B  
             CLKXOR2X12M                     A  
             CLKXOR2X16M                     Y  
             CLKXOR2X16M                     B  
             CLKXOR2X16M                     A  
              CLKXOR2X2M                     Y  
              CLKXOR2X2M                     B  
              CLKXOR2X2M                     A  
              CLKXOR2X4M                     Y  
              CLKXOR2X4M                     B  
              CLKXOR2X4M                     A  
              CLKXOR2X8M                     Y  
              CLKXOR2X8M                     B  
              CLKXOR2X8M                     A  
               DFFHQNX1M                    QN  
               DFFHQNX1M                    CK  
               DFFHQNX1M                     D  
               DFFHQNX2M                    QN  
               DFFHQNX2M                    CK  
               DFFHQNX2M                     D  
               DFFHQNX4M                    QN  
               DFFHQNX4M                    CK  
               DFFHQNX4M                     D  
               DFFHQNX8M                    QN  
               DFFHQNX8M                    CK  
               DFFHQNX8M                     D  
                DFFHQX1M                     Q  
                DFFHQX1M                    CK  
                DFFHQX1M                     D  
                DFFHQX2M                     Q  
                DFFHQX2M                    CK  
                DFFHQX2M                     D  
                DFFHQX4M                     Q  
                DFFHQX4M                    CK  
                DFFHQX4M                     D  
                DFFHQX8M                     Q  
                DFFHQX8M                    CK  
                DFFHQX8M                     D  
                 DFFHX1M                    QN  
                 DFFHX1M                     Q  
                 DFFHX1M                    CK  
                 DFFHX1M                     D  
                 DFFHX2M                    QN  
                 DFFHX2M                     Q  
                 DFFHX2M                    CK  
                 DFFHX2M                     D  
                 DFFHX4M                    QN  
                 DFFHX4M                     Q  
                 DFFHX4M                    CK  
                 DFFHX4M                     D  
                 DFFHX8M                    QN  
                 DFFHX8M                     Q  
                 DFFHX8M                    CK  
                 DFFHX8M                     D  
                DFFNHX1M                    QN  
                DFFNHX1M                     Q  
                DFFNHX1M                   CKN  
                DFFNHX1M                     D  
                DFFNHX2M                    QN  
                DFFNHX2M                     Q  
                DFFNHX2M                   CKN  
                DFFNHX2M                     D  
                DFFNHX4M                    QN  
                DFFNHX4M                     Q  
                DFFNHX4M                   CKN  
                DFFNHX4M                     D  
                DFFNHX8M                    QN  
                DFFNHX8M                     Q  
                DFFNHX8M                   CKN  
                DFFNHX8M                     D  
              DFFNSRHX1M                    QN  
              DFFNSRHX1M                     Q  
              DFFNSRHX1M                    RN  
              DFFNSRHX1M                    SN  
              DFFNSRHX1M                   CKN  
              DFFNSRHX1M                     D  
              DFFNSRHX2M                    QN  
              DFFNSRHX2M                     Q  
              DFFNSRHX2M                    RN  
              DFFNSRHX2M                    SN  
              DFFNSRHX2M                   CKN  
              DFFNSRHX2M                     D  
              DFFNSRHX4M                    QN  
              DFFNSRHX4M                     Q  
              DFFNSRHX4M                    RN  
              DFFNSRHX4M                    SN  
              DFFNSRHX4M                   CKN  
              DFFNSRHX4M                     D  
              DFFNSRHX8M                    QN  
              DFFNSRHX8M                     Q  
              DFFNSRHX8M                    RN  
              DFFNSRHX8M                    SN  
              DFFNSRHX8M                   CKN  
              DFFNSRHX8M                     D  
                DFFQNX1M                    QN  
                DFFQNX1M                    CK  
                DFFQNX1M                     D  
                DFFQNX2M                    QN  
                DFFQNX2M                    CK  
                DFFQNX2M                     D  
                DFFQNX4M                    QN  
                DFFQNX4M                    CK  
                DFFQNX4M                     D  
                 DFFQX1M                     Q  
                 DFFQX1M                    CK  
                 DFFQX1M                     D  
                 DFFQX2M                     Q  
                 DFFQX2M                    CK  
                 DFFQX2M                     D  
                 DFFQX4M                     Q  
                 DFFQX4M                    CK  
                 DFFQX4M                     D  
               DFFRHQX1M                     Q  
               DFFRHQX1M                    RN  
               DFFRHQX1M                    CK  
               DFFRHQX1M                     D  
               DFFRHQX2M                     Q  
               DFFRHQX2M                    RN  
               DFFRHQX2M                    CK  
               DFFRHQX2M                     D  
               DFFRHQX4M                     Q  
               DFFRHQX4M                    RN  
               DFFRHQX4M                    CK  
               DFFRHQX4M                     D  
               DFFRHQX8M                     Q  
               DFFRHQX8M                    RN  
               DFFRHQX8M                    CK  
               DFFRHQX8M                     D  
                DFFRQX1M                     Q  
                DFFRQX1M                    RN  
                DFFRQX1M                    CK  
                DFFRQX1M                     D  
                DFFRQX2M                     Q  
                DFFRQX2M                    RN  
                DFFRQX2M                    CK  
                DFFRQX2M                     D  
                DFFRQX4M                     Q  
                DFFRQX4M                    RN  
                DFFRQX4M                    CK  
                DFFRQX4M                     D  
                 DFFRX1M                    QN  
                 DFFRX1M                     Q  
                 DFFRX1M                    RN  
                 DFFRX1M                    CK  
                 DFFRX1M                     D  
                 DFFRX2M                    QN  
                 DFFRX2M                     Q  
                 DFFRX2M                    RN  
                 DFFRX2M                    CK  
                 DFFRX2M                     D  
                 DFFRX4M                    QN  
                 DFFRX4M                     Q  
                 DFFRX4M                    RN  
                 DFFRX4M                    CK  
                 DFFRX4M                     D  
               DFFSHQX1M                     Q  
               DFFSHQX1M                    SN  
               DFFSHQX1M                    CK  
               DFFSHQX1M                     D  
               DFFSHQX2M                     Q  
               DFFSHQX2M                    SN  
               DFFSHQX2M                    CK  
               DFFSHQX2M                     D  
               DFFSHQX4M                     Q  
               DFFSHQX4M                    SN  
               DFFSHQX4M                    CK  
               DFFSHQX4M                     D  
               DFFSHQX8M                     Q  
               DFFSHQX8M                    SN  
               DFFSHQX8M                    CK  
               DFFSHQX8M                     D  
                DFFSQX1M                     Q  
                DFFSQX1M                    SN  
                DFFSQX1M                    CK  
                DFFSQX1M                     D  
                DFFSQX2M                     Q  
                DFFSQX2M                    SN  
                DFFSQX2M                    CK  
                DFFSQX2M                     D  
                DFFSQX4M                     Q  
                DFFSQX4M                    SN  
                DFFSQX4M                    CK  
                DFFSQX4M                     D  
              DFFSRHQX1M                     Q  
              DFFSRHQX1M                    RN  
              DFFSRHQX1M                    SN  
              DFFSRHQX1M                    CK  
              DFFSRHQX1M                     D  
              DFFSRHQX2M                     Q  
              DFFSRHQX2M                    RN  
              DFFSRHQX2M                    SN  
              DFFSRHQX2M                    CK  
              DFFSRHQX2M                     D  
              DFFSRHQX4M                     Q  
              DFFSRHQX4M                    RN  
              DFFSRHQX4M                    SN  
              DFFSRHQX4M                    CK  
              DFFSRHQX4M                     D  
              DFFSRHQX8M                     Q  
              DFFSRHQX8M                    RN  
              DFFSRHQX8M                    SN  
              DFFSRHQX8M                    CK  
              DFFSRHQX8M                     D  
                DFFSRX1M                    QN  
                DFFSRX1M                     Q  
                DFFSRX1M                    RN  
                DFFSRX1M                    SN  
                DFFSRX1M                    CK  
                DFFSRX1M                     D  
                DFFSRX2M                    QN  
                DFFSRX2M                     Q  
                DFFSRX2M                    RN  
                DFFSRX2M                    SN  
                DFFSRX2M                    CK  
                DFFSRX2M                     D  
                DFFSRX4M                    QN  
                DFFSRX4M                     Q  
                DFFSRX4M                    RN  
                DFFSRX4M                    SN  
                DFFSRX4M                    CK  
                DFFSRX4M                     D  
                 DFFSX1M                    QN  
                 DFFSX1M                     Q  
                 DFFSX1M                    SN  
                 DFFSX1M                    CK  
                 DFFSX1M                     D  
                 DFFSX2M                    QN  
                 DFFSX2M                     Q  
                 DFFSX2M                    SN  
                 DFFSX2M                    CK  
                 DFFSX2M                     D  
                 DFFSX4M                    QN  
                 DFFSX4M                     Q  
                 DFFSX4M                    SN  
                 DFFSX4M                    CK  
                 DFFSX4M                     D  
                DFFTRX1M                    QN  
                DFFTRX1M                     Q  
                DFFTRX1M                    RN  
                DFFTRX1M                    CK  
                DFFTRX1M                     D  
                DFFTRX2M                    QN  
                DFFTRX2M                     Q  
                DFFTRX2M                    RN  
                DFFTRX2M                    CK  
                DFFTRX2M                     D  
                DFFTRX4M                    QN  
                DFFTRX4M                     Q  
                DFFTRX4M                    RN  
                DFFTRX4M                    CK  
                DFFTRX4M                     D  
                  DFFX1M                    QN  
                  DFFX1M                     Q  
                  DFFX1M                    CK  
                  DFFX1M                     D  
                  DFFX2M                    QN  
                  DFFX2M                     Q  
                  DFFX2M                    CK  
                  DFFX2M                     D  
                  DFFX4M                    QN  
                  DFFX4M                     Q  
                  DFFX4M                    CK  
                  DFFX4M                     D  
                 DLY1X1M                     Y  
                 DLY1X1M                     A  
                 DLY1X4M                     Y  
                 DLY1X4M                     A  
                 DLY2X1M                     Y  
                 DLY2X1M                     A  
                 DLY2X4M                     Y  
                 DLY2X4M                     A  
                 DLY3X1M                     Y  
                 DLY3X1M                     A  
                 DLY3X4M                     Y  
                 DLY3X4M                     A  
                 DLY4X1M                     Y  
                 DLY4X1M                     A  
                 DLY4X4M                     Y  
                 DLY4X4M                     A  
               EDFFHQX1M                     Q  
               EDFFHQX1M                     E  
               EDFFHQX1M                    CK  
               EDFFHQX1M                     D  
               EDFFHQX2M                     Q  
               EDFFHQX2M                     E  
               EDFFHQX2M                    CK  
               EDFFHQX2M                     D  
               EDFFHQX4M                     Q  
               EDFFHQX4M                     E  
               EDFFHQX4M                    CK  
               EDFFHQX4M                     D  
               EDFFHQX8M                     Q  
               EDFFHQX8M                     E  
               EDFFHQX8M                    CK  
               EDFFHQX8M                     D  
               EDFFTRX1M                    QN  
               EDFFTRX1M                     Q  
               EDFFTRX1M                    RN  
               EDFFTRX1M                     E  
               EDFFTRX1M                    CK  
               EDFFTRX1M                     D  
               EDFFTRX2M                    QN  
               EDFFTRX2M                     Q  
               EDFFTRX2M                    RN  
               EDFFTRX2M                     E  
               EDFFTRX2M                    CK  
               EDFFTRX2M                     D  
               EDFFTRX4M                    QN  
               EDFFTRX4M                     Q  
               EDFFTRX4M                    RN  
               EDFFTRX4M                     E  
               EDFFTRX4M                    CK  
               EDFFTRX4M                     D  
                 EDFFX1M                    QN  
                 EDFFX1M                     Q  
                 EDFFX1M                     E  
                 EDFFX1M                    CK  
                 EDFFX1M                     D  
                 EDFFX2M                    QN  
                 EDFFX2M                     Q  
                 EDFFX2M                     E  
                 EDFFX2M                    CK  
                 EDFFX2M                     D  
                 EDFFX4M                    QN  
                 EDFFX4M                     Q  
                 EDFFX4M                     E  
                 EDFFX4M                    CK  
                 EDFFX4M                     D  
                 HOLDX1M                     Y  
                 INVX10M                     Y  
                 INVX10M                     A  
                 INVX12M                     Y  
                 INVX12M                     A  
                 INVX14M                     Y  
                 INVX14M                     A  
                 INVX16M                     Y  
                 INVX16M                     A  
                 INVX18M                     Y  
                 INVX18M                     A  
                  INVX1M                     Y  
                  INVX1M                     A  
                 INVX20M                     Y  
                 INVX20M                     A  
                 INVX24M                     Y  
                 INVX24M                     A  
                  INVX2M                     Y  
                  INVX2M                     A  
                 INVX32M                     Y  
                 INVX32M                     A  
                  INVX3M                     Y  
                  INVX3M                     A  
                  INVX4M                     Y  
                  INVX4M                     A  
                  INVX5M                     Y  
                  INVX5M                     A  
                  INVX6M                     Y  
                  INVX6M                     A  
                  INVX8M                     Y  
                  INVX8M                     A  
                  INVXLM                     Y  
                  INVXLM                     A  
               MDFFHQX1M                     Q  
               MDFFHQX1M                    CK  
               MDFFHQX1M                    S0  
               MDFFHQX1M                    D1  
               MDFFHQX1M                    D0  
               MDFFHQX2M                     Q  
               MDFFHQX2M                    CK  
               MDFFHQX2M                    S0  
               MDFFHQX2M                    D1  
               MDFFHQX2M                    D0  
               MDFFHQX4M                     Q  
               MDFFHQX4M                    CK  
               MDFFHQX4M                    S0  
               MDFFHQX4M                    D1  
               MDFFHQX4M                    D0  
               MDFFHQX8M                     Q  
               MDFFHQX8M                    CK  
               MDFFHQX8M                    S0  
               MDFFHQX8M                    D1  
               MDFFHQX8M                    D0  
                 MX2X12M                     Y  
                 MX2X12M                     A  
                 MX2X12M                     B  
                 MX2X12M                    S0  
                  MX2X1M                     Y  
                  MX2X1M                     A  
                  MX2X1M                     B  
                  MX2X1M                    S0  
                  MX2X2M                     Y  
                  MX2X2M                     A  
                  MX2X2M                     B  
                  MX2X2M                    S0  
                  MX2X3M                     Y  
                  MX2X3M                     A  
                  MX2X3M                     B  
                  MX2X3M                    S0  
                  MX2X4M                     Y  
                  MX2X4M                     A  
                  MX2X4M                     B  
                  MX2X4M                    S0  
                  MX2X6M                     Y  
                  MX2X6M                     A  
                  MX2X6M                     B  
                  MX2X6M                    S0  
                  MX2X8M                     Y  
                  MX2X8M                     A  
                  MX2X8M                     B  
                  MX2X8M                    S0  
                  MX2XLM                     Y  
                  MX2XLM                     A  
                  MX2XLM                     B  
                  MX2XLM                    S0  
                  MX3X1M                     Y  
                  MX3X1M                     A  
                  MX3X1M                     B  
                  MX3X1M                     C  
                  MX3X1M                    S0  
                  MX3X1M                    S1  
                  MX3X2M                     Y  
                  MX3X2M                     A  
                  MX3X2M                     B  
                  MX3X2M                     C  
                  MX3X2M                    S0  
                  MX3X2M                    S1  
                  MX3X4M                     Y  
                  MX3X4M                     A  
                  MX3X4M                     B  
                  MX3X4M                     C  
                  MX3X4M                    S0  
                  MX3X4M                    S1  
                  MX3X8M                     Y  
                  MX3X8M                     A  
                  MX3X8M                     B  
                  MX3X8M                     C  
                  MX3X8M                    S0  
                  MX3X8M                    S1  
                  MX3XLM                     Y  
                  MX3XLM                     A  
                  MX3XLM                     B  
                  MX3XLM                     C  
                  MX3XLM                    S0  
                  MX3XLM                    S1  
                  MX4X1M                     Y  
                  MX4X1M                     A  
                  MX4X1M                     B  
                  MX4X1M                     C  
                  MX4X1M                     D  
                  MX4X1M                    S0  
                  MX4X1M                    S1  
                  MX4X2M                     Y  
                  MX4X2M                     A  
                  MX4X2M                     B  
                  MX4X2M                     C  
                  MX4X2M                     D  
                  MX4X2M                    S0  
                  MX4X2M                    S1  
                  MX4X4M                     Y  
                  MX4X4M                     A  
                  MX4X4M                     B  
                  MX4X4M                     C  
                  MX4X4M                     D  
                  MX4X4M                    S0  
                  MX4X4M                    S1  
                  MX4X8M                     Y  
                  MX4X8M                     A  
                  MX4X8M                     B  
                  MX4X8M                     C  
                  MX4X8M                     D  
                  MX4X8M                    S0  
                  MX4X8M                    S1  
                  MX4XLM                     Y  
                  MX4XLM                     A  
                  MX4XLM                     B  
                  MX4XLM                     C  
                  MX4XLM                     D  
                  MX4XLM                    S0  
                  MX4XLM                    S1  
                MXI2DX1M                     Y  
                MXI2DX1M                     A  
                MXI2DX1M                     B  
                MXI2DX1M                    S0  
                MXI2DX2M                     Y  
                MXI2DX2M                     A  
                MXI2DX2M                     B  
                MXI2DX2M                    S0  
                MXI2DX4M                     Y  
                MXI2DX4M                     A  
                MXI2DX4M                     B  
                MXI2DX4M                    S0  
                MXI2DX8M                     Y  
                MXI2DX8M                     A  
                MXI2DX8M                     B  
                MXI2DX8M                    S0  
                MXI2DXLM                     Y  
                MXI2DXLM                     A  
                MXI2DXLM                     B  
                MXI2DXLM                    S0  
                MXI2X12M                     Y  
                MXI2X12M                     A  
                MXI2X12M                     B  
                MXI2X12M                    S0  
                 MXI2X1M                     Y  
                 MXI2X1M                     A  
                 MXI2X1M                     B  
                 MXI2X1M                    S0  
                 MXI2X2M                     Y  
                 MXI2X2M                     A  
                 MXI2X2M                     B  
                 MXI2X2M                    S0  
                 MXI2X3M                     Y  
                 MXI2X3M                     A  
                 MXI2X3M                     B  
                 MXI2X3M                    S0  
                 MXI2X4M                     Y  
                 MXI2X4M                     A  
                 MXI2X4M                     B  
                 MXI2X4M                    S0  
                 MXI2X6M                     Y  
                 MXI2X6M                     A  
                 MXI2X6M                     B  
                 MXI2X6M                    S0  
                 MXI2X8M                     Y  
                 MXI2X8M                     A  
                 MXI2X8M                     B  
                 MXI2X8M                    S0  
                 MXI2XLM                     Y  
                 MXI2XLM                     A  
                 MXI2XLM                     B  
                 MXI2XLM                    S0  
                 MXI3X1M                     Y  
                 MXI3X1M                     A  
                 MXI3X1M                     B  
                 MXI3X1M                     C  
                 MXI3X1M                    S0  
                 MXI3X1M                    S1  
                 MXI3X2M                     Y  
                 MXI3X2M                     A  
                 MXI3X2M                     B  
                 MXI3X2M                     C  
                 MXI3X2M                    S0  
                 MXI3X2M                    S1  
                 MXI3X4M                     Y  
                 MXI3X4M                     A  
                 MXI3X4M                     B  
                 MXI3X4M                     C  
                 MXI3X4M                    S0  
                 MXI3X4M                    S1  
                 MXI3X8M                     Y  
                 MXI3X8M                     A  
                 MXI3X8M                     B  
                 MXI3X8M                     C  
                 MXI3X8M                    S0  
                 MXI3X8M                    S1  
                 MXI3XLM                     Y  
                 MXI3XLM                     A  
                 MXI3XLM                     B  
                 MXI3XLM                     C  
                 MXI3XLM                    S0  
                 MXI3XLM                    S1  
                 MXI4X1M                     Y  
                 MXI4X1M                     A  
                 MXI4X1M                     B  
                 MXI4X1M                     C  
                 MXI4X1M                     D  
                 MXI4X1M                    S0  
                 MXI4X1M                    S1  
                 MXI4X2M                     Y  
                 MXI4X2M                     A  
                 MXI4X2M                     B  
                 MXI4X2M                     C  
                 MXI4X2M                     D  
                 MXI4X2M                    S0  
                 MXI4X2M                    S1  
                 MXI4X4M                     Y  
                 MXI4X4M                     A  
                 MXI4X4M                     B  
                 MXI4X4M                     C  
                 MXI4X4M                     D  
                 MXI4X4M                    S0  
                 MXI4X4M                    S1  
                 MXI4X8M                     Y  
                 MXI4X8M                     A  
                 MXI4X8M                     B  
                 MXI4X8M                     C  
                 MXI4X8M                     D  
                 MXI4X8M                    S0  
                 MXI4X8M                    S1  
                 MXI4XLM                     Y  
                 MXI4XLM                     A  
                 MXI4XLM                     B  
                 MXI4XLM                     C  
                 MXI4XLM                     D  
                 MXI4XLM                    S0  
                 MXI4XLM                    S1  
              NAND2BX12M                     Y  
              NAND2BX12M                     B  
              NAND2BX12M                    AN  
               NAND2BX1M                     Y  
               NAND2BX1M                     B  
               NAND2BX1M                    AN  
               NAND2BX2M                     Y  
               NAND2BX2M                     B  
               NAND2BX2M                    AN  
               NAND2BX4M                     Y  
               NAND2BX4M                     B  
               NAND2BX4M                    AN  
               NAND2BX8M                     Y  
               NAND2BX8M                     B  
               NAND2BX8M                    AN  
               NAND2BXLM                     Y  
               NAND2BXLM                     B  
               NAND2BXLM                    AN  
               NAND2X12M                     Y  
               NAND2X12M                     B  
               NAND2X12M                     A  
                NAND2X1M                     Y  
                NAND2X1M                     B  
                NAND2X1M                     A  
                NAND2X2M                     Y  
                NAND2X2M                     B  
                NAND2X2M                     A  
                NAND2X3M                     Y  
                NAND2X3M                     B  
                NAND2X3M                     A  
                NAND2X4M                     Y  
                NAND2X4M                     B  
                NAND2X4M                     A  
                NAND2X5M                     Y  
                NAND2X5M                     B  
                NAND2X5M                     A  
                NAND2X6M                     Y  
                NAND2X6M                     B  
                NAND2X6M                     A  
                NAND2X8M                     Y  
                NAND2X8M                     B  
                NAND2X8M                     A  
                NAND2XLM                     Y  
                NAND2XLM                     B  
                NAND2XLM                     A  
               NAND3BX1M                     Y  
               NAND3BX1M                     C  
               NAND3BX1M                     B  
               NAND3BX1M                    AN  
               NAND3BX2M                     Y  
               NAND3BX2M                     C  
               NAND3BX2M                     B  
               NAND3BX2M                    AN  
               NAND3BX4M                     Y  
               NAND3BX4M                     C  
               NAND3BX4M                     B  
               NAND3BX4M                    AN  
               NAND3BXLM                     Y  
               NAND3BXLM                     C  
               NAND3BXLM                     B  
               NAND3BXLM                    AN  
               NAND3X12M                     Y  
               NAND3X12M                     C  
               NAND3X12M                     B  
               NAND3X12M                     A  
                NAND3X1M                     Y  
                NAND3X1M                     C  
                NAND3X1M                     B  
                NAND3X1M                     A  
                NAND3X2M                     Y  
                NAND3X2M                     C  
                NAND3X2M                     B  
                NAND3X2M                     A  
                NAND3X3M                     Y  
                NAND3X3M                     C  
                NAND3X3M                     B  
                NAND3X3M                     A  
                NAND3X4M                     Y  
                NAND3X4M                     C  
                NAND3X4M                     B  
                NAND3X4M                     A  
                NAND3X6M                     Y  
                NAND3X6M                     C  
                NAND3X6M                     B  
                NAND3X6M                     A  
                NAND3X8M                     Y  
                NAND3X8M                     C  
                NAND3X8M                     B  
                NAND3X8M                     A  
                NAND3XLM                     Y  
                NAND3XLM                     C  
                NAND3XLM                     B  
                NAND3XLM                     A  
              NAND4BBX1M                     Y  
              NAND4BBX1M                     D  
              NAND4BBX1M                     C  
              NAND4BBX1M                    BN  
              NAND4BBX1M                    AN  
              NAND4BBX2M                     Y  
              NAND4BBX2M                     D  
              NAND4BBX2M                     C  
              NAND4BBX2M                    BN  
              NAND4BBX2M                    AN  
              NAND4BBX4M                     Y  
              NAND4BBX4M                     D  
              NAND4BBX4M                     C  
              NAND4BBX4M                    BN  
              NAND4BBX4M                    AN  
              NAND4BBXLM                     Y  
              NAND4BBXLM                     D  
              NAND4BBXLM                     C  
              NAND4BBXLM                    BN  
              NAND4BBXLM                    AN  
               NAND4BX1M                     Y  
               NAND4BX1M                     D  
               NAND4BX1M                     C  
               NAND4BX1M                     B  
               NAND4BX1M                    AN  
               NAND4BX2M                     Y  
               NAND4BX2M                     D  
               NAND4BX2M                     C  
               NAND4BX2M                     B  
               NAND4BX2M                    AN  
               NAND4BX4M                     Y  
               NAND4BX4M                     D  
               NAND4BX4M                     C  
               NAND4BX4M                     B  
               NAND4BX4M                    AN  
               NAND4BXLM                     Y  
               NAND4BXLM                     D  
               NAND4BXLM                     C  
               NAND4BXLM                     B  
               NAND4BXLM                    AN  
               NAND4X12M                     Y  
               NAND4X12M                     D  
               NAND4X12M                     C  
               NAND4X12M                     B  
               NAND4X12M                     A  
                NAND4X1M                     Y  
                NAND4X1M                     D  
                NAND4X1M                     C  
                NAND4X1M                     B  
                NAND4X1M                     A  
                NAND4X2M                     Y  
                NAND4X2M                     D  
                NAND4X2M                     C  
                NAND4X2M                     B  
                NAND4X2M                     A  
                NAND4X4M                     Y  
                NAND4X4M                     D  
                NAND4X4M                     C  
                NAND4X4M                     B  
                NAND4X4M                     A  
                NAND4X6M                     Y  
                NAND4X6M                     D  
                NAND4X6M                     C  
                NAND4X6M                     B  
                NAND4X6M                     A  
                NAND4X8M                     Y  
                NAND4X8M                     D  
                NAND4X8M                     C  
                NAND4X8M                     B  
                NAND4X8M                     A  
                NAND4XLM                     Y  
                NAND4XLM                     D  
                NAND4XLM                     C  
                NAND4XLM                     B  
                NAND4XLM                     A  
               NOR2BX12M                     Y  
               NOR2BX12M                     B  
               NOR2BX12M                    AN  
                NOR2BX1M                     Y  
                NOR2BX1M                     B  
                NOR2BX1M                    AN  
                NOR2BX2M                     Y  
                NOR2BX2M                     B  
                NOR2BX2M                    AN  
                NOR2BX4M                     Y  
                NOR2BX4M                     B  
                NOR2BX4M                    AN  
                NOR2BX8M                     Y  
                NOR2BX8M                     B  
                NOR2BX8M                    AN  
                NOR2BXLM                     Y  
                NOR2BXLM                     B  
                NOR2BXLM                    AN  
                NOR2X12M                     Y  
                NOR2X12M                     B  
                NOR2X12M                     A  
                 NOR2X1M                     Y  
                 NOR2X1M                     B  
                 NOR2X1M                     A  
                 NOR2X2M                     Y  
                 NOR2X2M                     B  
                 NOR2X2M                     A  
                 NOR2X3M                     Y  
                 NOR2X3M                     B  
                 NOR2X3M                     A  
                 NOR2X4M                     Y  
                 NOR2X4M                     B  
                 NOR2X4M                     A  
                 NOR2X5M                     Y  
                 NOR2X5M                     B  
                 NOR2X5M                     A  
                 NOR2X6M                     Y  
                 NOR2X6M                     B  
                 NOR2X6M                     A  
                 NOR2X8M                     Y  
                 NOR2X8M                     B  
                 NOR2X8M                     A  
                 NOR2XLM                     Y  
                 NOR2XLM                     B  
                 NOR2XLM                     A  
                NOR3BX1M                     Y  
                NOR3BX1M                     C  
                NOR3BX1M                     B  
                NOR3BX1M                    AN  
                NOR3BX2M                     Y  
                NOR3BX2M                     C  
                NOR3BX2M                     B  
                NOR3BX2M                    AN  
                NOR3BX4M                     Y  
                NOR3BX4M                     C  
                NOR3BX4M                     B  
                NOR3BX4M                    AN  
                NOR3BXLM                     Y  
                NOR3BXLM                     C  
                NOR3BXLM                     B  
                NOR3BXLM                    AN  
                NOR3X12M                     Y  
                NOR3X12M                     C  
                NOR3X12M                     B  
                NOR3X12M                     A  
                 NOR3X1M                     Y  
                 NOR3X1M                     C  
                 NOR3X1M                     B  
                 NOR3X1M                     A  
                 NOR3X2M                     Y  
                 NOR3X2M                     C  
                 NOR3X2M                     B  
                 NOR3X2M                     A  
                 NOR3X4M                     Y  
                 NOR3X4M                     C  
                 NOR3X4M                     B  
                 NOR3X4M                     A  
                 NOR3X6M                     Y  
                 NOR3X6M                     C  
                 NOR3X6M                     B  
                 NOR3X6M                     A  
                 NOR3X8M                     Y  
                 NOR3X8M                     C  
                 NOR3X8M                     B  
                 NOR3X8M                     A  
                 NOR3XLM                     Y  
                 NOR3XLM                     C  
                 NOR3XLM                     B  
                 NOR3XLM                     A  
               NOR4BBX1M                     Y  
               NOR4BBX1M                     D  
               NOR4BBX1M                     C  
               NOR4BBX1M                    BN  
               NOR4BBX1M                    AN  
               NOR4BBX2M                     Y  
               NOR4BBX2M                     D  
               NOR4BBX2M                     C  
               NOR4BBX2M                    BN  
               NOR4BBX2M                    AN  
               NOR4BBX4M                     Y  
               NOR4BBX4M                     D  
               NOR4BBX4M                     C  
               NOR4BBX4M                    BN  
               NOR4BBX4M                    AN  
               NOR4BBXLM                     Y  
               NOR4BBXLM                     D  
               NOR4BBXLM                     C  
               NOR4BBXLM                    BN  
               NOR4BBXLM                    AN  
                NOR4BX1M                     Y  
                NOR4BX1M                     D  
                NOR4BX1M                     C  
                NOR4BX1M                     B  
                NOR4BX1M                    AN  
                NOR4BX2M                     Y  
                NOR4BX2M                     D  
                NOR4BX2M                     C  
                NOR4BX2M                     B  
                NOR4BX2M                    AN  
                NOR4BX4M                     Y  
                NOR4BX4M                     D  
                NOR4BX4M                     C  
                NOR4BX4M                     B  
                NOR4BX4M                    AN  
                NOR4BXLM                     Y  
                NOR4BXLM                     D  
                NOR4BXLM                     C  
                NOR4BXLM                     B  
                NOR4BXLM                    AN  
                NOR4X12M                     Y  
                NOR4X12M                     D  
                NOR4X12M                     C  
                NOR4X12M                     B  
                NOR4X12M                     A  
                 NOR4X1M                     Y  
                 NOR4X1M                     D  
                 NOR4X1M                     C  
                 NOR4X1M                     B  
                 NOR4X1M                     A  
                 NOR4X2M                     Y  
                 NOR4X2M                     D  
                 NOR4X2M                     C  
                 NOR4X2M                     B  
                 NOR4X2M                     A  
                 NOR4X4M                     Y  
                 NOR4X4M                     D  
                 NOR4X4M                     C  
                 NOR4X4M                     B  
                 NOR4X4M                     A  
                 NOR4X6M                     Y  
                 NOR4X6M                     D  
                 NOR4X6M                     C  
                 NOR4X6M                     B  
                 NOR4X6M                     A  
                 NOR4X8M                     Y  
                 NOR4X8M                     D  
                 NOR4X8M                     C  
                 NOR4X8M                     B  
                 NOR4X8M                     A  
                 NOR4XLM                     Y  
                 NOR4XLM                     D  
                 NOR4XLM                     C  
                 NOR4XLM                     B  
                 NOR4XLM                     A  
                 OA21X1M                     Y  
                 OA21X1M                    B0  
                 OA21X1M                    A1  
                 OA21X1M                    A0  
                 OA21X2M                     Y  
                 OA21X2M                    B0  
                 OA21X2M                    A1  
                 OA21X2M                    A0  
                 OA21X4M                     Y  
                 OA21X4M                    B0  
                 OA21X4M                    A1  
                 OA21X4M                    A0  
                 OA21X8M                     Y  
                 OA21X8M                    B0  
                 OA21X8M                    A1  
                 OA21X8M                    A0  
                 OA21XLM                     Y  
                 OA21XLM                    B0  
                 OA21XLM                    A1  
                 OA21XLM                    A0  
                 OA22X1M                     Y  
                 OA22X1M                    B1  
                 OA22X1M                    B0  
                 OA22X1M                    A1  
                 OA22X1M                    A0  
                 OA22X2M                     Y  
                 OA22X2M                    B1  
                 OA22X2M                    B0  
                 OA22X2M                    A1  
                 OA22X2M                    A0  
                 OA22X4M                     Y  
                 OA22X4M                    B1  
                 OA22X4M                    B0  
                 OA22X4M                    A1  
                 OA22X4M                    A0  
                 OA22X8M                     Y  
                 OA22X8M                    B1  
                 OA22X8M                    B0  
                 OA22X8M                    A1  
                 OA22X8M                    A0  
                 OA22XLM                     Y  
                 OA22XLM                    B1  
                 OA22XLM                    B0  
                 OA22XLM                    A1  
                 OA22XLM                    A0  
               OAI211X1M                     Y  
               OAI211X1M                    C0  
               OAI211X1M                    B0  
               OAI211X1M                    A1  
               OAI211X1M                    A0  
               OAI211X2M                     Y  
               OAI211X2M                    C0  
               OAI211X2M                    B0  
               OAI211X2M                    A1  
               OAI211X2M                    A0  
               OAI211X4M                     Y  
               OAI211X4M                    C0  
               OAI211X4M                    B0  
               OAI211X4M                    A1  
               OAI211X4M                    A0  
               OAI211X8M                     Y  
               OAI211X8M                    C0  
               OAI211X8M                    B0  
               OAI211X8M                    A1  
               OAI211X8M                    A0  
               OAI211XLM                     Y  
               OAI211XLM                    C0  
               OAI211XLM                    B0  
               OAI211XLM                    A1  
               OAI211XLM                    A0  
               OAI21BX1M                     Y  
               OAI21BX1M                   B0N  
               OAI21BX1M                    A1  
               OAI21BX1M                    A0  
               OAI21BX2M                     Y  
               OAI21BX2M                   B0N  
               OAI21BX2M                    A1  
               OAI21BX2M                    A0  
               OAI21BX4M                     Y  
               OAI21BX4M                   B0N  
               OAI21BX4M                    A1  
               OAI21BX4M                    A0  
               OAI21BX8M                     Y  
               OAI21BX8M                   B0N  
               OAI21BX8M                    A1  
               OAI21BX8M                    A0  
               OAI21BXLM                     Y  
               OAI21BXLM                   B0N  
               OAI21BXLM                    A1  
               OAI21BXLM                    A0  
                OAI21X1M                     Y  
                OAI21X1M                    B0  
                OAI21X1M                    A1  
                OAI21X1M                    A0  
                OAI21X2M                     Y  
                OAI21X2M                    B0  
                OAI21X2M                    A1  
                OAI21X2M                    A0  
                OAI21X3M                     Y  
                OAI21X3M                    B0  
                OAI21X3M                    A1  
                OAI21X3M                    A0  
                OAI21X4M                     Y  
                OAI21X4M                    B0  
                OAI21X4M                    A1  
                OAI21X4M                    A0  
                OAI21X6M                     Y  
                OAI21X6M                    B0  
                OAI21X6M                    A1  
                OAI21X6M                    A0  
                OAI21X8M                     Y  
                OAI21X8M                    B0  
                OAI21X8M                    A1  
                OAI21X8M                    A0  
                OAI21XLM                     Y  
                OAI21XLM                    B0  
                OAI21XLM                    A1  
                OAI21XLM                    A0  
               OAI221X1M                     Y  
               OAI221X1M                    C0  
               OAI221X1M                    B1  
               OAI221X1M                    B0  
               OAI221X1M                    A1  
               OAI221X1M                    A0  
               OAI221X2M                     Y  
               OAI221X2M                    C0  
               OAI221X2M                    B1  
               OAI221X2M                    B0  
               OAI221X2M                    A1  
               OAI221X2M                    A0  
               OAI221X4M                     Y  
               OAI221X4M                    C0  
               OAI221X4M                    B1  
               OAI221X4M                    B0  
               OAI221X4M                    A1  
               OAI221X4M                    A0  
               OAI221XLM                     Y  
               OAI221XLM                    C0  
               OAI221XLM                    B1  
               OAI221XLM                    B0  
               OAI221XLM                    A1  
               OAI221XLM                    A0  
               OAI222X1M                     Y  
               OAI222X1M                    C1  
               OAI222X1M                    C0  
               OAI222X1M                    B1  
               OAI222X1M                    B0  
               OAI222X1M                    A1  
               OAI222X1M                    A0  
               OAI222X2M                     Y  
               OAI222X2M                    C1  
               OAI222X2M                    C0  
               OAI222X2M                    B1  
               OAI222X2M                    B0  
               OAI222X2M                    A1  
               OAI222X2M                    A0  
               OAI222X4M                     Y  
               OAI222X4M                    C1  
               OAI222X4M                    C0  
               OAI222X4M                    B1  
               OAI222X4M                    B0  
               OAI222X4M                    A1  
               OAI222X4M                    A0  
               OAI222XLM                     Y  
               OAI222XLM                    C1  
               OAI222XLM                    C0  
               OAI222XLM                    B1  
               OAI222XLM                    B0  
               OAI222XLM                    A1  
               OAI222XLM                    A0  
                OAI22X1M                     Y  
                OAI22X1M                    B1  
                OAI22X1M                    B0  
                OAI22X1M                    A1  
                OAI22X1M                    A0  
                OAI22X2M                     Y  
                OAI22X2M                    B1  
                OAI22X2M                    B0  
                OAI22X2M                    A1  
                OAI22X2M                    A0  
                OAI22X4M                     Y  
                OAI22X4M                    B1  
                OAI22X4M                    B0  
                OAI22X4M                    A1  
                OAI22X4M                    A0  
                OAI22X8M                     Y  
                OAI22X8M                    B1  
                OAI22X8M                    B0  
                OAI22X8M                    A1  
                OAI22X8M                    A0  
                OAI22XLM                     Y  
                OAI22XLM                    B1  
                OAI22XLM                    B0  
                OAI22XLM                    A1  
                OAI22XLM                    A0  
              OAI2B11X1M                     Y  
              OAI2B11X1M                    C0  
              OAI2B11X1M                    B0  
              OAI2B11X1M                   A1N  
              OAI2B11X1M                    A0  
              OAI2B11X2M                     Y  
              OAI2B11X2M                    C0  
              OAI2B11X2M                    B0  
              OAI2B11X2M                   A1N  
              OAI2B11X2M                    A0  
              OAI2B11X4M                     Y  
              OAI2B11X4M                    C0  
              OAI2B11X4M                    B0  
              OAI2B11X4M                   A1N  
              OAI2B11X4M                    A0  
              OAI2B11XLM                     Y  
              OAI2B11XLM                    C0  
              OAI2B11XLM                    B0  
              OAI2B11XLM                   A1N  
              OAI2B11XLM                    A0  
               OAI2B1X1M                     Y  
               OAI2B1X1M                    B0  
               OAI2B1X1M                   A1N  
               OAI2B1X1M                    A0  
               OAI2B1X2M                     Y  
               OAI2B1X2M                    B0  
               OAI2B1X2M                   A1N  
               OAI2B1X2M                    A0  
               OAI2B1X4M                     Y  
               OAI2B1X4M                    B0  
               OAI2B1X4M                   A1N  
               OAI2B1X4M                    A0  
               OAI2B1X8M                     Y  
               OAI2B1X8M                    B0  
               OAI2B1X8M                   A1N  
               OAI2B1X8M                    A0  
               OAI2B1XLM                     Y  
               OAI2B1XLM                    B0  
               OAI2B1XLM                   A1N  
               OAI2B1XLM                    A0  
               OAI2B2X1M                     Y  
               OAI2B2X1M                    B1  
               OAI2B2X1M                    B0  
               OAI2B2X1M                   A1N  
               OAI2B2X1M                    A0  
               OAI2B2X2M                     Y  
               OAI2B2X2M                    B1  
               OAI2B2X2M                    B0  
               OAI2B2X2M                   A1N  
               OAI2B2X2M                    A0  
               OAI2B2X4M                     Y  
               OAI2B2X4M                    B1  
               OAI2B2X4M                    B0  
               OAI2B2X4M                   A1N  
               OAI2B2X4M                    A0  
               OAI2B2X8M                     Y  
               OAI2B2X8M                    B1  
               OAI2B2X8M                    B0  
               OAI2B2X8M                   A1N  
               OAI2B2X8M                    A0  
               OAI2B2XLM                     Y  
               OAI2B2XLM                    B1  
               OAI2B2XLM                    B0  
               OAI2B2XLM                   A1N  
               OAI2B2XLM                    A0  
              OAI2BB1X1M                     Y  
              OAI2BB1X1M                    B0  
              OAI2BB1X1M                   A1N  
              OAI2BB1X1M                   A0N  
              OAI2BB1X2M                     Y  
              OAI2BB1X2M                    B0  
              OAI2BB1X2M                   A1N  
              OAI2BB1X2M                   A0N  
              OAI2BB1X4M                     Y  
              OAI2BB1X4M                    B0  
              OAI2BB1X4M                   A1N  
              OAI2BB1X4M                   A0N  
              OAI2BB1XLM                     Y  
              OAI2BB1XLM                    B0  
              OAI2BB1XLM                   A1N  
              OAI2BB1XLM                   A0N  
              OAI2BB2X1M                     Y  
              OAI2BB2X1M                    B1  
              OAI2BB2X1M                    B0  
              OAI2BB2X1M                   A1N  
              OAI2BB2X1M                   A0N  
              OAI2BB2X2M                     Y  
              OAI2BB2X2M                    B1  
              OAI2BB2X2M                    B0  
              OAI2BB2X2M                   A1N  
              OAI2BB2X2M                   A0N  
              OAI2BB2X4M                     Y  
              OAI2BB2X4M                    B1  
              OAI2BB2X4M                    B0  
              OAI2BB2X4M                   A1N  
              OAI2BB2X4M                   A0N  
              OAI2BB2X8M                     Y  
              OAI2BB2X8M                    B1  
              OAI2BB2X8M                    B0  
              OAI2BB2X8M                   A1N  
              OAI2BB2X8M                   A0N  
              OAI2BB2XLM                     Y  
              OAI2BB2XLM                    B1  
              OAI2BB2XLM                    B0  
              OAI2BB2XLM                   A1N  
              OAI2BB2XLM                   A0N  
                OAI31X1M                     Y  
                OAI31X1M                    B0  
                OAI31X1M                    A2  
                OAI31X1M                    A1  
                OAI31X1M                    A0  
                OAI31X2M                     Y  
                OAI31X2M                    B0  
                OAI31X2M                    A2  
                OAI31X2M                    A1  
                OAI31X2M                    A0  
                OAI31X4M                     Y  
                OAI31X4M                    B0  
                OAI31X4M                    A2  
                OAI31X4M                    A1  
                OAI31X4M                    A0  
                OAI31XLM                     Y  
                OAI31XLM                    B0  
                OAI31XLM                    A2  
                OAI31XLM                    A1  
                OAI31XLM                    A0  
                OAI32X1M                     Y  
                OAI32X1M                    B1  
                OAI32X1M                    B0  
                OAI32X1M                    A2  
                OAI32X1M                    A1  
                OAI32X1M                    A0  
                OAI32X2M                     Y  
                OAI32X2M                    B1  
                OAI32X2M                    B0  
                OAI32X2M                    A2  
                OAI32X2M                    A1  
                OAI32X2M                    A0  
                OAI32X4M                     Y  
                OAI32X4M                    B1  
                OAI32X4M                    B0  
                OAI32X4M                    A2  
                OAI32X4M                    A1  
                OAI32X4M                    A0  
                OAI32XLM                     Y  
                OAI32XLM                    B1  
                OAI32XLM                    B0  
                OAI32XLM                    A2  
                OAI32XLM                    A1  
                OAI32XLM                    A0  
                OAI33X1M                     Y  
                OAI33X1M                    B2  
                OAI33X1M                    B1  
                OAI33X1M                    B0  
                OAI33X1M                    A2  
                OAI33X1M                    A1  
                OAI33X1M                    A0  
                OAI33X2M                     Y  
                OAI33X2M                    B2  
                OAI33X2M                    B1  
                OAI33X2M                    B0  
                OAI33X2M                    A2  
                OAI33X2M                    A1  
                OAI33X2M                    A0  
                OAI33X4M                     Y  
                OAI33X4M                    B2  
                OAI33X4M                    B1  
                OAI33X4M                    B0  
                OAI33X4M                    A2  
                OAI33X4M                    A1  
                OAI33X4M                    A0  
                OAI33XLM                     Y  
                OAI33XLM                    B2  
                OAI33XLM                    B1  
                OAI33XLM                    B0  
                OAI33XLM                    A2  
                OAI33XLM                    A1  
                OAI33XLM                    A0  
                 OR2X12M                     Y  
                 OR2X12M                     B  
                 OR2X12M                     A  
                  OR2X1M                     Y  
                  OR2X1M                     B  
                  OR2X1M                     A  
                  OR2X2M                     Y  
                  OR2X2M                     B  
                  OR2X2M                     A  
                  OR2X4M                     Y  
                  OR2X4M                     B  
                  OR2X4M                     A  
                  OR2X6M                     Y  
                  OR2X6M                     B  
                  OR2X6M                     A  
                  OR2X8M                     Y  
                  OR2X8M                     B  
                  OR2X8M                     A  
                 OR3X12M                     Y  
                 OR3X12M                     C  
                 OR3X12M                     B  
                 OR3X12M                     A  
                  OR3X1M                     Y  
                  OR3X1M                     C  
                  OR3X1M                     B  
                  OR3X1M                     A  
                  OR3X2M                     Y  
                  OR3X2M                     C  
                  OR3X2M                     B  
                  OR3X2M                     A  
                  OR3X4M                     Y  
                  OR3X4M                     C  
                  OR3X4M                     B  
                  OR3X4M                     A  
                  OR3X6M                     Y  
                  OR3X6M                     C  
                  OR3X6M                     B  
                  OR3X6M                     A  
                  OR3X8M                     Y  
                  OR3X8M                     C  
                  OR3X8M                     B  
                  OR3X8M                     A  
                 OR4X12M                     Y  
                 OR4X12M                     D  
                 OR4X12M                     C  
                 OR4X12M                     B  
                 OR4X12M                     A  
                  OR4X1M                     Y  
                  OR4X1M                     D  
                  OR4X1M                     C  
                  OR4X1M                     B  
                  OR4X1M                     A  
                  OR4X2M                     Y  
                  OR4X2M                     D  
                  OR4X2M                     C  
                  OR4X2M                     B  
                  OR4X2M                     A  
                  OR4X4M                     Y  
                  OR4X4M                     D  
                  OR4X4M                     C  
                  OR4X4M                     B  
                  OR4X4M                     A  
                  OR4X6M                     Y  
                  OR4X6M                     D  
                  OR4X6M                     C  
                  OR4X6M                     B  
                  OR4X6M                     A  
                  OR4X8M                     Y  
                  OR4X8M                     D  
                  OR4X8M                     C  
                  OR4X8M                     B  
                  OR4X8M                     A  
              SDFFHQNX1M                    QN  
              SDFFHQNX1M                    CK  
              SDFFHQNX1M                     D  
              SDFFHQNX1M                    SE  
              SDFFHQNX1M                    SI  
              SDFFHQNX2M                    QN  
              SDFFHQNX2M                    CK  
              SDFFHQNX2M                     D  
              SDFFHQNX2M                    SE  
              SDFFHQNX2M                    SI  
              SDFFHQNX4M                    QN  
              SDFFHQNX4M                    CK  
              SDFFHQNX4M                     D  
              SDFFHQNX4M                    SE  
              SDFFHQNX4M                    SI  
              SDFFHQNX8M                    QN  
              SDFFHQNX8M                    CK  
              SDFFHQNX8M                     D  
              SDFFHQNX8M                    SE  
              SDFFHQNX8M                    SI  
               SDFFHQX1M                     Q  
               SDFFHQX1M                    CK  
               SDFFHQX1M                     D  
               SDFFHQX1M                    SE  
               SDFFHQX1M                    SI  
               SDFFHQX2M                     Q  
               SDFFHQX2M                    CK  
               SDFFHQX2M                     D  
               SDFFHQX2M                    SE  
               SDFFHQX2M                    SI  
               SDFFHQX4M                     Q  
               SDFFHQX4M                    CK  
               SDFFHQX4M                     D  
               SDFFHQX4M                    SE  
               SDFFHQX4M                    SI  
               SDFFHQX8M                     Q  
               SDFFHQX8M                    CK  
               SDFFHQX8M                     D  
               SDFFHQX8M                    SE  
               SDFFHQX8M                    SI  
                SDFFHX1M                    QN  
                SDFFHX1M                     Q  
                SDFFHX1M                    CK  
                SDFFHX1M                     D  
                SDFFHX1M                    SE  
                SDFFHX1M                    SI  
                SDFFHX2M                    QN  
                SDFFHX2M                     Q  
                SDFFHX2M                    CK  
                SDFFHX2M                     D  
                SDFFHX2M                    SE  
                SDFFHX2M                    SI  
                SDFFHX4M                    QN  
                SDFFHX4M                     Q  
                SDFFHX4M                    CK  
                SDFFHX4M                     D  
                SDFFHX4M                    SE  
                SDFFHX4M                    SI  
                SDFFHX8M                    QN  
                SDFFHX8M                     Q  
                SDFFHX8M                    CK  
                SDFFHX8M                     D  
                SDFFHX8M                    SE  
                SDFFHX8M                    SI  
               SDFFNHX1M                    QN  
               SDFFNHX1M                     Q  
               SDFFNHX1M                   CKN  
               SDFFNHX1M                     D  
               SDFFNHX1M                    SE  
               SDFFNHX1M                    SI  
               SDFFNHX2M                    QN  
               SDFFNHX2M                     Q  
               SDFFNHX2M                   CKN  
               SDFFNHX2M                     D  
               SDFFNHX2M                    SE  
               SDFFNHX2M                    SI  
               SDFFNHX4M                    QN  
               SDFFNHX4M                     Q  
               SDFFNHX4M                   CKN  
               SDFFNHX4M                     D  
               SDFFNHX4M                    SE  
               SDFFNHX4M                    SI  
               SDFFNHX8M                    QN  
               SDFFNHX8M                     Q  
               SDFFNHX8M                   CKN  
               SDFFNHX8M                     D  
               SDFFNHX8M                    SE  
               SDFFNHX8M                    SI  
             SDFFNSRHX1M                    QN  
             SDFFNSRHX1M                     Q  
             SDFFNSRHX1M                    RN  
             SDFFNSRHX1M                    SN  
             SDFFNSRHX1M                   CKN  
             SDFFNSRHX1M                     D  
             SDFFNSRHX1M                    SE  
             SDFFNSRHX1M                    SI  
             SDFFNSRHX2M                    QN  
             SDFFNSRHX2M                     Q  
             SDFFNSRHX2M                    RN  
             SDFFNSRHX2M                    SN  
             SDFFNSRHX2M                   CKN  
             SDFFNSRHX2M                     D  
             SDFFNSRHX2M                    SE  
             SDFFNSRHX2M                    SI  
             SDFFNSRHX4M                    QN  
             SDFFNSRHX4M                     Q  
             SDFFNSRHX4M                    RN  
             SDFFNSRHX4M                    SN  
             SDFFNSRHX4M                   CKN  
             SDFFNSRHX4M                     D  
             SDFFNSRHX4M                    SE  
             SDFFNSRHX4M                    SI  
             SDFFNSRHX8M                    QN  
             SDFFNSRHX8M                     Q  
             SDFFNSRHX8M                    RN  
             SDFFNSRHX8M                    SN  
             SDFFNSRHX8M                   CKN  
             SDFFNSRHX8M                     D  
             SDFFNSRHX8M                    SE  
             SDFFNSRHX8M                    SI  
               SDFFQNX1M                    QN  
               SDFFQNX1M                    CK  
               SDFFQNX1M                     D  
               SDFFQNX1M                    SE  
               SDFFQNX1M                    SI  
               SDFFQNX2M                    QN  
               SDFFQNX2M                    CK  
               SDFFQNX2M                     D  
               SDFFQNX2M                    SE  
               SDFFQNX2M                    SI  
               SDFFQNX4M                    QN  
               SDFFQNX4M                    CK  
               SDFFQNX4M                     D  
               SDFFQNX4M                    SE  
               SDFFQNX4M                    SI  
                SDFFQX1M                     Q  
                SDFFQX1M                    CK  
                SDFFQX1M                     D  
                SDFFQX1M                    SE  
                SDFFQX1M                    SI  
                SDFFQX2M                     Q  
                SDFFQX2M                    CK  
                SDFFQX2M                     D  
                SDFFQX2M                    SE  
                SDFFQX2M                    SI  
                SDFFQX4M                     Q  
                SDFFQX4M                    CK  
                SDFFQX4M                     D  
                SDFFQX4M                    SE  
                SDFFQX4M                    SI  
              SDFFRHQX1M                     Q  
              SDFFRHQX1M                    RN  
              SDFFRHQX1M                    CK  
              SDFFRHQX1M                     D  
              SDFFRHQX1M                    SE  
              SDFFRHQX1M                    SI  
              SDFFRHQX2M                     Q  
              SDFFRHQX2M                    RN  
              SDFFRHQX2M                    CK  
              SDFFRHQX2M                     D  
              SDFFRHQX2M                    SE  
              SDFFRHQX2M                    SI  
              SDFFRHQX4M                     Q  
              SDFFRHQX4M                    RN  
              SDFFRHQX4M                    CK  
              SDFFRHQX4M                     D  
              SDFFRHQX4M                    SE  
              SDFFRHQX4M                    SI  
              SDFFRHQX8M                     Q  
              SDFFRHQX8M                    RN  
              SDFFRHQX8M                    CK  
              SDFFRHQX8M                     D  
              SDFFRHQX8M                    SE  
              SDFFRHQX8M                    SI  
               SDFFRQX1M                     Q  
               SDFFRQX1M                    RN  
               SDFFRQX1M                    CK  
               SDFFRQX1M                     D  
               SDFFRQX1M                    SE  
               SDFFRQX1M                    SI  
               SDFFRQX2M                     Q  
               SDFFRQX2M                    RN  
               SDFFRQX2M                    CK  
               SDFFRQX2M                     D  
               SDFFRQX2M                    SE  
               SDFFRQX2M                    SI  
               SDFFRQX4M                     Q  
               SDFFRQX4M                    RN  
               SDFFRQX4M                    CK  
               SDFFRQX4M                     D  
               SDFFRQX4M                    SE  
               SDFFRQX4M                    SI  
                SDFFRX1M                    QN  
                SDFFRX1M                     Q  
                SDFFRX1M                    RN  
                SDFFRX1M                    CK  
                SDFFRX1M                     D  
                SDFFRX1M                    SE  
                SDFFRX1M                    SI  
                SDFFRX2M                    QN  
                SDFFRX2M                     Q  
                SDFFRX2M                    RN  
                SDFFRX2M                    CK  
                SDFFRX2M                     D  
                SDFFRX2M                    SE  
                SDFFRX2M                    SI  
                SDFFRX4M                    QN  
                SDFFRX4M                     Q  
                SDFFRX4M                    RN  
                SDFFRX4M                    CK  
                SDFFRX4M                     D  
                SDFFRX4M                    SE  
                SDFFRX4M                    SI  
              SDFFSHQX1M                     Q  
              SDFFSHQX1M                    SN  
              SDFFSHQX1M                    CK  
              SDFFSHQX1M                     D  
              SDFFSHQX1M                    SE  
              SDFFSHQX1M                    SI  
              SDFFSHQX2M                     Q  
              SDFFSHQX2M                    SN  
              SDFFSHQX2M                    CK  
              SDFFSHQX2M                     D  
              SDFFSHQX2M                    SE  
              SDFFSHQX2M                    SI  
              SDFFSHQX4M                     Q  
              SDFFSHQX4M                    SN  
              SDFFSHQX4M                    CK  
              SDFFSHQX4M                     D  
              SDFFSHQX4M                    SE  
              SDFFSHQX4M                    SI  
              SDFFSHQX8M                     Q  
              SDFFSHQX8M                    SN  
              SDFFSHQX8M                    CK  
              SDFFSHQX8M                     D  
              SDFFSHQX8M                    SE  
              SDFFSHQX8M                    SI  
               SDFFSQX1M                     Q  
               SDFFSQX1M                    SN  
               SDFFSQX1M                    CK  
               SDFFSQX1M                     D  
               SDFFSQX1M                    SE  
               SDFFSQX1M                    SI  
               SDFFSQX2M                     Q  
               SDFFSQX2M                    SN  
               SDFFSQX2M                    CK  
               SDFFSQX2M                     D  
               SDFFSQX2M                    SE  
               SDFFSQX2M                    SI  
               SDFFSQX4M                     Q  
               SDFFSQX4M                    SN  
               SDFFSQX4M                    CK  
               SDFFSQX4M                     D  
               SDFFSQX4M                    SE  
               SDFFSQX4M                    SI  
             SDFFSRHQX1M                     Q  
             SDFFSRHQX1M                    RN  
             SDFFSRHQX1M                    SN  
             SDFFSRHQX1M                    CK  
             SDFFSRHQX1M                     D  
             SDFFSRHQX1M                    SE  
             SDFFSRHQX1M                    SI  
             SDFFSRHQX2M                     Q  
             SDFFSRHQX2M                    RN  
             SDFFSRHQX2M                    SN  
             SDFFSRHQX2M                    CK  
             SDFFSRHQX2M                     D  
             SDFFSRHQX2M                    SE  
             SDFFSRHQX2M                    SI  
             SDFFSRHQX4M                     Q  
             SDFFSRHQX4M                    RN  
             SDFFSRHQX4M                    SN  
             SDFFSRHQX4M                    CK  
             SDFFSRHQX4M                     D  
             SDFFSRHQX4M                    SE  
             SDFFSRHQX4M                    SI  
             SDFFSRHQX8M                     Q  
             SDFFSRHQX8M                    RN  
             SDFFSRHQX8M                    SN  
             SDFFSRHQX8M                    CK  
             SDFFSRHQX8M                     D  
             SDFFSRHQX8M                    SE  
             SDFFSRHQX8M                    SI  
               SDFFSRX1M                    QN  
               SDFFSRX1M                     Q  
               SDFFSRX1M                    RN  
               SDFFSRX1M                    SN  
               SDFFSRX1M                    CK  
               SDFFSRX1M                     D  
               SDFFSRX1M                    SE  
               SDFFSRX1M                    SI  
               SDFFSRX2M                    QN  
               SDFFSRX2M                     Q  
               SDFFSRX2M                    RN  
               SDFFSRX2M                    SN  
               SDFFSRX2M                    CK  
               SDFFSRX2M                     D  
               SDFFSRX2M                    SE  
               SDFFSRX2M                    SI  
               SDFFSRX4M                    QN  
               SDFFSRX4M                     Q  
               SDFFSRX4M                    RN  
               SDFFSRX4M                    SN  
               SDFFSRX4M                    CK  
               SDFFSRX4M                     D  
               SDFFSRX4M                    SE  
               SDFFSRX4M                    SI  
                SDFFSX1M                    QN  
                SDFFSX1M                     Q  
                SDFFSX1M                    SN  
                SDFFSX1M                    CK  
                SDFFSX1M                     D  
                SDFFSX1M                    SE  
                SDFFSX1M                    SI  
                SDFFSX2M                    QN  
                SDFFSX2M                     Q  
                SDFFSX2M                    SN  
                SDFFSX2M                    CK  
                SDFFSX2M                     D  
                SDFFSX2M                    SE  
                SDFFSX2M                    SI  
                SDFFSX4M                    QN  
                SDFFSX4M                     Q  
                SDFFSX4M                    SN  
                SDFFSX4M                    CK  
                SDFFSX4M                     D  
                SDFFSX4M                    SE  
                SDFFSX4M                    SI  
               SDFFTRX1M                    QN  
               SDFFTRX1M                     Q  
               SDFFTRX1M                    RN  
               SDFFTRX1M                    CK  
               SDFFTRX1M                     D  
               SDFFTRX1M                    SE  
               SDFFTRX1M                    SI  
               SDFFTRX2M                    QN  
               SDFFTRX2M                     Q  
               SDFFTRX2M                    RN  
               SDFFTRX2M                    CK  
               SDFFTRX2M                     D  
               SDFFTRX2M                    SE  
               SDFFTRX2M                    SI  
               SDFFTRX4M                    QN  
               SDFFTRX4M                     Q  
               SDFFTRX4M                    RN  
               SDFFTRX4M                    CK  
               SDFFTRX4M                     D  
               SDFFTRX4M                    SE  
               SDFFTRX4M                    SI  
                 SDFFX1M                    QN  
                 SDFFX1M                     Q  
                 SDFFX1M                    CK  
                 SDFFX1M                     D  
                 SDFFX1M                    SE  
                 SDFFX1M                    SI  
                 SDFFX2M                    QN  
                 SDFFX2M                     Q  
                 SDFFX2M                    CK  
                 SDFFX2M                     D  
                 SDFFX2M                    SE  
                 SDFFX2M                    SI  
                 SDFFX4M                    QN  
                 SDFFX4M                     Q  
                 SDFFX4M                    CK  
                 SDFFX4M                     D  
                 SDFFX4M                    SE  
                 SDFFX4M                    SI  
              SEDFFHQX1M                     Q  
              SEDFFHQX1M                     E  
              SEDFFHQX1M                    CK  
              SEDFFHQX1M                     D  
              SEDFFHQX1M                    SE  
              SEDFFHQX1M                    SI  
              SEDFFHQX2M                     Q  
              SEDFFHQX2M                     E  
              SEDFFHQX2M                    CK  
              SEDFFHQX2M                     D  
              SEDFFHQX2M                    SE  
              SEDFFHQX2M                    SI  
              SEDFFHQX4M                     Q  
              SEDFFHQX4M                     E  
              SEDFFHQX4M                    CK  
              SEDFFHQX4M                     D  
              SEDFFHQX4M                    SE  
              SEDFFHQX4M                    SI  
              SEDFFHQX8M                     Q  
              SEDFFHQX8M                     E  
              SEDFFHQX8M                    CK  
              SEDFFHQX8M                     D  
              SEDFFHQX8M                    SE  
              SEDFFHQX8M                    SI  
              SEDFFTRX1M                    QN  
              SEDFFTRX1M                     Q  
              SEDFFTRX1M                    RN  
              SEDFFTRX1M                     E  
              SEDFFTRX1M                    CK  
              SEDFFTRX1M                     D  
              SEDFFTRX1M                    SE  
              SEDFFTRX1M                    SI  
              SEDFFTRX2M                    QN  
              SEDFFTRX2M                     Q  
              SEDFFTRX2M                    RN  
              SEDFFTRX2M                     E  
              SEDFFTRX2M                    CK  
              SEDFFTRX2M                     D  
              SEDFFTRX2M                    SE  
              SEDFFTRX2M                    SI  
              SEDFFTRX4M                    QN  
              SEDFFTRX4M                     Q  
              SEDFFTRX4M                    RN  
              SEDFFTRX4M                     E  
              SEDFFTRX4M                    CK  
              SEDFFTRX4M                     D  
              SEDFFTRX4M                    SE  
              SEDFFTRX4M                    SI  
                SEDFFX1M                    QN  
                SEDFFX1M                     Q  
                SEDFFX1M                     E  
                SEDFFX1M                    CK  
                SEDFFX1M                     D  
                SEDFFX1M                    SE  
                SEDFFX1M                    SI  
                SEDFFX2M                    QN  
                SEDFFX2M                     Q  
                SEDFFX2M                     E  
                SEDFFX2M                    CK  
                SEDFFX2M                     D  
                SEDFFX2M                    SE  
                SEDFFX2M                    SI  
                SEDFFX4M                    QN  
                SEDFFX4M                     Q  
                SEDFFX4M                     E  
                SEDFFX4M                    CK  
                SEDFFX4M                     D  
                SEDFFX4M                    SE  
                SEDFFX4M                    SI  
              SMDFFHQX1M                     Q  
              SMDFFHQX1M                    CK  
              SMDFFHQX1M                    S0  
              SMDFFHQX1M                    D1  
              SMDFFHQX1M                    D0  
              SMDFFHQX1M                    SE  
              SMDFFHQX1M                    SI  
              SMDFFHQX2M                     Q  
              SMDFFHQX2M                    CK  
              SMDFFHQX2M                    S0  
              SMDFFHQX2M                    D1  
              SMDFFHQX2M                    D0  
              SMDFFHQX2M                    SE  
              SMDFFHQX2M                    SI  
              SMDFFHQX4M                     Q  
              SMDFFHQX4M                    CK  
              SMDFFHQX4M                    S0  
              SMDFFHQX4M                    D1  
              SMDFFHQX4M                    D0  
              SMDFFHQX4M                    SE  
              SMDFFHQX4M                    SI  
              SMDFFHQX8M                     Q  
              SMDFFHQX8M                    CK  
              SMDFFHQX8M                    S0  
              SMDFFHQX8M                    D1  
              SMDFFHQX8M                    D0  
              SMDFFHQX8M                    SE  
              SMDFFHQX8M                    SI  
                TBUFX12M                     Y  
                TBUFX12M                    OE  
                TBUFX12M                     A  
                TBUFX16M                     Y  
                TBUFX16M                    OE  
                TBUFX16M                     A  
                 TBUFX1M                     Y  
                 TBUFX1M                    OE  
                 TBUFX1M                     A  
                TBUFX20M                     Y  
                TBUFX20M                    OE  
                TBUFX20M                     A  
                TBUFX24M                     Y  
                TBUFX24M                    OE  
                TBUFX24M                     A  
                 TBUFX2M                     Y  
                 TBUFX2M                    OE  
                 TBUFX2M                     A  
                 TBUFX3M                     Y  
                 TBUFX3M                    OE  
                 TBUFX3M                     A  
                 TBUFX4M                     Y  
                 TBUFX4M                    OE  
                 TBUFX4M                     A  
                 TBUFX6M                     Y  
                 TBUFX6M                    OE  
                 TBUFX6M                     A  
                 TBUFX8M                     Y  
                 TBUFX8M                    OE  
                 TBUFX8M                     A  
                  TIEHIM                     Y  
                  TIELOM                     Y  
             TLATNCAX12M                   ECK  
             TLATNCAX12M                    CK  
             TLATNCAX12M                     E  
             TLATNCAX16M                   ECK  
             TLATNCAX16M                    CK  
             TLATNCAX16M                     E  
             TLATNCAX20M                   ECK  
             TLATNCAX20M                    CK  
             TLATNCAX20M                     E  
              TLATNCAX2M                   ECK  
              TLATNCAX2M                    CK  
              TLATNCAX2M                     E  
              TLATNCAX3M                   ECK  
              TLATNCAX3M                    CK  
              TLATNCAX3M                     E  
              TLATNCAX4M                   ECK  
              TLATNCAX4M                    CK  
              TLATNCAX4M                     E  
              TLATNCAX6M                   ECK  
              TLATNCAX6M                    CK  
              TLATNCAX6M                     E  
              TLATNCAX8M                   ECK  
              TLATNCAX8M                    CK  
              TLATNCAX8M                     E  
              TLATNSRX1M                    QN  
              TLATNSRX1M                     Q  
              TLATNSRX1M                    RN  
              TLATNSRX1M                    SN  
              TLATNSRX1M                    GN  
              TLATNSRX1M                     D  
              TLATNSRX2M                    QN  
              TLATNSRX2M                     Q  
              TLATNSRX2M                    RN  
              TLATNSRX2M                    SN  
              TLATNSRX2M                    GN  
              TLATNSRX2M                     D  
              TLATNSRX4M                    QN  
              TLATNSRX4M                     Q  
              TLATNSRX4M                    RN  
              TLATNSRX4M                    SN  
              TLATNSRX4M                    GN  
              TLATNSRX4M                     D  
           TLATNTSCAX12M                   ECK  
           TLATNTSCAX12M                    CK  
           TLATNTSCAX12M                    SE  
           TLATNTSCAX12M                     E  
           TLATNTSCAX16M                   ECK  
           TLATNTSCAX16M                    CK  
           TLATNTSCAX16M                    SE  
           TLATNTSCAX16M                     E  
           TLATNTSCAX20M                   ECK  
           TLATNTSCAX20M                    CK  
           TLATNTSCAX20M                    SE  
           TLATNTSCAX20M                     E  
            TLATNTSCAX2M                   ECK  
            TLATNTSCAX2M                    CK  
            TLATNTSCAX2M                    SE  
            TLATNTSCAX2M                     E  
            TLATNTSCAX3M                   ECK  
            TLATNTSCAX3M                    CK  
            TLATNTSCAX3M                    SE  
            TLATNTSCAX3M                     E  
            TLATNTSCAX4M                   ECK  
            TLATNTSCAX4M                    CK  
            TLATNTSCAX4M                    SE  
            TLATNTSCAX4M                     E  
            TLATNTSCAX6M                   ECK  
            TLATNTSCAX6M                    CK  
            TLATNTSCAX6M                    SE  
            TLATNTSCAX6M                     E  
            TLATNTSCAX8M                   ECK  
            TLATNTSCAX8M                    CK  
            TLATNTSCAX8M                    SE  
            TLATNTSCAX8M                     E  
                TLATNX1M                    QN  
                TLATNX1M                     Q  
                TLATNX1M                    GN  
                TLATNX1M                     D  
                TLATNX2M                    QN  
                TLATNX2M                     Q  
                TLATNX2M                    GN  
                TLATNX2M                     D  
                TLATNX4M                    QN  
                TLATNX4M                     Q  
                TLATNX4M                    GN  
                TLATNX4M                     D  
               TLATSRX1M                    QN  
               TLATSRX1M                     Q  
               TLATSRX1M                    RN  
               TLATSRX1M                    SN  
               TLATSRX1M                     G  
               TLATSRX1M                     D  
               TLATSRX2M                    QN  
               TLATSRX2M                     Q  
               TLATSRX2M                    RN  
               TLATSRX2M                    SN  
               TLATSRX2M                     G  
               TLATSRX2M                     D  
               TLATSRX4M                    QN  
               TLATSRX4M                     Q  
               TLATSRX4M                    RN  
               TLATSRX4M                    SN  
               TLATSRX4M                     G  
               TLATSRX4M                     D  
                 TLATX1M                    QN  
                 TLATX1M                     Q  
                 TLATX1M                     G  
                 TLATX1M                     D  
                 TLATX2M                    QN  
                 TLATX2M                     Q  
                 TLATX2M                     G  
                 TLATX2M                     D  
                 TLATX4M                    QN  
                 TLATX4M                     Q  
                 TLATX4M                     G  
                 TLATX4M                     D  
                XNOR2X1M                     Y  
                XNOR2X1M                     B  
                XNOR2X1M                     A  
                XNOR2X2M                     Y  
                XNOR2X2M                     B  
                XNOR2X2M                     A  
                XNOR2X4M                     Y  
                XNOR2X4M                     B  
                XNOR2X4M                     A  
                XNOR2X8M                     Y  
                XNOR2X8M                     B  
                XNOR2X8M                     A  
                XNOR2XLM                     Y  
                XNOR2XLM                     B  
                XNOR2XLM                     A  
                XNOR3X1M                     Y  
                XNOR3X1M                     C  
                XNOR3X1M                     B  
                XNOR3X1M                     A  
                XNOR3X2M                     Y  
                XNOR3X2M                     C  
                XNOR3X2M                     B  
                XNOR3X2M                     A  
                XNOR3X4M                     Y  
                XNOR3X4M                     C  
                XNOR3X4M                     B  
                XNOR3X4M                     A  
                XNOR3X8M                     Y  
                XNOR3X8M                     C  
                XNOR3X8M                     B  
                XNOR3X8M                     A  
                XNOR3XLM                     Y  
                XNOR3XLM                     C  
                XNOR3XLM                     B  
                XNOR3XLM                     A  
                 XOR2X1M                     Y  
                 XOR2X1M                     B  
                 XOR2X1M                     A  
                 XOR2X2M                     Y  
                 XOR2X2M                     B  
                 XOR2X2M                     A  
                 XOR2X3M                     Y  
                 XOR2X3M                     B  
                 XOR2X3M                     A  
                 XOR2X4M                     Y  
                 XOR2X4M                     B  
                 XOR2X4M                     A  
                 XOR2X8M                     Y  
                 XOR2X8M                     B  
                 XOR2X8M                     A  
                 XOR2XLM                     Y  
                 XOR2XLM                     B  
                 XOR2XLM                     A  
                 XOR3X1M                     Y  
                 XOR3X1M                     C  
                 XOR3X1M                     B  
                 XOR3X1M                     A  
                 XOR3X2M                     Y  
                 XOR3X2M                     C  
                 XOR3X2M                     B  
                 XOR3X2M                     A  
                 XOR3X4M                     Y  
                 XOR3X4M                     C  
                 XOR3X4M                     B  
                 XOR3X4M                     A  
                 XOR3X8M                     Y  
                 XOR3X8M                     C  
                 XOR3X8M                     B  
                 XOR3X8M                     A  
                 XOR3XLM                     Y  
                 XOR3XLM                     C  
                 XOR3XLM                     B  
                 XOR3XLM                     A  For more information click here  
# Cells Missing LEF Info: 0  
# Cells with Dimension Errors: 0  

==============================
Netlist Information
==============================
# HFO (>200) Nets: 0  
# No-driven Nets: 0  
# Multi-driven Nets: 0  
# Assign Statements: 0  
Is Design Uniquified: YES  
# Pins in Netlist without timing lib: 0  

==============================

==============================
: Internal  External  
No of Nets:        425           0  
No of Connections:        852           0  
Total Net Length (X): 2.1622e+03  0.0000e+00  
Total Net Length (Y): 2.1287e+03  0.0000e+00  
Total Net Length: 4.2909e+03  0.0000e+00  

==============================
Timing Information
==============================
# Clocks in design: 
    ------------------------------
    Clocks in Design
    ------------------------------
    best/clk  
    worst/clk  2  
# Generated clocks: 0  
# "dont_use" cells from .libs: 
    ------------------------------
    Dont_use Cell List
    ------------------------------
    MXI2DX1M  
    MXI2DX2M  
    MXI2DX4M  
    MXI2DX8M  
    MXI2DXLM  
    TIEHIM  
    TIELOM  7  
# "dont_touch" cells from .libs: 
    ------------------------------
    Dont_touch Cell List
    ------------------------------
    MXI2DX1M  
    MXI2DX2M  
    MXI2DX4M  
    MXI2DX8M  
    MXI2DXLM  
    TIEHIM  
    TIELOM  7  
# Cells in .lib with max_tran: 
    ------------------------------
    Cell List with max_tran
    ------------------------------
               Cell Name  Max Transition (ps)  
                ADDFHX1M  3400  
                ADDFHX2M  3400  
                ADDFHX4M  3400  
                ADDFHX8M  3400  
                ADDFHXLM  3400  
                 ADDFX1M  3400  
                 ADDFX2M  3400  
                 ADDFX4M  3400  
                 ADDFX8M  3400  
                 ADDFXLM  3400  
                 ADDHX1M  3400  
                 ADDHX2M  3400  
                 ADDHX4M  3400  
                 ADDHX8M  3400  
                AND2X12M  3400  
                 AND2X1M  3400  
                 AND2X2M  3400  
                 AND2X4M  3400  
                 AND2X6M  3400  
                 AND2X8M  3400  
                AND3X12M  3400  
                 AND3X1M  3400  
                 AND3X2M  3400  
                 AND3X4M  3400  
                 AND3X6M  3400  
                 AND3X8M  3400  
                 AND3XLM  3400  
                AND4X12M  3400  
                 AND4X1M  3400  
                 AND4X2M  3400  
                 AND4X4M  3400  
                 AND4X6M  3400  
                 AND4X8M  3400  
                 AND4XLM  3400  
                 AO21X1M  3400  
                 AO21X2M  3400  
                 AO21X4M  3400  
                 AO21X8M  3400  
                 AO21XLM  3400  
                 AO22X1M  3400  
                 AO22X2M  3400  
                 AO22X4M  3400  
                 AO22X8M  3400  
                 AO22XLM  3400  
               AO2B2BX1M  3400  
               AO2B2BX2M  3400  
               AO2B2BX4M  3400  
               AO2B2BXLM  3400  
                AO2B2X1M  3400  
                AO2B2X2M  3400  
                AO2B2X4M  3400  
                AO2B2XLM  3400  
               AOI211X1M  3400  
               AOI211X2M  3400  
               AOI211X4M  3400  
               AOI211XLM  3400  
               AOI21BX1M  3400  
               AOI21BX2M  3400  
               AOI21BX4M  3400  
               AOI21BX8M  3400  
               AOI21BXLM  3400  
                AOI21X1M  3400  
                AOI21X2M  3400  
                AOI21X3M  3400  
                AOI21X4M  3400  
                AOI21X6M  3400  
                AOI21X8M  3400  
                AOI21XLM  3400  
               AOI221X1M  3400  
               AOI221X2M  3400  
               AOI221X4M  3400  
               AOI221XLM  3400  
               AOI222X1M  3400  
               AOI222X2M  3400  
               AOI222X4M  3400  
               AOI222XLM  3400  
                AOI22X1M  3400  
                AOI22X2M  3400  
                AOI22X4M  3400  
                AOI22XLM  3400  
               AOI2B1X1M  3400  
               AOI2B1X2M  3400  
               AOI2B1X4M  3400  
               AOI2B1X8M  3400  
               AOI2B1XLM  3400  
              AOI2BB1X1M  3400  
              AOI2BB1X2M  3400  
              AOI2BB1X4M  3400  
              AOI2BB1X8M  3400  
              AOI2BB1XLM  3400  
              AOI2BB2X1M  3400  
              AOI2BB2X2M  3400  
              AOI2BB2X4M  3400  
              AOI2BB2X8M  3400  
              AOI2BB2XLM  3400  
                AOI31X1M  3400  
                AOI31X2M  3400  
                AOI31X4M  3400  
                AOI31XLM  3400  
                AOI32X1M  3400  
                AOI32X2M  3400  
                AOI32X4M  3400  
                AOI32XLM  3400  
                AOI33X1M  3400  
                AOI33X2M  3400  
                AOI33X4M  3400  
                AOI33XLM  3400  
                 BUFX10M  3400  
                 BUFX12M  3400  
                 BUFX14M  3400  
                 BUFX16M  3400  
                 BUFX18M  3400  
                 BUFX20M  3400  
                 BUFX24M  3400  
                  BUFX2M  3400  
                 BUFX32M  3400  
                  BUFX3M  3400  
                  BUFX4M  3400  
                  BUFX5M  3400  
                  BUFX6M  3400  
                  BUFX8M  3400  
             CLKAND2X12M  3400  
             CLKAND2X16M  3400  
              CLKAND2X2M  3400  
              CLKAND2X3M  3400  
              CLKAND2X4M  3400  
              CLKAND2X6M  3400  
              CLKAND2X8M  3400  
              CLKBUFX12M  3400  
              CLKBUFX16M  3400  
               CLKBUFX1M  3400  
              CLKBUFX20M  3400  
              CLKBUFX24M  3400  
               CLKBUFX2M  3400  
              CLKBUFX32M  3400  
               CLKBUFX3M  3400  
              CLKBUFX40M  3400  
               CLKBUFX4M  3400  
               CLKBUFX6M  3400  
               CLKBUFX8M  3400  
              CLKINVX12M  3400  
              CLKINVX16M  3400  
               CLKINVX1M  3400  
              CLKINVX20M  3400  
              CLKINVX24M  3400  
               CLKINVX2M  3400  
              CLKINVX32M  3400  
               CLKINVX3M  3400  
              CLKINVX40M  3400  
               CLKINVX4M  3400  
               CLKINVX6M  3400  
               CLKINVX8M  3400  
              CLKMX2X12M  3400  
              CLKMX2X16M  3400  
               CLKMX2X2M  3400  
               CLKMX2X3M  3400  
               CLKMX2X4M  3400  
               CLKMX2X6M  3400  
               CLKMX2X8M  3400  
            CLKNAND2X12M  3400  
            CLKNAND2X16M  3400  
             CLKNAND2X2M  3400  
             CLKNAND2X4M  3400  
             CLKNAND2X8M  3400  
             CLKXOR2X12M  3400  
             CLKXOR2X16M  3400  
              CLKXOR2X2M  3400  
              CLKXOR2X4M  3400  
              CLKXOR2X8M  3400  
               DFFHQNX1M  3400  
               DFFHQNX2M  3400  
               DFFHQNX4M  3400  
               DFFHQNX8M  3400  
                DFFHQX1M  3400  
                DFFHQX2M  3400  
                DFFHQX4M  3400  
                DFFHQX8M  3400  
                 DFFHX1M  3400  
                 DFFHX2M  3400  
                 DFFHX4M  3400  
                 DFFHX8M  3400  
                DFFNHX1M  3400  
                DFFNHX2M  3400  
                DFFNHX4M  3400  
                DFFNHX8M  3400  
              DFFNSRHX1M  3400  
              DFFNSRHX2M  3400  
              DFFNSRHX4M  3400  
              DFFNSRHX8M  3400  
                DFFQNX1M  3400  
                DFFQNX2M  3400  
                DFFQNX4M  3400  
                 DFFQX1M  3400  
                 DFFQX2M  3400  
                 DFFQX4M  3400  
               DFFRHQX1M  3400  
               DFFRHQX2M  3400  
               DFFRHQX4M  3400  
               DFFRHQX8M  3400  
                DFFRQX1M  3400  
                DFFRQX2M  3400  
                DFFRQX4M  3400  
                 DFFRX1M  3400  
                 DFFRX2M  3400  
                 DFFRX4M  3400  
               DFFSHQX1M  3400  
               DFFSHQX2M  3400  
               DFFSHQX4M  3400  
               DFFSHQX8M  3400  
                DFFSQX1M  3400  
                DFFSQX2M  3400  
                DFFSQX4M  3400  
              DFFSRHQX1M  3400  
              DFFSRHQX2M  3400  
              DFFSRHQX4M  3400  
              DFFSRHQX8M  3400  
                DFFSRX1M  3400  
                DFFSRX2M  3400  
                DFFSRX4M  3400  
                 DFFSX1M  3400  
                 DFFSX2M  3400  
                 DFFSX4M  3400  
                DFFTRX1M  3400  
                DFFTRX2M  3400  
                DFFTRX4M  3400  
                  DFFX1M  3400  
                  DFFX2M  3400  
                  DFFX4M  3400  
                 DLY1X1M  3400  
                 DLY1X4M  3400  
                 DLY2X1M  3400  
                 DLY2X4M  3400  
                 DLY3X1M  3400  
                 DLY3X4M  3400  
                 DLY4X1M  3400  
                 DLY4X4M  3400  
               EDFFHQX1M  3400  
               EDFFHQX2M  3400  
               EDFFHQX4M  3400  
               EDFFHQX8M  3400  
               EDFFTRX1M  3400  
               EDFFTRX2M  3400  
               EDFFTRX4M  3400  
                 EDFFX1M  3400  
                 EDFFX2M  3400  
                 EDFFX4M  3400  
                 HOLDX1M  3400  
                 INVX10M  3400  
                 INVX12M  3400  
                 INVX14M  3400  
                 INVX16M  3400  
                 INVX18M  3400  
                  INVX1M  3400  
                 INVX20M  3400  
                 INVX24M  3400  
                  INVX2M  3400  
                 INVX32M  3400  
                  INVX3M  3400  
                  INVX4M  3400  
                  INVX5M  3400  
                  INVX6M  3400  
                  INVX8M  3400  
                  INVXLM  3400  
               MDFFHQX1M  3400  
               MDFFHQX2M  3400  
               MDFFHQX4M  3400  
               MDFFHQX8M  3400  
                 MX2X12M  3400  
                  MX2X1M  3400  
                  MX2X2M  3400  
                  MX2X3M  3400  
                  MX2X4M  3400  
                  MX2X6M  3400  
                  MX2X8M  3400  
                  MX2XLM  3400  
                  MX3X1M  3400  
                  MX3X2M  3400  
                  MX3X4M  3400  
                  MX3X8M  3400  
                  MX3XLM  3400  
                  MX4X1M  3400  
                  MX4X2M  3400  
                  MX4X4M  3400  
                  MX4X8M  3400  
                  MX4XLM  3400  
                MXI2DX1M  3400  
                MXI2DX2M  3400  
                MXI2DX4M  3400  
                MXI2DX8M  3400  
                MXI2DXLM  3400  
                MXI2X12M  3400  
                 MXI2X1M  3400  
                 MXI2X2M  3400  
                 MXI2X3M  3400  
                 MXI2X4M  3400  
                 MXI2X6M  3400  
                 MXI2X8M  3400  
                 MXI2XLM  3400  
                 MXI3X1M  3400  
                 MXI3X2M  3400  
                 MXI3X4M  3400  
                 MXI3X8M  3400  
                 MXI3XLM  3400  
                 MXI4X1M  3400  
                 MXI4X2M  3400  
                 MXI4X4M  3400  
                 MXI4X8M  3400  
                 MXI4XLM  3400  
              NAND2BX12M  3400  
               NAND2BX1M  3400  
               NAND2BX2M  3400  
               NAND2BX4M  3400  
               NAND2BX8M  3400  
               NAND2BXLM  3400  
               NAND2X12M  3400  
                NAND2X1M  3400  
                NAND2X2M  3400  
                NAND2X3M  3400  
                NAND2X4M  3400  
                NAND2X5M  3400  
                NAND2X6M  3400  
                NAND2X8M  3400  
                NAND2XLM  3400  
               NAND3BX1M  3400  
               NAND3BX2M  3400  
               NAND3BX4M  3400  
               NAND3BXLM  3400  
               NAND3X12M  3400  
                NAND3X1M  3400  
                NAND3X2M  3400  
                NAND3X3M  3400  
                NAND3X4M  3400  
                NAND3X6M  3400  
                NAND3X8M  3400  
                NAND3XLM  3400  
              NAND4BBX1M  3400  
              NAND4BBX2M  3400  
              NAND4BBX4M  3400  
              NAND4BBXLM  3400  
               NAND4BX1M  3400  
               NAND4BX2M  3400  
               NAND4BX4M  3400  
               NAND4BXLM  3400  
               NAND4X12M  3400  
                NAND4X1M  3400  
                NAND4X2M  3400  
                NAND4X4M  3400  
                NAND4X6M  3400  
                NAND4X8M  3400  
                NAND4XLM  3400  
               NOR2BX12M  3400  
                NOR2BX1M  3400  
                NOR2BX2M  3400  
                NOR2BX4M  3400  
                NOR2BX8M  3400  
                NOR2BXLM  3400  
                NOR2X12M  3400  
                 NOR2X1M  3400  
                 NOR2X2M  3400  
                 NOR2X3M  3400  
                 NOR2X4M  3400  
                 NOR2X5M  3400  
                 NOR2X6M  3400  
                 NOR2X8M  3400  
                 NOR2XLM  3400  
                NOR3BX1M  3400  
                NOR3BX2M  3400  
                NOR3BX4M  3400  
                NOR3BXLM  3400  
                NOR3X12M  3400  
                 NOR3X1M  3400  
                 NOR3X2M  3400  
                 NOR3X4M  3400  
                 NOR3X6M  3400  
                 NOR3X8M  3400  
                 NOR3XLM  3400  
               NOR4BBX1M  3400  
               NOR4BBX2M  3400  
               NOR4BBX4M  3400  
               NOR4BBXLM  3400  
                NOR4BX1M  3400  
                NOR4BX2M  3400  
                NOR4BX4M  3400  
                NOR4BXLM  3400  
                NOR4X12M  3400  
                 NOR4X1M  3400  
                 NOR4X2M  3400  
                 NOR4X4M  3400  
                 NOR4X6M  3400  
                 NOR4X8M  3400  
                 NOR4XLM  3400  
                 OA21X1M  3400  
                 OA21X2M  3400  
                 OA21X4M  3400  
                 OA21X8M  3400  
                 OA21XLM  3400  
                 OA22X1M  3400  
                 OA22X2M  3400  
                 OA22X4M  3400  
                 OA22X8M  3400  
                 OA22XLM  3400  
               OAI211X1M  3400  
               OAI211X2M  3400  
               OAI211X4M  3400  
               OAI211X8M  3400  
               OAI211XLM  3400  
               OAI21BX1M  3400  
               OAI21BX2M  3400  
               OAI21BX4M  3400  
               OAI21BX8M  3400  
               OAI21BXLM  3400  
                OAI21X1M  3400  
                OAI21X2M  3400  
                OAI21X3M  3400  
                OAI21X4M  3400  
                OAI21X6M  3400  
                OAI21X8M  3400  
                OAI21XLM  3400  
               OAI221X1M  3400  
               OAI221X2M  3400  
               OAI221X4M  3400  
               OAI221XLM  3400  
               OAI222X1M  3400  
               OAI222X2M  3400  
               OAI222X4M  3400  
               OAI222XLM  3400  
                OAI22X1M  3400  
                OAI22X2M  3400  
                OAI22X4M  3400  
                OAI22X8M  3400  
                OAI22XLM  3400  
              OAI2B11X1M  3400  
              OAI2B11X2M  3400  
              OAI2B11X4M  3400  
              OAI2B11XLM  3400  
               OAI2B1X1M  3400  
               OAI2B1X2M  3400  
               OAI2B1X4M  3400  
               OAI2B1X8M  3400  
               OAI2B1XLM  3400  
               OAI2B2X1M  3400  
               OAI2B2X2M  3400  
               OAI2B2X4M  3400  
               OAI2B2X8M  3400  
               OAI2B2XLM  3400  
              OAI2BB1X1M  3400  
              OAI2BB1X2M  3400  
              OAI2BB1X4M  3400  
              OAI2BB1XLM  3400  
              OAI2BB2X1M  3400  
              OAI2BB2X2M  3400  
              OAI2BB2X4M  3400  
              OAI2BB2X8M  3400  
              OAI2BB2XLM  3400  
                OAI31X1M  3400  
                OAI31X2M  3400  
                OAI31X4M  3400  
                OAI31XLM  3400  
                OAI32X1M  3400  
                OAI32X2M  3400  
                OAI32X4M  3400  
                OAI32XLM  3400  
                OAI33X1M  3400  
                OAI33X2M  3400  
                OAI33X4M  3400  
                OAI33XLM  3400  
                 OR2X12M  3400  
                  OR2X1M  3400  
                  OR2X2M  3400  
                  OR2X4M  3400  
                  OR2X6M  3400  
                  OR2X8M  3400  
                 OR3X12M  3400  
                  OR3X1M  3400  
                  OR3X2M  3400  
                  OR3X4M  3400  
                  OR3X6M  3400  
                  OR3X8M  3400  
                 OR4X12M  3400  
                  OR4X1M  3400  
                  OR4X2M  3400  
                  OR4X4M  3400  
                  OR4X6M  3400  
                  OR4X8M  3400  
              SDFFHQNX1M  3400  
              SDFFHQNX2M  3400  
              SDFFHQNX4M  3400  
              SDFFHQNX8M  3400  
               SDFFHQX1M  3400  
               SDFFHQX2M  3400  
               SDFFHQX4M  3400  
               SDFFHQX8M  3400  
                SDFFHX1M  3400  
                SDFFHX2M  3400  
                SDFFHX4M  3400  
                SDFFHX8M  3400  
               SDFFNHX1M  3400  
               SDFFNHX2M  3400  
               SDFFNHX4M  3400  
               SDFFNHX8M  3400  
             SDFFNSRHX1M  3400  
             SDFFNSRHX2M  3400  
             SDFFNSRHX4M  3400  
             SDFFNSRHX8M  3400  
               SDFFQNX1M  3400  
               SDFFQNX2M  3400  
               SDFFQNX4M  3400  
                SDFFQX1M  3400  
                SDFFQX2M  3400  
                SDFFQX4M  3400  
              SDFFRHQX1M  3400  
              SDFFRHQX2M  3400  
              SDFFRHQX4M  3400  
              SDFFRHQX8M  3400  
               SDFFRQX1M  3400  
               SDFFRQX2M  3400  
               SDFFRQX4M  3400  
                SDFFRX1M  3400  
                SDFFRX2M  3400  
                SDFFRX4M  3400  
              SDFFSHQX1M  3400  
              SDFFSHQX2M  3400  
              SDFFSHQX4M  3400  
              SDFFSHQX8M  3400  
               SDFFSQX1M  3400  
               SDFFSQX2M  3400  
               SDFFSQX4M  3400  
             SDFFSRHQX1M  3400  
             SDFFSRHQX2M  3400  
             SDFFSRHQX4M  3400  
             SDFFSRHQX8M  3400  
               SDFFSRX1M  3400  
               SDFFSRX2M  3400  
               SDFFSRX4M  3400  
                SDFFSX1M  3400  
                SDFFSX2M  3400  
                SDFFSX4M  3400  
               SDFFTRX1M  3400  
               SDFFTRX2M  3400  
               SDFFTRX4M  3400  
                 SDFFX1M  3400  
                 SDFFX2M  3400  
                 SDFFX4M  3400  
              SEDFFHQX1M  3400  
              SEDFFHQX2M  3400  
              SEDFFHQX4M  3400  
              SEDFFHQX8M  3400  
              SEDFFTRX1M  3400  
              SEDFFTRX2M  3400  
              SEDFFTRX4M  3400  
                SEDFFX1M  3400  
                SEDFFX2M  3400  
                SEDFFX4M  3400  
              SMDFFHQX1M  3400  
              SMDFFHQX2M  3400  
              SMDFFHQX4M  3400  
              SMDFFHQX8M  3400  
                TBUFX12M  3400  
                TBUFX16M  3400  
                 TBUFX1M  3400  
                TBUFX20M  3400  
                TBUFX24M  3400  
                 TBUFX2M  3400  
                 TBUFX3M  3400  
                 TBUFX4M  3400  
                 TBUFX6M  3400  
                 TBUFX8M  3400  
                  TIEHIM  3400  
                  TIELOM  3400  
             TLATNCAX12M  3400  
             TLATNCAX16M  3400  
             TLATNCAX20M  3400  
              TLATNCAX2M  3400  
              TLATNCAX3M  3400  
              TLATNCAX4M  3400  
              TLATNCAX6M  3400  
              TLATNCAX8M  3400  
              TLATNSRX1M  3400  
              TLATNSRX2M  3400  
              TLATNSRX4M  3400  
           TLATNTSCAX12M  3400  
           TLATNTSCAX16M  3400  
           TLATNTSCAX20M  3400  
            TLATNTSCAX2M  3400  
            TLATNTSCAX3M  3400  
            TLATNTSCAX4M  3400  
            TLATNTSCAX6M  3400  
            TLATNTSCAX8M  3400  
                TLATNX1M  3400  
                TLATNX2M  3400  
                TLATNX4M  3400  
               TLATSRX1M  3400  
               TLATSRX2M  3400  
               TLATSRX4M  3400  
                 TLATX1M  3400  
                 TLATX2M  3400  
                 TLATX4M  3400  
                XNOR2X1M  3400  
                XNOR2X2M  3400  
                XNOR2X4M  3400  
                XNOR2X8M  3400  
                XNOR2XLM  3400  
                XNOR3X1M  3400  
                XNOR3X2M  3400  
                XNOR3X4M  3400  
                XNOR3X8M  3400  
                XNOR3XLM  3400  
                 XOR2X1M  3400  
                 XOR2X2M  3400  
                 XOR2X3M  3400  
                 XOR2X4M  3400  
                 XOR2X8M  3400  
                 XOR2XLM  3400  
                 XOR3X1M  3400  
                 XOR3X2M  3400  
                 XOR3X4M  3400  
                 XOR3X8M  3400  
                 XOR3XLM  3400  618  
# Cells in .lib with max_cap: 
    ------------------------------
    Cell List with max_cap
    ------------------------------
               Cell Name  Max Capacitance (pf)  
                ADDFHX1M  0.085320  
                ADDFHX2M  0.170640  
                ADDFHX4M  0.341280  
                ADDFHX8M  0.682560  
                ADDFHXLM  0.042660  
                 ADDFX1M  0.085320  
                 ADDFX2M  0.170640  
                 ADDFX4M  0.341280  
                 ADDFX8M  0.682560  
                 ADDFXLM  0.042660  
                 ADDHX1M  0.085320  
                 ADDHX2M  0.170640  
                 ADDHX4M  0.341280  
                 ADDHX8M  0.682560  
                AND2X12M  1.023840  
                 AND2X1M  0.085320  
                 AND2X2M  0.170640  
                 AND2X4M  0.341280  
                 AND2X6M  0.511920  
                 AND2X8M  0.682560  
                AND3X12M  1.023840  
                 AND3X1M  0.085320  
                 AND3X2M  0.170640  
                 AND3X4M  0.341280  
                 AND3X6M  0.511920  
                 AND3X8M  0.682560  
                 AND3XLM  0.042660  
                AND4X12M  1.023840  
                 AND4X1M  0.085320  
                 AND4X2M  0.170640  
                 AND4X4M  0.341280  
                 AND4X6M  0.511920  
                 AND4X8M  0.682560  
                 AND4XLM  0.042660  
                 AO21X1M  0.085320  
                 AO21X2M  0.170640  
                 AO21X4M  0.341280  
                 AO21X8M  0.682560  
                 AO21XLM  0.042660  
                 AO22X1M  0.085320  
                 AO22X2M  0.170640  
                 AO22X4M  0.341280  
                 AO22X8M  0.682560  
                 AO22XLM  0.042660  
               AO2B2BX1M  0.085320  
               AO2B2BX2M  0.170640  
               AO2B2BX4M  0.341280  
               AO2B2BXLM  0.042660  
                AO2B2X1M  0.085320  
                AO2B2X2M  0.170640  
                AO2B2X4M  0.341280  
                AO2B2XLM  0.042660  
               AOI211X1M  0.085320  
               AOI211X2M  0.170640  
               AOI211X4M  0.341280  
               AOI211XLM  0.042660  
               AOI21BX1M  0.085320  
               AOI21BX2M  0.170640  
               AOI21BX4M  0.341280  
               AOI21BX8M  0.682560  
               AOI21BXLM  0.042660  
                AOI21X1M  0.085320  
                AOI21X2M  0.170640  
                AOI21X3M  0.255960  
                AOI21X4M  0.341280  
                AOI21X6M  0.511920  
                AOI21X8M  0.682560  
                AOI21XLM  0.042660  
               AOI221X1M  0.085320  
               AOI221X2M  0.170640  
               AOI221X4M  0.341280  
               AOI221XLM  0.042660  
               AOI222X1M  0.085320  
               AOI222X2M  0.170640  
               AOI222X4M  0.341280  
               AOI222XLM  0.042660  
                AOI22X1M  0.085320  
                AOI22X2M  0.170640  
                AOI22X4M  0.341280  
                AOI22XLM  0.042660  
               AOI2B1X1M  0.085320  
               AOI2B1X2M  0.170640  
               AOI2B1X4M  0.341280  
               AOI2B1X8M  0.682560  
               AOI2B1XLM  0.042660  
              AOI2BB1X1M  0.085320  
              AOI2BB1X2M  0.170640  
              AOI2BB1X4M  0.341280  
              AOI2BB1X8M  0.682560  
              AOI2BB1XLM  0.042660  
              AOI2BB2X1M  0.085320  
              AOI2BB2X2M  0.170640  
              AOI2BB2X4M  0.341280  
              AOI2BB2X8M  0.682560  
              AOI2BB2XLM  0.042660  
                AOI31X1M  0.085320  
                AOI31X2M  0.170640  
                AOI31X4M  0.341280  
                AOI31XLM  0.042660  
                AOI32X1M  0.085320  
                AOI32X2M  0.170640  
                AOI32X4M  0.341280  
                AOI32XLM  0.042660  
                AOI33X1M  0.085320  
                AOI33X2M  0.170640  
                AOI33X4M  0.341280  
                AOI33XLM  0.042660  
                 BUFX10M  0.853200  
                 BUFX12M  1.023840  
                 BUFX14M  1.194480  
                 BUFX16M  1.365120  
                 BUFX18M  1.535760  
                 BUFX20M  1.706400  
                 BUFX24M  2.047680  
                  BUFX2M  0.170640  
                 BUFX32M  2.730240  
                  BUFX3M  0.255960  
                  BUFX4M  0.341280  
                  BUFX5M  0.426600  
                  BUFX6M  0.511920  
                  BUFX8M  0.682560  
             CLKAND2X12M  1.023840  
             CLKAND2X16M  1.365120  
              CLKAND2X2M  0.170640  
              CLKAND2X3M  0.255960  
              CLKAND2X4M  0.341280  
              CLKAND2X6M  0.511920  
              CLKAND2X8M  0.682560  
              CLKBUFX12M  1.023840  
              CLKBUFX16M  1.365120  
               CLKBUFX1M  0.085320  
              CLKBUFX20M  1.706400  
              CLKBUFX24M  2.047680  
               CLKBUFX2M  0.170640  
              CLKBUFX32M  2.730240  
               CLKBUFX3M  0.255960  
              CLKBUFX40M  3.412800  
               CLKBUFX4M  0.341280  
               CLKBUFX6M  0.511920  
               CLKBUFX8M  0.682560  
              CLKINVX12M  1.023840  
              CLKINVX16M  1.365120  
               CLKINVX1M  0.085320  
              CLKINVX20M  1.706400  
              CLKINVX24M  2.047680  
               CLKINVX2M  0.170640  
              CLKINVX32M  2.730240  
               CLKINVX3M  0.255960  
              CLKINVX40M  3.412800  
               CLKINVX4M  0.341280  
               CLKINVX6M  0.511920  
               CLKINVX8M  0.682560  
              CLKMX2X12M  1.023840  
              CLKMX2X16M  1.365120  
               CLKMX2X2M  0.170640  
               CLKMX2X3M  0.255960  
               CLKMX2X4M  0.341280  
               CLKMX2X6M  0.511920  
               CLKMX2X8M  0.682560  
            CLKNAND2X12M  1.023840  
            CLKNAND2X16M  1.365120  
             CLKNAND2X2M  0.170640  
             CLKNAND2X4M  0.341280  
             CLKNAND2X8M  0.682560  
             CLKXOR2X12M  1.023840  
             CLKXOR2X16M  1.365120  
              CLKXOR2X2M  0.170640  
              CLKXOR2X4M  0.341280  
              CLKXOR2X8M  0.682560  
               DFFHQNX1M  0.085320  
               DFFHQNX2M  0.170640  
               DFFHQNX4M  0.341280  
               DFFHQNX8M  0.682560  
                DFFHQX1M  0.085320  
                DFFHQX2M  0.170640  
                DFFHQX4M  0.341280  
                DFFHQX8M  0.682560  
                 DFFHX1M  0.085320  
                 DFFHX2M  0.170640  
                 DFFHX4M  0.341280  
                 DFFHX8M  0.682560  
                DFFNHX1M  0.085320  
                DFFNHX2M  0.170640  
                DFFNHX4M  0.341280  
                DFFNHX8M  0.682560  
              DFFNSRHX1M  0.085320  
              DFFNSRHX2M  0.170640  
              DFFNSRHX4M  0.341280  
              DFFNSRHX8M  0.682560  
                DFFQNX1M  0.085320  
                DFFQNX2M  0.170640  
                DFFQNX4M  0.341280  
                 DFFQX1M  0.085320  
                 DFFQX2M  0.170640  
                 DFFQX4M  0.341280  
               DFFRHQX1M  0.085320  
               DFFRHQX2M  0.170640  
               DFFRHQX4M  0.341280  
               DFFRHQX8M  0.682560  
                DFFRQX1M  0.085320  
                DFFRQX2M  0.170640  
                DFFRQX4M  0.341280  
                 DFFRX1M  0.085320  
                 DFFRX2M  0.170640  
                 DFFRX4M  0.341280  
               DFFSHQX1M  0.085320  
               DFFSHQX2M  0.170640  
               DFFSHQX4M  0.341280  
               DFFSHQX8M  0.682560  
                DFFSQX1M  0.085320  
                DFFSQX2M  0.170640  
                DFFSQX4M  0.341280  
              DFFSRHQX1M  0.085320  
              DFFSRHQX2M  0.170640  
              DFFSRHQX4M  0.341280  
              DFFSRHQX8M  0.682560  
                DFFSRX1M  0.085320  
                DFFSRX2M  0.170640  
                DFFSRX4M  0.341280  
                 DFFSX1M  0.085320  
                 DFFSX2M  0.170640  
                 DFFSX4M  0.341280  
                DFFTRX1M  0.085320  
                DFFTRX2M  0.170640  
                DFFTRX4M  0.341280  
                  DFFX1M  0.085320  
                  DFFX2M  0.170640  
                  DFFX4M  0.341280  
                 DLY1X1M  0.085320  
                 DLY1X4M  0.341280  
                 DLY2X1M  0.085320  
                 DLY2X4M  0.341280  
                 DLY3X1M  0.085320  
                 DLY3X4M  0.341280  
                 DLY4X1M  0.085320  
                 DLY4X4M  0.341280  
               EDFFHQX1M  0.085320  
               EDFFHQX2M  0.170640  
               EDFFHQX4M  0.341280  
               EDFFHQX8M  0.682560  
               EDFFTRX1M  0.085320  
               EDFFTRX2M  0.170640  
               EDFFTRX4M  0.341280  
                 EDFFX1M  0.085320  
                 EDFFX2M  0.170640  
                 EDFFX4M  0.341280  
                 HOLDX1M  0.085320  
                 INVX10M  0.853200  
                 INVX12M  1.023840  
                 INVX14M  1.194480  
                 INVX16M  1.365120  
                 INVX18M  1.535760  
                  INVX1M  0.085320  
                 INVX20M  1.706400  
                 INVX24M  2.047680  
                  INVX2M  0.170640  
                 INVX32M  2.730240  
                  INVX3M  0.255960  
                  INVX4M  0.341280  
                  INVX5M  0.426600  
                  INVX6M  0.511920  
                  INVX8M  0.682560  
                  INVXLM  0.042660  
               MDFFHQX1M  0.085320  
               MDFFHQX2M  0.170640  
               MDFFHQX4M  0.341280  
               MDFFHQX8M  0.682560  
                 MX2X12M  1.023840  
                  MX2X1M  0.085320  
                  MX2X2M  0.170640  
                  MX2X3M  0.255960  
                  MX2X4M  0.341280  
                  MX2X6M  0.511920  
                  MX2X8M  0.682560  
                  MX2XLM  0.042660  
                  MX3X1M  0.085320  
                  MX3X2M  0.170640  
                  MX3X4M  0.341280  
                  MX3X8M  0.682560  
                  MX3XLM  0.042660  
                  MX4X1M  0.085320  
                  MX4X2M  0.170640  
                  MX4X4M  0.341280  
                  MX4X8M  0.682560  
                  MX4XLM  0.042660  
                MXI2DX1M  0.085320  
                MXI2DX2M  0.170640  
                MXI2DX4M  0.341280  
                MXI2DX8M  0.682560  
                MXI2DXLM  0.042660  
                MXI2X12M  1.023840  
                 MXI2X1M  0.085320  
                 MXI2X2M  0.170640  
                 MXI2X3M  0.255960  
                 MXI2X4M  0.341280  
                 MXI2X6M  0.511920  
                 MXI2X8M  0.682560  
                 MXI2XLM  0.042660  
                 MXI3X1M  0.085320  
                 MXI3X2M  0.170640  
                 MXI3X4M  0.341280  
                 MXI3X8M  0.682560  
                 MXI3XLM  0.042660  
                 MXI4X1M  0.085320  
                 MXI4X2M  0.170640  
                 MXI4X4M  0.341280  
                 MXI4X8M  0.682560  
                 MXI4XLM  0.042660  
              NAND2BX12M  1.023840  
               NAND2BX1M  0.085320  
               NAND2BX2M  0.170640  
               NAND2BX4M  0.341280  
               NAND2BX8M  0.682560  
               NAND2BXLM  0.042660  
               NAND2X12M  1.023840  
                NAND2X1M  0.085320  
                NAND2X2M  0.170640  
                NAND2X3M  0.255960  
                NAND2X4M  0.341280  
                NAND2X5M  0.426600  
                NAND2X6M  0.511920  
                NAND2X8M  0.682560  
                NAND2XLM  0.042660  
               NAND3BX1M  0.085320  
               NAND3BX2M  0.170640  
               NAND3BX4M  0.341280  
               NAND3BXLM  0.042660  
               NAND3X12M  1.023840  
                NAND3X1M  0.085320  
                NAND3X2M  0.170640  
                NAND3X3M  0.255960  
                NAND3X4M  0.341280  
                NAND3X6M  0.511920  
                NAND3X8M  0.682560  
                NAND3XLM  0.042660  
              NAND4BBX1M  0.085320  
              NAND4BBX2M  0.170640  
              NAND4BBX4M  0.341280  
              NAND4BBXLM  0.042660  
               NAND4BX1M  0.085320  
               NAND4BX2M  0.170640  
               NAND4BX4M  0.341280  
               NAND4BXLM  0.042660  
               NAND4X12M  1.023840  
                NAND4X1M  0.085320  
                NAND4X2M  0.170640  
                NAND4X4M  0.341280  
                NAND4X6M  0.511920  
                NAND4X8M  0.682560  
                NAND4XLM  0.042660  
               NOR2BX12M  1.023840  
                NOR2BX1M  0.085320  
                NOR2BX2M  0.170640  
                NOR2BX4M  0.341280  
                NOR2BX8M  0.682560  
                NOR2BXLM  0.042660  
                NOR2X12M  1.023840  
                 NOR2X1M  0.085320  
                 NOR2X2M  0.170640  
                 NOR2X3M  0.255960  
                 NOR2X4M  0.341280  
                 NOR2X5M  0.426600  
                 NOR2X6M  0.511920  
                 NOR2X8M  0.682560  
                 NOR2XLM  0.042660  
                NOR3BX1M  0.085320  
                NOR3BX2M  0.170640  
                NOR3BX4M  0.341280  
                NOR3BXLM  0.042660  
                NOR3X12M  1.023840  
                 NOR3X1M  0.085320  
                 NOR3X2M  0.170640  
                 NOR3X4M  0.341280  
                 NOR3X6M  0.511920  
                 NOR3X8M  0.682560  
                 NOR3XLM  0.042660  
               NOR4BBX1M  0.085320  
               NOR4BBX2M  0.170640  
               NOR4BBX4M  0.341280  
               NOR4BBXLM  0.042660  
                NOR4BX1M  0.085320  
                NOR4BX2M  0.170640  
                NOR4BX4M  0.341280  
                NOR4BXLM  0.042660  
                NOR4X12M  1.023840  
                 NOR4X1M  0.085320  
                 NOR4X2M  0.170640  
                 NOR4X4M  0.341280  
                 NOR4X6M  0.511920  
                 NOR4X8M  0.682560  
                 NOR4XLM  0.042660  
                 OA21X1M  0.085320  
                 OA21X2M  0.170640  
                 OA21X4M  0.341280  
                 OA21X8M  0.682560  
                 OA21XLM  0.042660  
                 OA22X1M  0.085320  
                 OA22X2M  0.170640  
                 OA22X4M  0.341280  
                 OA22X8M  0.682560  
                 OA22XLM  0.042660  
               OAI211X1M  0.085320  
               OAI211X2M  0.170640  
               OAI211X4M  0.341280  
               OAI211X8M  0.682560  
               OAI211XLM  0.042660  
               OAI21BX1M  0.085320  
               OAI21BX2M  0.170640  
               OAI21BX4M  0.341280  
               OAI21BX8M  0.682560  
               OAI21BXLM  0.042660  
                OAI21X1M  0.085320  
                OAI21X2M  0.170640  
                OAI21X3M  0.255960  
                OAI21X4M  0.341280  
                OAI21X6M  0.511920  
                OAI21X8M  0.682560  
                OAI21XLM  0.042660  
               OAI221X1M  0.085320  
               OAI221X2M  0.170640  
               OAI221X4M  0.341280  
               OAI221XLM  0.042660  
               OAI222X1M  0.085320  
               OAI222X2M  0.170640  
               OAI222X4M  0.341280  
               OAI222XLM  0.042660  
                OAI22X1M  0.085320  
                OAI22X2M  0.170640  
                OAI22X4M  0.341280  
                OAI22X8M  0.682560  
                OAI22XLM  0.042660  
              OAI2B11X1M  0.085320  
              OAI2B11X2M  0.170640  
              OAI2B11X4M  0.341280  
              OAI2B11XLM  0.042660  
               OAI2B1X1M  0.085320  
               OAI2B1X2M  0.170640  
               OAI2B1X4M  0.341280  
               OAI2B1X8M  0.682560  
               OAI2B1XLM  0.042660  
               OAI2B2X1M  0.085320  
               OAI2B2X2M  0.170640  
               OAI2B2X4M  0.341280  
               OAI2B2X8M  0.682560  
               OAI2B2XLM  0.042660  
              OAI2BB1X1M  0.085320  
              OAI2BB1X2M  0.170640  
              OAI2BB1X4M  0.341280  
              OAI2BB1XLM  0.042660  
              OAI2BB2X1M  0.085320  
              OAI2BB2X2M  0.170640  
              OAI2BB2X4M  0.341280  
              OAI2BB2X8M  0.682560  
              OAI2BB2XLM  0.042660  
                OAI31X1M  0.085320  
                OAI31X2M  0.170640  
                OAI31X4M  0.341280  
                OAI31XLM  0.042660  
                OAI32X1M  0.085320  
                OAI32X2M  0.170640  
                OAI32X4M  0.341280  
                OAI32XLM  0.042660  
                OAI33X1M  0.085320  
                OAI33X2M  0.170640  
                OAI33X4M  0.341280  
                OAI33XLM  0.042660  
                 OR2X12M  1.023840  
                  OR2X1M  0.085320  
                  OR2X2M  0.170640  
                  OR2X4M  0.341280  
                  OR2X6M  0.511920  
                  OR2X8M  0.682560  
                 OR3X12M  1.023840  
                  OR3X1M  0.085320  
                  OR3X2M  0.170640  
                  OR3X4M  0.341280  
                  OR3X6M  0.511920  
                  OR3X8M  0.682560  
                 OR4X12M  1.023840  
                  OR4X1M  0.085320  
                  OR4X2M  0.170640  
                  OR4X4M  0.341280  
                  OR4X6M  0.511920  
                  OR4X8M  0.682560  
              SDFFHQNX1M  0.085320  
              SDFFHQNX2M  0.170640  
              SDFFHQNX4M  0.341280  
              SDFFHQNX8M  0.682560  
               SDFFHQX1M  0.085320  
               SDFFHQX2M  0.170640  
               SDFFHQX4M  0.341280  
               SDFFHQX8M  0.682560  
                SDFFHX1M  0.085320  
                SDFFHX2M  0.170640  
                SDFFHX4M  0.341280  
                SDFFHX8M  0.682560  
               SDFFNHX1M  0.085320  
               SDFFNHX2M  0.170640  
               SDFFNHX4M  0.341280  
               SDFFNHX8M  0.682560  
             SDFFNSRHX1M  0.085320  
             SDFFNSRHX2M  0.170640  
             SDFFNSRHX4M  0.341280  
             SDFFNSRHX8M  0.682560  
               SDFFQNX1M  0.085320  
               SDFFQNX2M  0.170640  
               SDFFQNX4M  0.341280  
                SDFFQX1M  0.085320  
                SDFFQX2M  0.170640  
                SDFFQX4M  0.341280  
              SDFFRHQX1M  0.085320  
              SDFFRHQX2M  0.170640  
              SDFFRHQX4M  0.341280  
              SDFFRHQX8M  0.682560  
               SDFFRQX1M  0.085320  
               SDFFRQX2M  0.170640  
               SDFFRQX4M  0.341280  
                SDFFRX1M  0.085320  
                SDFFRX2M  0.170640  
                SDFFRX4M  0.341280  
              SDFFSHQX1M  0.085320  
              SDFFSHQX2M  0.170640  
              SDFFSHQX4M  0.341280  
              SDFFSHQX8M  0.682560  
               SDFFSQX1M  0.085320  
               SDFFSQX2M  0.170640  
               SDFFSQX4M  0.341280  
             SDFFSRHQX1M  0.085320  
             SDFFSRHQX2M  0.170640  
             SDFFSRHQX4M  0.341280  
             SDFFSRHQX8M  0.682560  
               SDFFSRX1M  0.085320  
               SDFFSRX2M  0.170640  
               SDFFSRX4M  0.341280  
                SDFFSX1M  0.085320  
                SDFFSX2M  0.170640  
                SDFFSX4M  0.341280  
               SDFFTRX1M  0.085320  
               SDFFTRX2M  0.170640  
               SDFFTRX4M  0.341280  
                 SDFFX1M  0.085320  
                 SDFFX2M  0.170640  
                 SDFFX4M  0.341280  
              SEDFFHQX1M  0.085320  
              SEDFFHQX2M  0.170640  
              SEDFFHQX4M  0.341280  
              SEDFFHQX8M  0.682560  
              SEDFFTRX1M  0.085320  
              SEDFFTRX2M  0.170640  
              SEDFFTRX4M  0.341280  
                SEDFFX1M  0.085320  
                SEDFFX2M  0.170640  
                SEDFFX4M  0.341280  
              SMDFFHQX1M  0.085320  
              SMDFFHQX2M  0.170640  
              SMDFFHQX4M  0.341280  
              SMDFFHQX8M  0.682560  
                TBUFX12M  1.023840  
                TBUFX16M  1.365120  
                 TBUFX1M  0.085320  
                TBUFX20M  1.706400  
                TBUFX24M  2.047680  
                 TBUFX2M  0.170640  
                 TBUFX3M  0.255960  
                 TBUFX4M  0.341280  
                 TBUFX6M  0.511920  
                 TBUFX8M  0.682560  
                  TIEHIM  0.598920  
                  TIELOM  0.598920  
             TLATNCAX12M  1.023840  
             TLATNCAX16M  1.365120  
             TLATNCAX20M  1.706400  
              TLATNCAX2M  0.170640  
              TLATNCAX3M  0.255960  
              TLATNCAX4M  0.341280  
              TLATNCAX6M  0.511920  
              TLATNCAX8M  0.682560  
              TLATNSRX1M  0.085320  
              TLATNSRX2M  0.170640  
              TLATNSRX4M  0.341280  
           TLATNTSCAX12M  1.023840  
           TLATNTSCAX16M  1.365120  
           TLATNTSCAX20M  1.706400  
            TLATNTSCAX2M  0.170640  
            TLATNTSCAX3M  0.255960  
            TLATNTSCAX4M  0.341280  
            TLATNTSCAX6M  0.511920  
            TLATNTSCAX8M  0.682560  
                TLATNX1M  0.085320  
                TLATNX2M  0.170640  
                TLATNX4M  0.341280  
               TLATSRX1M  0.085320  
               TLATSRX2M  0.170640  
               TLATSRX4M  0.341280  
                 TLATX1M  0.085320  
                 TLATX2M  0.170640  
                 TLATX4M  0.341280  
                XNOR2X1M  0.085320  
                XNOR2X2M  0.170640  
                XNOR2X4M  0.341280  
                XNOR2X8M  0.682560  
                XNOR2XLM  0.042660  
                XNOR3X1M  0.085320  
                XNOR3X2M  0.170640  
                XNOR3X4M  0.341280  
                XNOR3X8M  0.682560  
                XNOR3XLM  0.042660  
                 XOR2X1M  0.085320  
                 XOR2X2M  0.170640  
                 XOR2X3M  0.255960  
                 XOR2X4M  0.341280  
                 XOR2X8M  0.682560  
                 XOR2XLM  0.042660  
                 XOR3X1M  0.085320  
                 XOR3X2M  0.170640  
                 XOR3X4M  0.341280  
                 XOR3X8M  0.682560  
                 XOR3XLM  0.042660  618  
# Cells in .lib with max_fanout: 0  
SDC max_cap: N/A  
SDC max_tran: 300.000000 ps  
SDC max_fanout: 16  
Default Ext. Scale Factor: 1.000  
Detail Ext. Scale Factor: 1.000  

==============================
Floorplan/Placement Information
==============================
Total area of Standard cells: 4314.959 um^2  
Total area of Standard cells(Subtracting Physical Cells): 4314.959 um^2  
Total area of Macros: 0.000 um^2  
Total area of Blockages: 0.000 um^2  
Total area of Pad cells: 0.000 um^2  
Total area of Core: 5691.194 um^2  
Total area of Chip: 9047.814 um^2  
Effective Utilization: 7.6651e-01  
Number of Cell Rows: 26  
% Pure Gate Density #1 (Subtracting BLOCKAGES): 75.818%  
% Pure Gate Density #2 (Subtracting BLOCKAGES and Physical Cells): 75.818%  
% Pure Gate Density #3 (Subtracting MACROS): 75.818%  
% Pure Gate Density #4 (Subtracting MACROS and Physical Cells): 75.818%  
% Pure Gate Density #5 (Subtracting MACROS and BLOCKAGES): 75.818%  
% Pure Gate Density #6 ((Unpreplaced Standard Inst + Unpreplaced Block Inst + Unpreplaced Black Blob Inst + Fixed Clock Inst Area) / (Free Site Area + Fixed Clock Inst Area) for insts are placed): 76.651%  
% Core Density (Counting Std Cells and MACROs): 75.818%  
% Core Density #2(Subtracting Physical Cells): 75.818%  
% Chip Density (Counting Std Cells and MACROs and IOs): 47.691%  
% Chip Density #2(Subtracting Physical Cells): 47.691%  
# Macros within 5 sites of IO pad: No  
Macro halo defined?: No  

==============================
Wire Length Distribution
==============================
Total METAL1 wire length: 197.2100 um  
Total METAL2 wire length: 2636.3100 um  
Total METAL3 wire length: 2130.7700 um  
Total METAL4 wire length: 222.2200 um  
Total METAL5 wire length: 0.0000 um  
Total METAL6 wire length: 0.0000 um  
Total METAL7 wire length: 0.0000 um  
Total METAL8 wire length: 0.0000 um  
Total wire length: 5186.5100 um  
Average wire length/net: 12.1464 um  
Area of Power Net Distribution: 
    ------------------------------
    Area of Power Net Distribution
    ------------------------------
    Layer Name  Area of Power Net  Routable Area  Percentage  
    METAL1  274.6016  5691.1936  4.8250%  
    METAL2  0.0000  5691.1936  0.0000%  
    METAL3  0.0000  5691.1936  0.0000%  
    METAL4  754.4000  5691.1936  13.2556%  
    METAL5  0.0000  5691.1936  0.0000%  
    METAL6  0.0000  5691.1936  0.0000%  
    METAL7  0.0000  5691.1936  0.0000%  
    METAL8  0.0000  5691.1936  0.0000%  For more information click here  
